gene_symbol	D_meta	P_diffusion	group
TBXAS1	4.827881738087566	0.0034121279108295165	CAP_up
CYP2J2	-2.9833846100930943	0.003358289607173569	CAP_down
ALOX12	0.3016642862804488	0.0033325236253250686	background
ALOX15	-2.7889519465800627	0.003283893711067008	CAP_down
CBR1	0.0968055239949732	0.0032450508343406567	background
CYP19A1	13.374723966931665	0.0032185356565339164	CAP_up
AKR1C3	-2.180250112530445	0.0031937788417930684	CAP_down
ALOX5	12.526562700042788	0.003178627540437631	CAP_up
CYP2D6	-0.6449111382013923	0.003176340494531014	background
PTGS1	0.8466400602283717	0.003140600336123168	background
DUSP3	5.440533290801399	0.0031209523390071485	CAP_up
ABCB1	-13.98379645422544	0.003092023921011765	CAP_down
CES1	3.766663348326701	0.00309073630983462	CAP_up
NR3C2	-12.286938877169694	0.0030857672229797975	CAP_down
FABP5	1.132016530847752	0.0030585157713419694	CAP_up
CYP2E1	-10.058253738494844	0.0030380116257970073	CAP_down
PTGS2	3.319579032852584	0.0030274858926118324	CAP_up
MAP3K8	1.8923037529586144	0.00302737636946578	CAP_up
ESR2	-0.5411405574329615	0.0030139847661426345	background
PTPRF	-0.0816822989354917	0.003007369134457256	background
SLC22A1	4.824106645122112	0.003004069005999572	CAP_up
ADORA2B	5.350097184565041	0.0029961635793715816	CAP_up
CHRNA7	1.3615958723338768	0.0029834256590419456	CAP_up
PPARD	-1.6218526434044302	0.0029646931784809384	CAP_down
CES2	-0.0775445996719681	0.0029620613119676355	background
PTPN1	2.703114998279936	0.0029531775397906115	CAP_up
NR3C1	0.3068963728069246	0.0029485096970018674	background
SIRT2	0.8169149739791922	0.002928494027842906	background
AKR1B1	-1.4105089538867102	0.0029217555555948104	CAP_down
CNR2	-6.185438670441256	0.002918864009536655	CAP_down
GRM2	-3.223776743045755	0.0029142617027075593	CAP_down
GAA	1.3952609264137197	0.002910529573347513	CAP_up
MAPKAPK2	5.645839871864881	0.0029068295682174784	CAP_up
PDPK1	0.6506423262724897	0.0028944052942461557	background
ADORA2A	1.9408980899803832	0.00289059467463231	CAP_up
OXTR	-0.0461136355557829	0.002881562562769598	background
HIF1A	4.7586034214000765	0.002873029896314528	CAP_up
MAP2K1	0.6127710296463811	0.002872628282080396	background
MGAM	26.60651338627381	0.0028706841047597205	CAP_up
ESR1	-0.5029685559647539	0.002869214979788065	background
CARM1	-0.2640707113343388	0.002868059058468233	background
INSR	0.0726167361327096	0.0028649726475351496	background
CYP1B1	15.077366661105462	0.0028643995286037833	CAP_up
MAPK14	23.722077122235373	0.0028633475690459584	CAP_up
STAT3	8.985665464670035	0.0028573530629371234	CAP_up
CNR1	0.5457083352367241	0.0028568080125485487	background
RXRA	3.936495489799202	0.002855114970441022	CAP_up
FLT4	-12.621754571410326	0.002843800409347921	CAP_down
MAP2K7	-0.0427482209922996	0.0028426268136312973	background
THRA	-1.354766799905378	0.0028409654564418474	CAP_down
ERBB2	-8.855604564586617	0.0028371278047911626	CAP_down
CTSL	1.093309450105476	0.002836423457293895	CAP_up
HDAC6	-0.0068118774423692	0.002835660821452035	background
AR	-0.3893556195578196	0.002833655168351653	background
BRAF	0.0261409997295109	0.0028314386103281248	background
PPARG	21.56642409014165	0.002829660928777147	CAP_up
MAPK1	2.216455866588377	0.0028286723244517692	CAP_up
IGF1R	1.12196391048529	0.0028272443442920545	CAP_up
PTPN11	-0.179369398580359	0.0028251695729591005	background
TRPV1	-2.0708401820774003	0.0028241306043027097	CAP_down
NQO1	-0.0193345743502268	0.0028233511866714994	background
CTSD	13.000027579216626	0.0028216856925602626	CAP_up
GRK6	5.40932544307259	0.0028207834173168437	CAP_up
PTPN2	0.1907088488613856	0.0028207787671836533	background
NFKB1	3.1323617676479927	0.0028128708145676454	CAP_up
PIK3CG	2.6982537799871102	0.002812606605471356	CAP_up
PTK2	0.5467088889306354	0.00281094530503076	background
AXL	-15.472639333479556	0.0028099142090402987	CAP_down
KDM2A	1.9360220360262568	0.0028082170156814466	CAP_up
PIK3CA	0.9670210812297146	0.002802718923866316	background
MCL1	4.185856457652933	0.002798543465251131	CAP_up
HDAC3	0.0396139594832093	0.00279609022803135	background
SRC	-0.3761376298274456	0.0027945306547743102	background
SOAT1	1.1400249036338046	0.002792765034107911	CAP_up
KIT	-6.7048017094735854	0.0027917404140051453	CAP_down
RELA	0.6661475183408505	0.002791657518763342	background
PKN1	0.1666300268631895	0.002788641663820671	background
EGLN1	2.53941141674929	0.002780632826343034	CAP_up
PTPN6	3.672638650862057	0.002780439342579341	CAP_up
FYN	-4.375335771479016	0.0027789968749406344	CAP_down
ESRRA	1.678183727045154	0.002778295601107732	CAP_up
FUCA1	-0.0177180459594176	0.002777954886391071	background
PIK3CB	4.607086967313807	0.002777868473078366	CAP_up
DPP4	-8.22162102655599	0.002777187519229912	CAP_down
SOAT2	-10.49047278819064	0.0027753315744157027	CAP_down
HSP90AA1	1.2013066480215957	0.0027742620823772756	CAP_up
MMP9	39.54433407936886	0.0027734375726847353	CAP_up
MAPT	-3.454996133054559	0.002773154608396976	CAP_down
KDM5C	0.8360895239962538	0.002773048886966266	background
HDAC8	-2.071827345950945	0.002772369204881717	CAP_down
FLT3	1.7677334004244143	0.0027722875091686864	CAP_up
PPARA	-1.2270600576745911	0.002769990038767452	CAP_down
DYRK1A	0.2795622283641725	0.002767744293402115	background
BCL2	-4.28360971890568	0.0027673438541471456	CAP_down
GSK3B	1.3252647928563748	0.002767034816741354	CAP_up
EPHX2	-13.84420788709468	0.002766264040161693	CAP_down
AKT1	-0.1020314093023244	0.002765811228720322	background
PARP1	-0.8463263415526002	0.002765807960029129	background
CTBP2	2.0087228243853645	0.0027652226453611884	CAP_up
SMAD3	-3.772152364830391	0.002763430823100307	CAP_down
BCL2L1	-1.089584687623876	0.00276325814366696	CAP_down
KCNH2	-0.0685867865132253	0.0027618698073293185	background
HSP90AB1	-0.1464171200408133	0.0027608042863498314	background
ADRB2	-1.7710489107369765	0.002759897823955049	CAP_down
HCAR2	5.124743038585237	0.00275607841306423	CAP_up
DAPK1	0.1829451357966932	0.0027527489683454795	background
MAPK9	-0.37494949691426	0.0027489375994882138	background
GSTP1	-0.0778615489799367	0.002746144479165818	background
ALPL	36.29318307752639	0.0027442195912683104	CAP_up
EP300	3.1368796175707856	0.002743078804502292	CAP_up
MAP3K7	0.0199879049271267	0.002741863575325045	background
MMP14	0.24896293989544	0.002739854295885482	background
HDAC1	-0.0139092063031892	0.002739533853289268	background
MPG	0.211980501269019	0.002739140933033058	background
HDAC2	-0.0337509732966977	0.0027323281817792115	background
CXCL8	0.3941913686600018	0.0027318782807292624	background
EHMT2	-0.6725884376945802	0.002728044170739419	background
BCR	0.1139179125009183	0.0027264131395942862	background
HSPA1A	9.058350014448372	0.00272421922780939	CAP_up
XIAP	0.7606111380344147	0.0027186990668928435	background
SYK	5.35872109226162	0.002718023833108181	CAP_up
MPO	10.922805297745882	0.0027172230933817988	CAP_up
POLB	0.3373783267196455	0.0027170789146655485	background
PRKCA	-2.441881639057287	0.002714668570302353	CAP_down
ANPEP	13.2171468389439	0.002714518013441895	CAP_up
PIM1	0.2537302034451948	0.0027144784425059275	background
PTAFR	3.6844022606397298	0.0027144479293107378	CAP_up
APP	0.7504062975486834	0.00271438416825702	background
CA2	0.3198051069791586	0.0027133355325956324	background
PRMT1	-0.3563093190606047	0.0027096260072234164	background
CCR4	-0.9242177197219222	0.002706719155823539	background
TLR2	10.03130433261311	0.0027063785270290954	CAP_up
ODC1	-0.8205407526063416	0.0026990413628198654	background
APEX1	-2.029687553395318	0.0026986176324180888	CAP_down
CD38	0.3654759955573128	0.002696534977847156	background
PTK2B	7.310080070127613	0.00269595214694514	CAP_up
PNP	1.0362592495091318	0.002693635825070049	CAP_up
DNMT1	-1.386105801478021	0.002691128750515953	CAP_down
KAT2B	0.1640898594589212	0.002691032292654319	background
CDC25B	-2.947050788821812	0.0026881490682638216	CAP_down
DNMT3B	-0.048023788739449	0.0026857713123283997	background
PTPRS	-11.684818441111718	0.0026792577380087067	CAP_down
ALDH2	0.2550001443878973	0.0026780572035332625	background
TNKS	-0.103970148742662	0.002675829823379451	background
HSPA8	-1.7768904600065438	0.0026739741434946445	CAP_down
NT5E	-12.612160995744423	0.0026735044638556975	CAP_down
CA1	7.228239441831826	0.002670295586235942	CAP_up
GRIK5	0.1031040463443543	0.0026687594389163565	background
AOC3	3.1804118765575664	0.002668312831113393	CAP_up
RORC	-12.105583856092698	0.002667582300682594	CAP_down
PDE4D	-0.357572620004054	0.002666998056536087	background
AURKA	6.649173468111759	0.002660286352562439	CAP_up
GPR35	-0.225733535641474	0.002659914143157478	background
CA6	-5.494252151112398	0.002659712957273303	CAP_down
EPHB4	0.128607643592738	0.0026568489616535743	background
MGLL	0.3960334371590985	0.0026564373092942246	background
HKDC1	-4.67786753293958	0.0026547147792813264	CAP_down
TOP2A	4.8842193837484	0.0026538584866128328	CAP_up
PHF8	0.0409310304199973	0.002652224711058346	background
CDK6	-0.7435097104526827	0.002651235089669961	background
FASN	-0.1516463546983722	0.002650031451016349	background
DHFR	5.199669405368779	0.0026387272724601035	CAP_up
GLO1	-0.3113523515906433	0.0026369265725904654	background
IDO1	-1.8245582362800847	0.0026348177734878448	CAP_down
CSNK2A1	-0.201276641804143	0.0026326201285420633	background
HMGCR	3.508624452324081	0.002632300887892199	CAP_up
PCNA	1.3568439091818685	0.0026297055621016495	CAP_up
CXCR1	12.302028521785353	0.0026271692051430045	CAP_up
UBE2N	-0.3110264736588725	0.002625598788583952	background
AURKB	7.64144840049476	0.0026252035190128184	CAP_up
PDE4B	0.1478551320160646	0.0026229355019496024	background
ADORA3	1.37218909034637	0.002619819066374025	CAP_up
PYGL	17.429165197458	0.002618975399266583	CAP_up
PLK4	0.5538475755925809	0.0026118163788323317	background
TGM2	-3.1134984377285733	0.002610132944416194	CAP_down
IDH1	7.735023431339663	0.002607644704409748	CAP_up
NEK2	6.727744509372695	0.0026056811530786816	CAP_up
VCP	1.9771595302933875	0.0026045796413380023	CAP_up
PLK1	2.9476734145369687	0.0026030088353937155	CAP_up
TOP1	3.165803975933544	0.002601933430898398	CAP_up
ABCC1	-0.0979415126242888	0.002599667876077334	background
PDE5A	0.1927732285117557	0.0025974694895290608	background
LDHA	9.83696981019296	0.0025959142987961002	CAP_up
KDM7A	3.753365892499261	0.002594456799180002	CAP_up
FUT7	13.766288179873497	0.002585928427986288	CAP_up
MAN1B1	-0.0718619325979056	0.002585351829275198	background
NUAK1	-4.737162584151073	0.002583443187770278	CAP_down
KMT2A	-3.696821485163228	0.0025795992155091454	CAP_down
ADRA2A	-0.0542547151003605	0.0025795227616569284	background
APOBEC3G	-0.0407223018651157	0.002579145175100746	background
NEK6	1.5529514791938683	0.002568863957882903	CAP_up
ACP1	-1.2243241565366938	0.002564413500208982	CAP_down
EBP	0.0349684384176819	0.002564197421170639	background
MIF	-0.2380463779724543	0.0025601478830466675	background
GPBAR1	-0.3279175807954128	0.0025586772024008093	background
POLA1	-1.1310975179635745	0.002550907260790967	CAP_down
SAE1	-0.2140387584178418	0.0025499556644122635	background
XPO1	0.0446698386682681	0.0025423801540104783	background
ATR	-2.56914701140062	0.002539577703010009	CAP_down
GBA2	1.9143972717321576	0.0025148924372386167	CAP_up
CA4	33.509087643252144	0.0025099780703214886	CAP_up
CA13	-0.294062990772713	0.0024630541871921183	background
CA5B	-6.812892365363047	0.0024630541871921183	CAP_down
FMO4	-5.566820615700968	0.0015881702475202396	CAP_down
VRK3	0.7660548897551567	0.001560476169839727	background
HSD11B1L	-0.3506186693175769	0.00155358803039135	background
SPNS3	-4.4056724332553365	0.0015020345031857077	CAP_down
CHRFAM7A	3.404763882526768	0.0014917128300494067	CAP_up
NCOA7	0.8617752223425619	0.001469531977625939	background
GPRC5C	1.4334293420390627	0.0014571308518574334	CAP_up
ATAT1	-0.3510685368584694	0.0014404493844212792	background
NCEH1	-0.1120050765755103	0.0014323893452385277	background
CNRIP1	-0.1076725780545965	0.0014284040066691486	background
TCF20	0.3194180866524622	0.0014168275843996522	background
ZNF467	7.626520399964983	0.0014148304646538004	CAP_up
AFAP1	-4.998548636609556	0.0013972653277854786	CAP_down
CLEC11A	0.0927002998692553	0.0013958702074398826	background
TTC9C	0.0495627102289166	0.0013871310413902228	background
ECM1	3.232162652610743	0.00138671878676763	CAP_up
FIZ1	-0.2331246115189502	0.001386143754984738	background
GLCCI1	-0.1592494336053505	0.0013838721469304383	background
TSSK6	-0.0378287025642408	0.0013835530752723652	background
SPNS1	-0.7096748786156691	0.0013826260970397745	background
ZNF165	-0.8870363220083045	0.0013817154118087249	background
RNF207	-3.703818000506672	0.0013809349039140975	CAP_down
PRXL2A	-5.325726871029694	0.0013804021433493389	CAP_down
GPRASP1	-8.303058116761543	0.0013799489123364306	CAP_down
SUCNR1	8.371298661345275	0.0013780392066054955	CAP_up
DAP	1.7428122176621956	0.0013763744844936105	CAP_up
LILRA5	19.05045299307304	0.0013745475807375722	CAP_up
ANKH	-1.5565012565581895	0.0013721097957918077	CAP_down
ZNF296	-0.0784261840030026	0.0013586115471341082	background
PIM2	0.11165842051723	0.0013572392213725849	background
TMCC2	0.8917483631714427	0.001357192084400688	background
SLC4A8	-5.3557271367071575	0.0013566677664108944	CAP_down
MARCO	1.0339847136672788	0.001353189263948912	CAP_up
PHLDA1	0.0607860522525182	0.001330143176492133	background
ZFAND1	-1.954452652532205	0.0013022898207432838	CAP_down
MANEA	-0.6236864352510041	0.00129267591462873	background
TASP1	-5.261260439492103	0.001289799607880142	CAP_down
MLLT11	-1.807213302986852	0.001289799607880142	CAP_down
GPER1	6.360708164847315	0.0012371177729822123	CAP_up
SP3	1.1815882027718163	0.0011354486530361764	CAP_up
RERE	1.718612764205837	0.0011278350237550298	CAP_up
RAD54L2	-1.0438486922189147	0.0010952247549236055	CAP_down
CYP2U1	-8.513360342703864	0.0010832193449215356	CAP_down
DNTTIP1	9.108523110676929	0.0010499534273990614	CAP_up
ZNF148	0.8794059168365558	0.0010269274658211167	background
CYP4F3	14.912128150618065	0.0010014921558161845	CAP_up
LILRB5	1.044481079791158	0.0009911398649827623	CAP_up
CBR3	-3.609222954750445	0.0009901871042829512	CAP_down
UNC45A	0.8257141430005215	0.000989773516580867	background
COTL1	4.904731184380973	0.0009786992691961094	CAP_up
CTSO	-6.080039000814286	0.000978521694922131	CAP_down
PTPRA	0.0895255015270621	0.0009302283647369934	background
FMO5	-0.4149612244480528	0.0009293074208786185	background
ALOX15B	0.8387206285407043	0.000925619896786443	background
TRERF1	-0.2355262722763995	0.0009241733942313793	background
SIVA1	-0.634921595499887	0.0009149443846688167	background
CHD9	-0.4413888096983611	0.000908722141026356	background
AKR1C1	-0.7752141850298521	0.0008813761018908242	background
MIER1	2.170662277269221	0.0008714000876438951	CAP_up
MAP3K13	0.5282652831132415	0.000871022014621983	background
PLPP6	-1.5633423555186443	0.0008705868664229242	CAP_down
PLPP1	-3.1214424556197846	0.0008544324884563079	CAP_down
GPR18	-4.131562949672551	0.000850806144688543	CAP_down
GREB1	0.4990585686923972	0.000844635838189185	background
NECAB2	6.419893805099455	0.0008398644716990981	CAP_up
CHORDC1	-0.2207019541038805	0.000834811298141527	background
SRD5A1	0.0739820748089663	0.0008347318833350579	background
RHBDD1	-0.0811991744744431	0.000834707198500914	background
SHB	-0.0203139038927258	0.0008277768822489377	background
ZC3H12D	-5.518938148409078	0.0008240845471227589	CAP_down
FUCA2	0.4116128835298387	0.0008237051508175915	background
PTPN7	0.2447965298419487	0.0008194932519452987	background
ZNF516	6.221331328048256	0.0008140131266000182	CAP_up
SH3RF1	0.0340465311293107	0.0008106142529227672	background
UNC5B	-0.485273532304224	0.0008048910049816647	background
CITED4	4.033869192205978	0.000802329288653971	CAP_up
DCXR	-0.0729112554563157	0.0008009782862831112	background
HEATR6	-0.37506209799771	0.0008006082959234293	background
TOMM34	-0.028882062816893	0.0007974071705608421	background
DUSP19	-0.2606208356364672	0.0007966948537333706	background
TNS3	0.4459631874638937	0.0007906042033997548	background
MPIG6B	0.5120919219084731	0.0007875356143315288	background
NBPF3	-2.4982478570296656	0.0007811291952954761	CAP_down
GRB14	-0.1277611028260076	0.0007780602454630831	background
ITM2B	2.824509297450611	0.0007769155654103383	CAP_up
TIPARP	2.20528071651981	0.0007711280142771996	CAP_up
HCAR3	5.12908313854861	0.0007709759260358396	CAP_up
FAM199X	0.0895544481121436	0.00076512969430935	background
FKBPL	6.901409495726783	0.0007637115793754575	CAP_up
FAM120B	0.1088272440990167	0.000758743404471213	background
PPFIBP2	0.0028272730057816	0.0007579624016090851	background
FAM117B	-4.181248974797662	0.0007557375414782354	CAP_down
BOK	-7.71292346815701	0.000753598724335481	CAP_down
LRFN4	-0.0269310041492281	0.0007524673965192293	background
AHR	-0.4614534526139778	0.0007485720367928619	background
TMEM204	-9.140170327903183	0.0007419100729688021	CAP_down
GAB3	0.0473285372625339	0.000741803055031762	background
NAT1	5.464069964869217	0.0007369840127142528	CAP_up
NCOA2	0.5113924200917357	0.0007358217894733244	background
RECK	-5.916985042018093	0.0007327482517505831	CAP_down
EBAG9	-0.5461226660782659	0.0007317540946248256	background
HIC2	-0.99473456973312	0.000729651763141806	background
AKR7A2	-0.2066831957929169	0.0007288228216321637	background
PTGDS	-4.731678644245573	0.0007251945401295004	CAP_down
CUEDC2	0.3890281432816151	0.00072333718970416	background
TNS2	-0.314084943555036	0.0007182501358903884	background
HDHD3	-0.292393778613185	0.0007161173723584295	background
OAZ2	1.5605549423808966	0.0007160894252311115	CAP_up
PTPN18	0.0223272598268951	0.0007158637086615842	background
PMEPA1	-2.936176600810837	0.0007154206613318073	CAP_down
CMIP	4.251494189337221	0.0007107674529202889	CAP_up
NRIP1	-0.0688843978853719	0.0007094635310237043	background
SLC6A12	3.125074558922079	0.0007093415433051023	CAP_up
PRDM2	0.0744964381482461	0.0007062952600220864	background
UHRF2	-2.3033861979364243	0.0007037415253751442	CAP_down
DUSP8	-0.6882385171004852	0.00070183929500822	background
ZBTB32	0.2110561045895323	0.0006972945487137873	background
CLEC4A	1.7670244676569873	0.0006951412547438028	CAP_up
AIP	-0.175368506130296	0.0006949856278771798	background
HAGH	-2.06611474988627	0.0006945723431288553	CAP_down
PTS	0.1579941643654409	0.0006920538032585142	background
UCP3	-0.4276716905955715	0.0006913576915280383	background
AKR7A3	-4.701289592034672	0.0006902036925677509	CAP_down
SLC5A3	-1.9153008959390492	0.0006871916524495276	CAP_down
NKX3-1	-1.380635355707717	0.0006826006175622956	CAP_down
NCOA1	2.7584779910788315	0.0006804415305639072	CAP_up
PPP1R16A	-0.319951680029411	0.0006797139744207023	background
DUSP7	-1.195187571312968	0.0006710755788972319	CAP_down
MEMO1	-0.008943787075732	0.0006681795626468243	background
TGIF2	-0.8553143640877571	0.0006679209288452754	background
NFAT5	0.5609159222173012	0.0006638802232243569	background
PTGES2	-1.1258365622846642	0.0006610122926191753	CAP_down
MAP3K20	9.539885943243736	0.000652863553346966	CAP_up
DUSP16	0.2146916415706139	0.0006527345221985956	background
ST13	-1.5339137844611856	0.0006506241787729127	CAP_down
RNF14	-1.9400828515245585	0.0006490239861481711	CAP_down
TMEM63C	-0.3017922127202398	0.0006427271484692846	background
DUSP10	-0.1087191096658569	0.0006418507861429587	background
IER3	6.630131803604008	0.0006412278510189945	CAP_up
GNRH1	-0.2655764755291588	0.0006403596109194487	background
DUSP2	-0.5923093584818752	0.0006403140730857543	background
TGIF1	-1.1306450582034664	0.0006384597223394956	CAP_down
CTSH	-0.0072837463082819	0.0006368928574498514	background
ADIPOR1	0.9767976878515292	0.0006300192340404846	background
ITGB1BP2	0.000322295246127	0.0006221501164491805	background
CTSF	-7.208805958667915	0.00062173627617975	CAP_down
NEDD9	0.8253111408358053	0.0006170103177191258	background
LRFN3	-6.387911778486385	0.0006140742182927682	CAP_down
FRS3	0.0357423704323237	0.0006140458473315646	background
ZEB2	0.808049151822091	0.0006140412667203951	background
HOPX	-5.258645321752419	0.0006123458546693942	CAP_down
MVP	5.897445281096803	0.0006122973675930529	CAP_up
AVEN	-0.5169590813772937	0.0006033899661787136	background
GPR55	-1.4655743093079427	0.0006012985432536268	CAP_down
CDCP1	0.2252795144854475	0.000596334722228241	background
MGAM2	29.16407713541952	0.0005955273469853025	CAP_up
NR2E1	12.566451930895017	0.0005950340955359833	CAP_up
FCRL3	-10.263137137216107	0.000594200376723138	CAP_down
RTL10	-3.2171975718460413	0.0005940649784539486	CAP_down
VEGFB	-5.015387408848779	0.0005929441011545514	CAP_down
BACE2	-2.024569527416518	0.0005914625381725354	CAP_down
PTPN12	5.053577698197568	0.0005898943337529006	CAP_up
SETD6	-6.027507195807088	0.0005890120364450391	CAP_down
BCL2L12	0.1441680974788095	0.0005882226924652851	background
MACROH2A2	-8.635519530136829	0.0005874982525794521	CAP_down
USP19	0.9115107220107004	0.0005844363658551305	background
TACSTD2	6.672343310572084	0.0005832870217627266	CAP_up
EFNA4	0.9468659306541194	0.0005801974390833183	background
EFNA1	-0.1998719855829699	0.000574805374208343	background
TGFB1I1	1.425205509678059	0.0005739716319870961	CAP_up
ABCB4	-5.625036847413967	0.0005732440425006887	CAP_down
NFATC2IP	-0.8676499429220539	0.0005731475158088794	background
VEGFC	0.9906130599824736	0.0005724386592139963	background
TPCN1	-2.082459575832956	0.0005704512157975895	CAP_down
AMY2B	-0.6166580167057254	0.0005693026205057737	background
ZNF217	0.4237780838042831	0.0005690946706017561	background
FKBP4	-0.0998151592161215	0.000568713925322556	background
PDGFA	0.0907334604154582	0.0005656608010781192	background
CTSK	0.9120134037733696	0.0005632145708973998	background
SLC16A4	1.2710123154428226	0.000563207602809638	CAP_up
STS	1.1105914126803893	0.0005628705221895733	CAP_up
PDGFD	-7.804402648848031	0.0005622284548195443	CAP_down
KLF3	0.134433484634858	0.0005618318896828292	background
ARNT	1.2373150003935605	0.0005613638570094066	CAP_up
VKORC1L1	0.0522938741410262	0.0005612009745745718	background
GRB10	20.196432105813923	0.0005589290994471385	CAP_up
FAM53C	8.724397568511955	0.0005587313330062641	CAP_up
EREG	0.6649974740033823	0.0005575143315768921	background
DNPEP	-1.594665553189191	0.0005542699270287502	CAP_down
CTSC	0.4087078573167048	0.0005538749969906799	background
USP47	-0.0870563437813375	0.0005537193331439838	background
ABCC2	2.67786576753642	0.0005528327165723494	CAP_up
ZBTB24	-2.959497830305791	0.0005528086313528252	CAP_down
CITED2	0.690529880526619	0.000552155445767275	background
APBA3	0.0348136279371685	0.0005513421509424231	background
PTGFR	10.576037727011377	0.0005503377020862128	CAP_up
PDGFC	2.9517115108358096	0.000547483604818878	CAP_up
BNIPL	1.1949830987299472	0.000546625385764086	CAP_up
GAB2	5.407288753257795	0.0005463638380086077	CAP_up
SLC2A5	2.080937163719792	0.0005453504729709637	CAP_up
PRG4	-0.1010121442082944	0.0005427607498549614	background
LILRA2	7.671793810894187	0.0005424684266123642	CAP_up
LTA4H	7.356969871751504	0.0005385566927176671	CAP_up
FAM120C	-5.977219977743431	0.0005366908793411101	CAP_down
HIKESHI	-0.0915361075492725	0.0005362958081570007	background
NUDT13	-5.300174372949362	0.0005351304750611086	CAP_down
DNAJC18	-1.3392758052513485	0.0005344692651039833	CAP_down
AKIP1	-0.2332947293394977	0.0005342755711934975	background
SAFB2	0.4439677031744107	0.0005341571917885484	background
ZBTB7A	0.0286626695097036	0.0005330993322406274	background
HRK	-0.5958350725715211	0.0005315689933793507	background
NFKBID	1.421544011677352	0.0005303678969738885	CAP_up
PLA2G2D	-0.1244925378320157	0.0005297947679355229	background
PTGIR	-0.0380381432036392	0.0005283011055867298	background
ILKAP	-0.3176767681164514	0.0005245681846133218	background
GAB1	0.7726253165012482	0.0005241234192974202	background
APPL1	-0.5210746185673477	0.0005237594382819786	background
TTC4	-3.240919233209494	0.0005236109075467068	CAP_down
TENT5C	-0.0208908553692304	0.0005233025853955897	background
QRICH1	-0.7069881681302246	0.0005230686264051129	background
HELQ	-0.1922320825201884	0.0005221013333439535	background
CCDC170	-0.0487583994905623	0.0005215754438137659	background
PDGFB	-1.4840175494900594	0.0005205115866467589	CAP_down
NCOA3	1.086544483753297	0.0005201666833519026	CAP_up
NECAB3	0.0807789584120176	0.0005197524998361637	background
ANGPT1	-1.0508780282978858	0.0005196496089338196	CAP_down
CHRNA2	0.3908847699169698	0.000518815078235723	background
DAGLB	0.3592807126863562	0.0005188013002269027	background
PTPRU	0.5321952635910058	0.000518510442847898	background
ZNF638	0.0629338091440656	0.0005129676553823251	background
RCOR3	0.0577432065719749	0.0005127023470358698	background
OLAH	15.501869912961308	0.0005117805960614861	CAP_up
G0S2	10.737683806904847	0.0005116642497314093	CAP_up
ZNF644	-0.4733440679701945	0.0005112117620337963	background
ASIC3	-0.3802561550274754	0.0005102164141424251	background
LTB4R	13.847208010244742	0.0005059695526730494	CAP_up
BIK	8.12197232935152	0.0005058724654244559	CAP_up
ESD	-0.0088431720829964	0.0005058345161890384	background
CEP57	-0.7129827151549821	0.000504554248999108	background
DDAH2	15.555159293196027	0.0005038654903930812	CAP_up
DMTF1	-0.0829892201293134	0.0005034348772692466	background
CLEC5A	14.230050993229357	0.0005027796225900705	CAP_up
FKBP3	-0.1405443270825071	0.0005026754570242362	background
CHFR	1.2085689347093835	0.0005013109869761451	CAP_up
PIK3AP1	9.02643747437663	0.0005008290158685847	CAP_up
PITPNM2	-1.4658647831392566	0.0005006757947887201	CAP_down
XPR1	0.0246003241019818	0.0005006056192322693	background
KCTD9	-0.2644055203418172	0.0004998358455755185	background
PWWP2A	-0.0784474490936818	0.0004991913279166194	background
XPNPEP2	-1.929886394483173	0.0004988128371635334	CAP_down
FGR	11.36043632288922	0.0004984208588201647	CAP_up
RREB1	0.1185411363910303	0.0004980334360614631	background
PTK6	0.0660172657033407	0.0004968237280977444	background
MAP2K2	1.8562340850719323	0.0004967846721052419	CAP_up
PHRF1	-0.1336359325448008	0.0004950423451064531	background
SLK	1.5872802554267968	0.0004948557018914903	CAP_up
BORA	-0.3859211796794549	0.0004934763371900479	background
CTSZ	4.101401298869551	0.0004934259044484094	CAP_up
HELLS	-0.0294939595218155	0.0004933764385212088	background
APBB3	1.0097159537371143	0.0004924754592687154	CAP_up
GSE1	-3.005229366813584	0.0004916169916861075	CAP_down
TTC1	1.3841551786420352	0.0004908094381438952	CAP_up
CABP4	-8.001681463523965	0.0004905589495440006	CAP_down
ANXA6	-0.1894518957431236	0.0004903023924347195	background
DUSP5	0.4344602889899986	0.0004901800458663026	background
PAG1	2.8444479537902545	0.0004887368742655642	CAP_up
BMF	-0.0005677434600642	0.00048665167308099074	background
EPHX1	-0.0502214416681135	0.00048380738861811967	background
CEP41	-2.9391276189887905	0.00048335599518290406	CAP_down
UBXN11	-0.1059321937589501	0.00048229111370390657	background
TIMP2	10.881688945323692	0.0004820999334626754	CAP_up
DAGLA	-6.95926558043979	0.00048191663090520984	CAP_down
RIT1	9.188574343251256	0.000479946417433492	CAP_up
UCP2	-0.7190539071255082	0.0004785987133850582	background
FKBP5	9.638959920796324	0.0004779418610872107	CAP_up
MAPKAPK3	0.7366480412460972	0.00047714956742411356	background
SIGLEC9	8.233016583258348	0.00047588556205441137	CAP_up
BAZ2A	0.9549817193541495	0.000475229303238325	background
SH3PXD2B	2.7375051350347386	0.00047446676345741756	CAP_up
KDM4C	-1.3367620614048203	0.0004735016506961317	CAP_down
NFKBIZ	5.396848599982487	0.00047336865640202507	CAP_up
TOP2B	-0.6148131395967433	0.0004729943010856395	background
LRFN1	4.430278414797711	0.0004722786022948615	CAP_up
SP1	2.7036989891339243	0.0004722533487247966	CAP_up
NR2C1	-3.980326717880984	0.00047214148163243183	CAP_down
PELI3	-0.0054299630393219	0.00047100137899983447	background
TET1	-6.9100246750929495	0.00047075606801503557	CAP_down
PLA2G2C	-0.9148744119503792	0.0004687242392575181	background
LAIR1	1.2115521250159238	0.00046828418981712916	CAP_up
RNF103	0.1591458906666733	0.0004681773615194466	background
TNK2	0.9642121967865624	0.00046754833980146033	background
SH2B2	6.3088669389726135	0.0004667101562830533	CAP_up
ZMIZ1	1.1094264671127585	0.00046589759655802564	CAP_up
ELK1	0.1790291339739818	0.00046414940220820247	background
FBXO10	-0.2354431890496196	0.00046381209300156275	background
CIP2A	-0.0007663505687985	0.0004613895428629846	background
MAP2K4	1.2452472523062417	0.0004597464024991941	CAP_up
PPFIBP1	-3.633299811327976	0.00045734157044876754	CAP_down
ADIPOR2	0.7381305310842398	0.000457308282042386	background
CEBPD	10.81647411385923	0.0004545970786657527	CAP_up
RCC2	-0.4146311108224556	0.00045431340707104985	background
LILRB3	14.469264021307009	0.00045366230588126386	CAP_up
TGFA	14.834237142503005	0.00045309630417961124	CAP_up
AOC2	2.413568449298061	0.0004522990272607459	CAP_up
CTSB	2.592463968514928	0.00044959802311873685	CAP_up
HGF	3.8822441594687143	0.00044951503959532116	CAP_up
PIK3R6	-0.3010631674076785	0.0004494976100579481	background
RGPD6	-1.154650216507035	0.00044925802679620383	CAP_down
ADAM9	9.820748867108112	0.00044903054770308384	CAP_up
BAG1	0.0620882105816568	0.0004482714876372749	background
TPH1	-9.691324329018093	0.000448210471172018	CAP_down
MEF2C	-1.365114895466498	0.00044729659776704216	CAP_down
POU2F1	0.1078087459729249	0.0004472258114874079	background
IRS2	7.084797022544868	0.0004465114151272996	CAP_up
PITRM1	-0.4902244184815674	0.0004462139790181673	background
RFX2	6.651593304662692	0.00044595919709239503	CAP_up
NCOR2	0.450956167540397	0.0004457914542261217	background
BCL10	3.789594744113029	0.0004455768779421894	CAP_up
ZBTB18	0.4214514309191028	0.0004445649191094396	background
IGF1	0.8295114300627412	0.00044446273140088144	background
PELI2	2.854895041047283	0.0004428872670605659	CAP_up
PRKCQ	-6.284548282703903	0.00044274802654534564	CAP_down
FOXC1	6.6503148731592026	0.0004408542327710862	CAP_up
ERBB3	-9.643420124766978	0.0004408012392611902	CAP_down
HDDC2	-1.4626620458138075	0.00044064277118696226	CAP_down
MBD4	1.9022108917641949	0.0004405052350900434	CAP_up
TMBIM6	2.721466025792884	0.0004401515064407178	CAP_up
ALOX5AP	15.325111479828152	0.00044006752744963235	CAP_up
PLA2G4C	0.2282416982219386	0.00043902218453528263	background
FAAH	-3.3886427180566625	0.0004388349169381354	CAP_down
RFX1	0.6695897053267245	0.00043850541413029007	background
CYP27A1	0.6644580734899688	0.00043703391006359206	background
TPP2	-2.367166509074086	0.00043693778997054957	CAP_down
E2F7	2.9984300049876773	0.0004357333051158818	CAP_up
RNF123	0.1873876189654293	0.0004356689437354092	background
CDYL	-0.1055520232918633	0.00043556103083034696	background
TNFAIP6	29.18834488799126	0.0004351614571736322	CAP_up
PLIN5	11.975020748444578	0.00043475933404728165	CAP_up
PAX8	-0.0977360125393711	0.00043384766702577165	background
HBEGF	0.7061614430189702	0.00043375195083857976	background
ZFP36L1	1.656201014369204	0.00043325677701366416	CAP_up
SMOX	0.9822709576366916	0.0004320206121210361	background
PRCP	5.697805786293362	0.00043201696833398013	CAP_up
PBLD	0.6403393809592491	0.000430527753556872	background
PILRB	-0.8655053834490904	0.0004298857474837823	background
CCDC88A	-0.0366112687065611	0.0004291104457760481	background
CAV2	6.036978244844972	0.0004289817657305236	CAP_up
ZMYM3	-1.967393523821037	0.00042812608158202106	CAP_down
PARG	-0.1109512371681896	0.0004279036576135978	background
NAPEPLD	-3.1056985730054523	0.000427581146555815	CAP_down
REST	-0.0092041923478423	0.00042739653099705744	background
NRG1	-0.3867077353823552	0.00042724666197332153	background
BAD	1.5401051129455154	0.0004268570188784362	CAP_up
GSKIP	4.168043530475214	0.00042676082699324205	CAP_up
FCER1A	-30.06328293784842	0.00042551042243928487	CAP_down
CELF2	0.5194326521109979	0.0004252434959998668	background
SUGT1	-1.8885032766284875	0.0004250066406295843	CAP_down
PLA2G4B	-0.6384197343237539	0.00042316594950301075	background
AKAP12	-15.039380052261295	0.0004230505106203522	CAP_down
IRS1	0.020527208912739	0.0004230391861836023	background
CACNA1I	-4.782587628967045	0.0004229327569157085	CAP_down
BCL2A1	15.015207460590004	0.00042291117606988566	CAP_up
TNS1	-0.8584673153677622	0.00042132590808995914	background
TRIM8	2.6877273310384884	0.00042131901616467666	CAP_up
DHRS11	-1.4383965155516736	0.00042086491246744233	CAP_down
YES1	-3.833620099368285	0.0004198048201417604	CAP_down
AMDHD1	-1.565334381880892	0.0004194779758283384	CAP_down
IMPACT	-0.9824588978673814	0.00041932064111368134	background
PKN2	0.2633607610159835	0.00041851727743708094	background
SATB1	-3.0477617600365563	0.0004180101516036434	CAP_down
JMY	-5.80173843545434	0.000417915587988741	CAP_down
SFI1	-4.616913517346302	0.00041788745496274253	CAP_down
HSPB1	0.2162372140302511	0.00041748038223618657	background
RHBDL1	0.7534770287018607	0.00041735359940715995	background
S100A12	28.58104754851789	0.0004173100600931273	CAP_up
AKR1A1	0.0015407819875463	0.0004168452167356835	background
IGFBP3	-9.495903858153744	0.00041665519881290124	CAP_down
TCHP	0.1604621689105542	0.0004157291063365562	background
NAAA	-1.8502288513326732	0.0004154681380936847	CAP_down
NR4A1	-0.1662513479444378	0.00041544249744694976	background
APLP2	3.511269554161525	0.00041526317209881076	CAP_up
GSTK1	0.2553814854157955	0.00041440223929332937	background
FGF9	-12.045826550952988	0.00041392379290664314	CAP_down
NR1H3	-0.1402868661091921	0.00041269010122980184	background
DUSP12	-0.2070515883108995	0.00041267171295813224	background
DUSP6	-0.3043120166562497	0.0004124396326885164	background
GADD45A	13.048857242432929	0.0004122229448477296	CAP_up
INPPL1	2.901680217025674	0.0004110136215071407	CAP_up
CRKL	1.5651146472521185	0.00041074431507230434	CAP_up
ADA2	-0.9295285937071324	0.0004100679031853105	background
SLC25A19	-0.0227579261645808	0.0004090399781474875	background
S100A8	21.236043414972453	0.0004088395800557642	CAP_up
ARHGAP5	-2.6995246831327533	0.00040883185953040054	CAP_down
HIC1	-1.0210354232874277	0.000407397158461517	CAP_down
SMYD2	-2.539855031797785	0.00040696512983164524	CAP_down
ALDH8A1	-0.0238016186180031	0.0004067288678235152	background
SIRPG	-7.622105655428102	0.00040643283086161825	CAP_down
PRMT3	-0.5748952086974238	0.0004061750881433902	background
EDN1	0.2679456469113256	0.00040610652555076327	background
GMPR2	5.576686611810241	0.0004058538194322745	CAP_up
MAPK13	5.401988193545209	0.0004055169697875318	CAP_up
RAF1	4.349220418951076	0.0004050910417937819	CAP_up
DNAJC7	0.3605368084290482	0.0004047806489361758	background
GSK3A	1.3443515960914594	0.0004041365333647194	CAP_up
CEP70	-4.65303518714974	0.0004032582034709956	CAP_down
VKORC1	-0.0216640403599734	0.00040317311218089543	background
DNAJB2	-0.3864794142612525	0.00040242474195234816	background
CAMP	11.669623312435938	0.0004024221258918708	CAP_up
HSD17B8	-4.103861667513928	0.0004023220881829607	CAP_down
APEX2	-0.0524340920795031	0.00040169532901672167	background
BST1	13.499345647199563	0.0004007458495755116	CAP_up
CEBPB	11.587467663557634	0.0004004506702500135	CAP_up
SLC2A3	19.417008168578494	0.00040028282947400415	CAP_up
SHC1	0.6796485365750982	0.0004001981964746688	background
TPCN2	1.5048916474916212	0.00039943851252874086	CAP_up
ECE1	13.317565702171098	0.00039909426252442815	CAP_up
SPON1	-15.352417489577752	0.00039814552179695187	CAP_down
PPM1A	1.1307106670331746	0.00039790347760802357	CAP_up
DALRD3	-0.032286355664792	0.0003972138218530485	background
SAT2	0.0197238071017519	0.0003964399564664294	background
STMN1	-0.0282634539128222	0.0003962986174661595	background
FOXO1	-1.825445649049181	0.0003958630114003029	CAP_down
MEF2A	4.27231376524681	0.00039515631757161464	CAP_up
CD180	-0.0300086095717119	0.0003950534670211543	background
CNKSR2	-5.1430526190933215	0.00039457905482284607	CAP_down
CYBA	3.787222309368678	0.00039444543736182346	CAP_up
MAP3K10	-0.3353656188062615	0.00039438944515703003	background
SOS1	0.0189450640593142	0.00039378504742145707	background
CAPN10	-0.6997958408843772	0.00039371990471577284	background
APEH	0.0017162201149681	0.00039356386638884856	background
KLF2	0.1503406224823328	0.00039334897187836415	background
KDM3B	3.355756151076092	0.00039296059061280685	CAP_up
PPID	1.1212781931945657	0.0003928105554604403	CAP_up
EGR1	1.659004138342263	0.00039266218551525697	CAP_up
DNAJA4	-0.2827792022851008	0.00039259672463091614	background
MAPK11	-0.0022329189137953	0.00039252330740389356	background
PIK3R5	1.1743661614498695	0.0003923364365098057	CAP_up
PKN3	-0.0083259502420646	0.0003922257310865931	background
QDPR	-1.121154245885041	0.00039146212114407906	CAP_down
USF2	0.3735102944699361	0.0003914450763323054	background
BBC3	0.4462343441899777	0.0003907125625111283	background
KLF4	0.3076250319421732	0.0003903755882008404	background
TNIP2	1.4235975118773996	0.00039030322001767616	CAP_up
PRKCD	11.326374254408416	0.000389931721021394	CAP_up
RUNX2	-0.396816138234562	0.00038936333165782506	background
DAPK2	6.328834273271577	0.00038917457156480113	CAP_up
CRK	3.6575132094978153	0.0003891442838666368	CAP_up
FFAR2	15.886540341925608	0.00038871957459023107	CAP_up
CTSA	10.10828985520324	0.00038839692396040303	CAP_up
GPS2	0.3437508101566405	0.0003881483190755693	background
PILRA	4.283389663100683	0.0003880490798385462	CAP_up
LPXN	-1.1980352587997578	0.0003879513391182949	CAP_down
FGF2	1.7675315113120749	0.0003878335667625895	CAP_up
MKNK2	2.182850643818976	0.0003877369482143433	CAP_up
LILRA6	21.26378100964005	0.0003876740186105616	CAP_up
BRSK1	-2.540326582252473	0.0003870554871670201	CAP_down
BAHD1	-0.9277169531566754	0.0003864335651749209	background
ANP32B	-0.1435423894545182	0.0003861271154172143	background
NLRP12	9.592314371023155	0.00038579257121709124	CAP_up
KDM3A	0.0031885525036425	0.00038569297070416617	background
SGK2	-5.12478357110432	0.0003851134773113918	CAP_down
MAPK8IP2	0.0009721519571753	0.0003850282269393386	background
FOXO3	0.9766019311175425	0.0003850158646446782	background
CARD11	-3.854901587313501	0.00038487009885874204	CAP_down
LILRA1	0.0040991724788333	0.0003845224025591768	background
WEE1	-0.1109456517845924	0.00038442256099481716	background
SPRY2	3.52571302200052	0.0003841486883241076	CAP_up
TDP1	-2.775953870789047	0.00038383051273287367	CAP_down
AJUBA	-1.546058317500625	0.00038381999009154004	CAP_down
MALT1	-3.808497708763772	0.00038326045231099466	CAP_down
ELK4	-4.244955705080498	0.00038307145865016116	CAP_down
SIRT1	-0.0243723328620735	0.00038302611057022416	background
NCOR1	0.832056956531639	0.00038290502129331337	background
TBL1X	0.9522370166054828	0.00038265139427698646	background
MIER2	-0.0261046744290929	0.000382312699480157	background
HSPA6	17.516860869456757	0.0003817823461116819	CAP_up
MITF	0.3279834811958327	0.000380990719505151	background
MUC1	12.628830833821224	0.0003801802902177736	CAP_up
MGMT	-3.631914107458119	0.00038002615743610923	CAP_down
HSF1	1.514154153697695	0.000380001761655117	CAP_up
TRIB3	0.3100400886249824	0.0003788522706217386	background
STUB1	-0.1695129122899555	0.0003779686269861541	background
LILRA4	-16.964011946017813	0.0003778748507647855	CAP_down
ZHX1	0.1053262953856638	0.0003777932354276594	background
TET3	1.1071096328461272	0.0003770672900617407	CAP_up
SIRT4	-3.804398642919227	0.00037661860406416555	CAP_down
SLA	7.52526116470698	0.0003765128512698724	CAP_up
TGFBI	-2.506304277966516	0.00037638221539827764	CAP_down
EGLN2	0.1418720266109127	0.00037627945810424804	background
HECA	0.6937161152636064	0.00037430400077070945	background
RCAN1	0.2941929749551197	0.00037419288262357896	background
BCL2L11	1.323950651342393	0.0003741128188935374	CAP_up
CBLB	-6.421260645585755	0.0003730671711102809	CAP_down
PTGES3	0.0626909893130388	0.00037293876593255974	background
PKIA	-3.0003268382733466	0.00037259460909478233	CAP_down
ABHD6	-1.496981878679831	0.00037253880142388857	CAP_down
TXNIP	0.3394250477092116	0.00037149262186868145	background
LILRB4	2.8096000656788767	0.00037145200349823597	CAP_up
TDG	0.2119689884531306	0.0003711482852713573	background
KIAA1143	-0.9258434413554736	0.00037095503696358564	background
EPHB2	0.3189148233005985	0.0003707207697830284	background
JUN	1.6166283949723184	0.00037062788612065586	CAP_up
HMG20A	-2.3866012209399545	0.00037057967038941683	CAP_down
SH3BP2	2.390140565924778	0.00037054103414286123	CAP_up
CEP131	-0.5481305467569881	0.00036998660995815564	background
MATK	-11.916301480937149	0.00036989784520241863	CAP_down
CCNF	0.451568901396785	0.00036979353089598824	background
GSAP	-0.4196132962769281	0.0003691177062402272	background
FOXO4	1.241743125512486	0.00036898873153047275	CAP_up
DNAJA2	1.76793184344012	0.00036896699967515904	CAP_up
RXRB	0.06680625317611	0.0003685290823528205	background
RARA	5.745660481319352	0.00036843154571911276	CAP_up
CCND1	-2.847278453255273	0.0003682970640771378	CAP_down
HSPA1L	2.630337570731256	0.0003678797831024157	CAP_up
RFX3	0.2499212129666271	0.0003677595965619247	background
RPS6KB2	0.2296130841563293	0.0003674055101359876	background
DNAJB5	-0.0386750413019312	0.00036673345033257624	background
OSCAR	14.52265184231628	0.0003667096790338453	CAP_up
GATAD1	-0.5911501416521547	0.00036627709990302696	background
HMG20B	0.0426906781113114	0.0003654823853855321	background
CAV1	1.1851295487246818	0.0003650923168317371	CAP_up
BCL3	11.090963590580142	0.0003645382723043463	CAP_up
TBL1XR1	-0.0010351335974944	0.0003639730003446442	background
MS4A2	-14.388361394932804	0.0003636578441787133	CAP_down
PIAS1	1.9134362526583704	0.00036327132574260886	CAP_up
PTGER4	-0.5934278515195248	0.00036267679976175116	background
GFI1	-0.4713398324018839	0.00036223706087441717	background
WIZ	0.1693038347230306	0.00036220146097837004	background
TCL1A	-2.826457811652911	0.00036170689444401787	CAP_down
KSR1	0.1768435712313487	0.00036132336842499297	background
PECAM1	0.5900939057388089	0.00036127908646871646	background
CTSW	-5.868156573983297	0.00036120034618156	CAP_down
DNAJB6	0.8390640667157948	0.0003607974904132547	background
APAF1	5.391995233204861	0.0003603148755865934	CAP_up
CBR4	-1.0454485609415896	0.0003589228161622965	CAP_down
PRSS57	-0.2979569962646221	0.0003588673064421961	background
LRP1	1.5156924739686637	0.00035884482519892014	CAP_up
PARPBP	0.4873654933993773	0.0003583832133348554	background
FKBP8	-0.0604091265161332	0.00035834003450510175	background
MME	3.324453857228477	0.0003582136588631065	CAP_up
NADK	9.770540985540457	0.0003582035627841097	CAP_up
PI3	4.296720301900141	0.00035811479304745256	CAP_up
ERF	0.6768199511579904	0.0003580658113185418	background
RTN4R	-5.333532350579595	0.0003569586925127765	CAP_down
NR2C2	-0.0753128302344747	0.0003569095619848714	background
PRDM1	0.0552314579470587	0.0003568642060737318	background
EPAS1	6.039992743352212	0.0003561409396770157	CAP_up
NADK2	-1.9226549593339983	0.0003556471193108381	CAP_down
STAT5A	4.496184596532688	0.0003555964444402468	CAP_up
SMYD3	-1.57290853282145	0.00035555723529614894	CAP_down
PMAIP1	0.348095989418699	0.00035527198583729666	background
PEA15	-1.6716219120646294	0.00035479256092322956	CAP_down
STAT5B	4.446589085429408	0.000354285245699229	CAP_up
RNF146	2.4479627801541444	0.00035406504362727067	CAP_up
ADA	-1.289195766254641	0.0003537181283226788	CAP_down
CTNS	0.7531129857926298	0.0003536941519463032	background
CSK	1.8520580452302424	0.0003533906722427846	CAP_up
DUSP1	11.091386899958096	0.0003532410066628121	CAP_up
TET2	3.0014370230864533	0.0003528585821072541	CAP_up
MBD3	-0.4893040852327003	0.00035232501517450267	background
NMNAT2	7.790975316658342	0.00035218245276486877	CAP_up
CRYZ	-2.1078525836734445	0.0003518964334171224	CAP_down
PCNP	-0.3209818064011541	0.0003518707629188718	background
EGF	1.5256328654071618	0.0003513660059716418	CAP_up
SOX6	1.3092755171293446	0.0003512858220368747	CAP_up
PIK3CD	2.2838134846640026	0.00035112266120275714	CAP_up
VAV3	2.0606502326264224	0.0003511192354898485	CAP_up
APBA2	-8.60512638542135	0.00035058225392699683	CAP_down
PXDN	-4.548089628659579	0.0003504990337003522	CAP_down
BCL2L2	0.1548432390167116	0.0003504766680405468	background
RANBP3	-0.1094981102899838	0.0003501965441859196	background
INPP5D	1.7822856200305748	0.0003500781867960442	CAP_up
PRNP	-0.2554438478537724	0.0003500464925660089	background
CLEC4E	13.359190799424248	0.00034944419274952773	CAP_up
HDAC4	4.373122440299114	0.0003494302021303081	CAP_up
MEF2D	-1.7430741065399438	0.0003493973633285937	CAP_down
BTG1	0.1607825293568777	0.0003485958770937055	background
SHPRH	-5.161119453489045	0.0003485314832868756	CAP_down
KRAS	1.7239777998111527	0.0003480111858645433	CAP_up
AKT2	-0.0002208291838153	0.0003479870801882575	background
CYTH3	-3.156783945413304	0.00034757789298079495	CAP_down
AKT3	-6.060102982749207	0.00034748390117550785	CAP_down
CYBB	1.8325225095733888	0.0003473968384058326	CAP_up
OAZ1	2.8391145078437914	0.00034728247741757496	CAP_up
RPS6KA5	-2.3778364353607437	0.00034687398553451916	CAP_down
FAR2	14.036592010991995	0.0003468682781035667	CAP_up
NFATC3	-1.5542644760647075	0.000346831728765153	CAP_down
USF1	1.953445899191676	0.0003467945186643159	CAP_up
HCK	6.861313853071904	0.0003462993043567894	CAP_up
VCAN	3.86893956874733	0.00034629082238298275	CAP_up
SPEN	0.2437890671273859	0.00034611591827839243	background
SMUG1	0.2801567348193871	0.0003461059747019455	background
LRIG1	-5.332054594537807	0.0003458107704937486	CAP_down
HDAC7	1.5286666342292288	0.0003450993520349418	CAP_up
SLC16A3	13.347255377313132	0.0003447151185153324	CAP_up
GIT1	-0.5072449406041413	0.00034463968495285403	background
PTPRJ	4.663566690210454	0.0003445838182063738	CAP_up
YWHAQ	0.0050332704892338	0.00034422188000088024	background
PDK1	-0.0118821797057714	0.0003440721949926041	background
CPEB4	9.16770417791187	0.00034388478244692494	CAP_up
LIPE	-0.6481522055015237	0.0003437828486390905	background
MTF1	15.648364377267514	0.0003437785850160527	CAP_up
MAPK3	7.036992780904527	0.0003432848102036441	CAP_up
SULT1A1	0.7476968702199193	0.00034327630439784227	background
HRAS	-0.3325744319356501	0.00034272027562163096	background
STAT6	1.760700945904319	0.0003426703016197046	CAP_up
ERBIN	0.2305377004467372	0.0003426258945179013	background
ARAF	0.6730023520724319	0.0003424142152240239	background
LCOR	0.2529787380573245	0.0003422489953483961	background
PAOX	-4.105860787945073	0.00034217479427750146	CAP_down
PRUNE1	1.0121944526347857	0.00034214312070515105	CAP_up
DNAJB14	0.0774177986103502	0.00034200679888241465	background
SLC4A7	-7.181922812220128	0.0003417279001259099	CAP_down
VIM	8.02823298355321	0.00034166306203619695	CAP_up
VAV2	-2.3635465806983453	0.0003415600961695546	CAP_down
CTSS	0.4843760812006305	0.0003412795830704647	background
MTA1	-1.935795135781396	0.0003412424212047047	CAP_down
EHMT1	-0.4004199746160408	0.00034114517854519594	background
CEP78	-6.679130281907027	0.00034109334980029577	CAP_down
JAK2	9.012845490892758	0.00034098576755135925	CAP_up
PIK3R2	-0.0706885615840983	0.0003401374056132151	background
BMX	28.712441383785237	0.00034010416978039616	CAP_up
ABHD4	4.782164558147158	0.00033923720367748844	CAP_up
HSPA1B	7.584146927490007	0.0003391470260352843	CAP_up
ANXA5	3.398175744718768	0.0003389748106914404	CAP_up
THEM4	-8.223084745063414	0.0003389425842186128	CAP_down
HDAC9	-2.3152637277778174	0.0003388075340280952	CAP_down
FOS	5.155786293206549	0.0003388006414611911	CAP_up
NMNAT1	6.605173683267059	0.00033841133136595556	CAP_up
NRAS	0.5806275536820193	0.00033824232238477783	background
BATF	8.228573570854373	0.0003377948304456874	CAP_up
NEIL2	-4.275705685920305	0.0003376581197892329	CAP_down
CST3	-0.0041219499557657	0.00033758190839586796	background
SIGLEC10	1.2132335770206484	0.00033754385374283044	CAP_up
NFATC1	-1.8394584297871832	0.00033751998822000343	CAP_down
TIMP1	10.6251175270313	0.00033739086589837754	CAP_up
MAP3K12	-0.5034004496474852	0.00033730928147976966	background
TAB1	-0.7236562793365754	0.00033714858420826993	background
BID	2.321861234194213	0.0003369353661586491	CAP_up
CXXC5	-2.757224218506322	0.0003369083687800569	CAP_down
ABCA1	11.6469679186523	0.00033641961570613643	CAP_up
GHRL	1.4080121725262404	0.0003359914605409875	CAP_up
EVI5	0.2256549093799387	0.0003352882316487503	background
ANKS3	-4.039192657875258	0.0003348637530429782	CAP_down
RPS6KA4	-0.2490318480419725	0.00033447413298199035	background
CREB1	-0.2455633920138885	0.0003340459527599037	background
RCSD1	0.0348445970302349	0.0003338908100746357	background
NR1H2	3.248653088818497	0.0003338863173352742	CAP_up
GNAI2	4.315844601877317	0.00033383730667192903	CAP_up
MAPK8IP3	0.0053507998728853	0.00033376395995439256	background
LZTS2	-1.0839916728272343	0.00033365031690545593	CAP_down
LRRK1	1.721149764440228	0.00033343015226768556	CAP_up
ABHD12	-1.0582555038919517	0.00033331944324469024	CAP_down
HSD17B12	1.9268967797115333	0.00033280779259739436	CAP_up
TLR10	1.3751911487589437	0.00033179307105042367	CAP_up
HPF1	0.1102107958140087	0.00033147335551729235	background
CLEC6A	0.5455932697535922	0.00033137293169198417	background
PITPNM1	-0.0267747322773935	0.00033075254721380603	background
FRAT2	13.035717758077997	0.00033071921028638384	CAP_up
KDM5B	1.1036031251896266	0.0003307124613873548	CAP_up
ETS1	-5.557664573005914	0.0003306555112912066	CAP_down
LRP8	-0.0119754593291246	0.000330579124111136	background
PIK3R3	-0.6114585523181036	0.0003305170118163161	background
CEBPA	8.933871279089887	0.0003303591236771556	CAP_up
SIRPA	10.885488500575512	0.0003303211477297868	CAP_up
PLAU	9.222646966014272	0.0003300350611875017	CAP_up
RETN	9.274497982626414	0.0003296493666075298	CAP_up
LYN	5.511955806815456	0.0003294512702517025	CAP_up
MGST2	1.191119730527912	0.0003294507379566867	CAP_up
FAR1	6.571535010526576	0.00032943582270209497	CAP_up
ADAM15	0.4054823663433025	0.0003293823750504719	background
NPAS2	-10.142508045766633	0.0003288386098317461	CAP_down
MAFK	0.0196186703022101	0.0003284051727801755	background
NCF4	13.6786066292601	0.000328354897859915	CAP_up
TLE3	3.18780910103036	0.0003279575771249889	CAP_up
DNAJA3	-2.161596997765852	0.0003273714279765621	CAP_down
SUDS3	1.0873283042896176	0.0003271168624963724	CAP_up
RIPK2	0.9376742188559072	0.0003269239726088006	background
MBD2	1.4409056965764788	0.00032655718698407546	CAP_up
LYZ	0.8223338783982951	0.00032647874080421723	background
ZNF567	-4.152590526539068	0.00032643177705111233	CAP_down
BNIP2	4.370986581648157	0.00032603926822582976	CAP_up
CLSTN1	-1.5659007345030325	0.0003258633161645327	CAP_down
RNASEH2B	-3.6017082517021226	0.00032542986206707714	CAP_down
RGPD5	-0.5097882593138724	0.0003251135756855761	background
CEBPE	9.329933569934786	0.0003249670327203553	CAP_up
FRS2	-0.0001023739270533	0.00032470873673992216	background
SH2D2A	-4.297236946715854	0.0003247003855949251	CAP_down
ALDH3B1	4.543973360364084	0.000324161362468371	CAP_up
SOCS3	23.53502629395183	0.0003241308061696725	CAP_up
GUSB	0.6635068343182379	0.00032398103456567865	background
EPHB6	-1.298672617745933	0.00032396539129981683	CAP_down
SOCS2	-0.8679726759128862	0.0003237869518176779	background
SIAH2	3.622861383574493	0.00032324259508922985	CAP_up
ARHGEF7	-0.301769246568359	0.0003230935309550313	background
IQSEC2	-0.1476301173060716	0.00032284857985177026	background
YWHAG	2.0679358044693967	0.0003222650870274695	CAP_up
KMT5C	-0.065530706407876	0.00032192299858817177	background
PIAS3	0.1777566611002612	0.000321819790098141	background
CHRNB1	0.078177359049374	0.0003217350246724356	background
MAP2K3	2.0763888002705597	0.00032162368808422804	CAP_up
FOSB	-2.788231319077409	0.00032161618859306715	CAP_down
ETS2	12.01294969877334	0.0003211455227342384	CAP_up
NFKBIA	9.135262390396786	0.00032091006532511363	CAP_up
RHOU	3.012061633238168	0.00032075318422640015	CAP_up
PALLD	-2.253608484990436	0.000320610823929066	CAP_down
RUNX1	0.851416335950343	0.0003202122155429611	background
PCYT1A	2.846243055636335	0.00032011233601408407	CAP_up
HSPA4L	6.78621700765542	0.0003199926123725243	CAP_up
TRIM24	0.7510788463242027	0.0003198477330481822	background
GATA3	-7.57878723044114	0.00031976216937682704	CAP_down
GTF2I	-0.8150778987034561	0.00031961993125859144	background
TRPM2	10.39714675887571	0.0003196059531437207	CAP_up
CST7	9.88382881755137	0.00031955707125400974	CAP_up
SIRT6	1.295241910319675	0.0003194096499923043	CAP_up
HDAC11	0.0033981736248495	0.00031937853280733026	background
MAPK8	-2.315173840825848	0.0003192760451804812	CAP_down
CPEB2	2.8475875234438344	0.00031912724065075084	CAP_up
CEP250	-0.5717299427492367	0.0003189197026380123	background
CREB3L2	0.2105397974645937	0.0003188445203772898	background
NCF1	8.514980192238141	0.0003186050804526144	CAP_up
CDKN2A	-0.0316609084516102	0.0003184041123102799	background
BAG2	-0.1867725605860559	0.0003179753993376453	background
NAMPT	11.612714953800866	0.0003179646706216912	CAP_up
ZMYM2	-0.1425012775503739	0.00031774925565023133	background
UCHL1	4.389417428182029	0.00031679592210233007	CAP_up
ADAT2	-6.050728533180764	0.00031645150815497473	CAP_down
PPFIA3	-3.922500057554426	0.00031599238861784214	CAP_down
SGK3	0.1997469115113192	0.0003159857136832423	background
GLA	6.943500268925902	0.000315692929359499	CAP_up
TTI2	1.5147475986357677	0.00031517172211867697	CAP_up
TMEM106B	-4.724318346563393	0.00031505242196960717	CAP_down
DNAJB4	0.2934512908449604	0.0003148362966907345	background
EPOR	2.239016145517014	0.00031477406210027445	CAP_up
CBL	1.1913330701826474	0.0003144575156673376	CAP_up
TP53BP2	3.532087995025676	0.00031444541462559254	CAP_up
GAS6	1.8914321508662095	0.0003144069218130327	CAP_up
MTA2	-0.0074005612943347	0.0003144048911015509	background
TRPV4	0.5510603239320403	0.00031438334611232755	background
MECP2	-0.1463645141377115	0.00031410116005567223	background
SKI	-0.1865589953552565	0.000314071876454504	background
FADS1	0.1597997085794041	0.00031399554438995295	background
KLC3	1.3685445710060526	0.000313623031248775	CAP_up
NNT	-0.2672095315454036	0.0003135367058359755	background
FES	10.152251389640837	0.0003133438677616653	CAP_up
CYTH4	3.405134988752533	0.0003129605089246219	CAP_up
SMS	0.2848554830200839	0.00031279517108162986	background
FCGR1A	30.77127225632266	0.0003124575706042829	CAP_up
BHLHE40	-0.2473331208246963	0.0003124209940308436	background
CREBBP	1.1662404773133148	0.0003119221709186927	CAP_up
SPECC1	0.1072113303319233	0.000311891078875541	background
MAP3K5	3.436388849534806	0.0003116441419268503	CAP_up
KISS1R	0.0257747966887853	0.0003114103653410868	background
CREB5	16.266380724883824	0.0003108229811829044	CAP_up
ZBTB16	-0.0108751884196168	0.00031058753521904034	background
ZFP36L2	-0.9551493164662646	0.0003104668150151115	background
GATAD2B	0.0986468397990624	0.0003098934207828667	background
SCARB1	-0.6725072403256158	0.00030936889146106775	background
RBPJ	4.432295259913692	0.0003092247684389211	CAP_up
LGMN	-1.2726206016924428	0.00030890100162696125	CAP_down
PTEN	4.764019220215474	0.0003087885615093319	CAP_up
MAMLD1	-0.6501871543799757	0.00030857111664382795	background
MGST3	-0.1029514974104675	0.0003083956919227849	background
JUNB	8.30585543942669	0.0003083544094353497	CAP_up
NF1	0.4945344406777925	0.0003083077593727769	background
PIK3R1	-0.667330954116523	0.0003082604153734443	background
TSHR	0.4512173626203985	0.0003080931278463585	background
CLEC12A	1.9030568986706269	0.0003080887877285485	CAP_up
ADH5	-0.5318156901823453	0.00030799209634584676	background
CREB3	-0.005392286358417	0.00030784631278108117	background
ILK	5.213582523308469	0.000307838442358627	CAP_up
AHSA1	0.0269104426612111	0.00030730209058571603	background
VCPKMT	1.4624707673260844	0.00030707074239335886	CAP_up
TXK	-11.469045160820423	0.0003069758166111482	CAP_down
LAMP2	5.414802557934763	0.00030688016834673563	CAP_up
FOSL2	5.440382423019307	0.00030681909769020267	CAP_up
CLEC4D	17.064752379091182	0.00030680605060798424	CAP_up
TLR5	21.505069908936637	0.0003067819250049029	CAP_up
NADSYN1	1.0338799812568835	0.0003066462276305968	CAP_up
IL6ST	-0.0781437848721999	0.0003066424606416589	background
SUV39H1	-0.0919569471151664	0.000306469954279226	background
TDP2	6.796606255681184	0.00030635489985427687	CAP_up
CDK2AP1	0.1814961609833879	0.000306036915253794	background
CEP72	-4.174060620132001	0.0003057226177784832	CAP_down
CASP9	3.65478261992196	0.00030520001258858495	CAP_up
CD33	0.1162829503461945	0.0003051130121795565	background
CXCR4	0.4355768801161018	0.0003051106431553839	background
REL	0.2387297647185673	0.0003050934598463123	background
OGG1	-2.0217990155212915	0.0003049637744173732	CAP_down
METTL21A	-0.1960275634146815	0.000304848734823082	background
GPX7	-0.7801960093194803	0.0003046782375351497	background
BAG3	-0.8254175376420452	0.00030464952886533183	background
FGF13	11.90383349032969	0.0003043143382586269	CAP_up
ERG	6.392960152540525	0.0003036552925753485	CAP_up
BANP	-0.0165455538682658	0.0003034904486333332	background
E2F1	3.38379819344466	0.000303471993307944	CAP_up
GRK5	0.296824371727991	0.0003032511119109555	background
MTA3	-5.3518197651610455	0.000303231505574232	CAP_down
CTNND1	-2.263898051830634	0.00030308598609191464	CAP_down
ATRN	-1.893595634984597	0.00030280117385579435	CAP_down
GIT2	2.453924155589449	0.0003027608311415391	CAP_up
MGST1	9.101800730223257	0.0003026430368158431	CAP_up
CEP85	-0.183617280332751	0.0003021923470298235	background
PRKACA	2.941722896826176	0.00030169903075929886	CAP_up
CDC37	0.0588399496575344	0.00030169244287898625	background
HIF1AN	0.2532876035059898	0.0003016634427728434	background
DNAJA1	4.678000390887299	0.0003016364284094911	CAP_up
SMAD4	-0.0668211700582135	0.00030154596327660964	background
TRIM11	0.2857864765048454	0.00030139991122913516	background
DHCR7	2.3177076926839435	0.00030114515223753736	CAP_up
GSTM3	-1.800124950913477	0.0003010842983845462	CAP_down
DYRK1B	-0.3284551433436891	0.00030079037052396936	background
NEIL1	-0.3371833206368345	0.0003004709103606352	background
CLCN7	0.0054672741709221	0.0003002235300747881	background
DHPS	-1.5621595347839223	0.00030018103832824564	CAP_down
CTNNB1	1.8275794130284129	0.00030017616517110177	CAP_up
CARD9	-0.1848441315262733	0.00030001967702624084	background
UBOX5	0.4325566388808247	0.0002997518046234493	background
ABCG1	0.4075570648522164	0.0002996487261165199	background
RHPN1	-1.894472784819204	0.00029957852001642575	CAP_down
CASP7	0.3938804795383067	0.00029940972792622607	background
KLC4	-0.0171837744118592	0.00029894601052537833	background
GRB2	5.29660655792694	0.00029888005277731665	CAP_up
YWHAB	1.3819626300700512	0.00029887565418112235	CAP_up
GFI1B	-0.048856803330299	0.000298872207824178	background
PPFIA1	1.202008817642721	0.00029866150899055444	CAP_up
SERPINE1	1.1082251947747388	0.00029831491345426827	CAP_up
COMT	-0.039121716409981	0.0002982904374391863	background
PIAS2	-0.3872370085685324	0.0002975325276112855	background
CRABP2	0.6484049675460977	0.00029744315984388367	background
GSTM2	-3.8104666385891086	0.00029685981840159146	CAP_down
TAB2	1.2765002739785138	0.0002966314454717923	CAP_up
IL1RAP	1.488583612719227	0.0002965248480474988	CAP_up
ZFPL1	1.430373307869128	0.00029647205105977874	CAP_up
DNAJC4	1.0097191131747034	0.00029647205105977874	CAP_up
GSTA4	-3.2752274641617007	0.0002964147506591372	CAP_down
CBY1	-3.96826531224834	0.00029641153135855915	CAP_down
MAP3K2	4.064808803550201	0.00029624205858034517	CAP_up
ASAP2	-0.082185917853016	0.00029620732601291983	background
AOC1	3.225988570638843	0.00029557649119138014	CAP_up
CEP192	0.0011771490084724	0.00029505992793967483	background
NMRK1	0.4374387968821908	0.00029505314991746476	background
VAV1	4.689246262466565	0.0002950107819822573	CAP_up
SETD4	-1.4887921913753668	0.0002945060181981119	CAP_down
MAN1C1	-10.32551396016278	0.0002943591168947772	CAP_down
CD37	0.6119386349935385	0.00029418023823308095	background
MAP3K14	-2.853872027285409	0.00029372340099643855	CAP_down
GSTM4	-0.5161364543072244	0.00029365347965715574	background
NTRK1	-2.2197717140920465	0.00029327556097297013	CAP_down
ARRB1	-1.29357320432944	0.00029305915619849904	CAP_down
PRKACB	-4.953847434400727	0.00029305863436623273	CAP_down
AGAP2	0.7078179820501409	0.00029295675660439137	background
GNAI3	7.0654238859429785	0.00029295441632146125	CAP_up
POLD4	0.1042690412920075	0.00029270975498061025	background
MYC	-1.209367872384893	0.00029242579871675253	CAP_down
CXCL1	10.005515032547503	0.00029184452621782944	CAP_up
PPIF	1.053462940459987	0.00029181459887058045	CAP_up
CD99L2	1.2319272832434578	0.00029179955052335344	CAP_up
UNG	-1.1972178087439649	0.000291730538815933	CAP_down
ZNF92	-1.1842101599770114	0.00029164351135681747	CAP_down
CDKN1A	1.2742244147669968	0.0002914554441916588	CAP_up
CCAR2	-0.1649957334511342	0.00029114821143183626	background
BAG4	1.345115996488604	0.00029072553299264246	CAP_up
BSG	0.4792116551604279	0.0002906824208250558	background
HSPH1	-0.7794927285869171	0.00029042711466030523	background
GPX3	1.795892579119976	0.0002902770242012625	CAP_up
EID1	-0.0513434395632379	0.0002900437562074528	background
PER2	0.4911371004177326	0.0002899517603962001	background
RSF1	0.0249839487834534	0.0002899341115964403	background
MAN1A2	-0.4192318638330108	0.0002898733750102244	background
ADI1	0.0446051869313332	0.00028978621300373975	background
PARK7	0.1856812570635694	0.0002895543020199429	background
RPS6KA3	0.2440479607963278	0.000289279808664593	background
DAPK3	1.9675765286166915	0.0002892183313536883	CAP_up
NBL1	-2.156486498391049	0.00028921633015231837	CAP_down
DPP7	-2.4975298915103807	0.00028908498953665466	CAP_down
SMAD1	1.0427172309131083	0.0002890327405347894	CAP_up
GSTO2	1.3251659689999196	0.0002888765033123854	CAP_up
DHRS9	13.54111605850146	0.0002888356252791736	CAP_up
LTBP2	0.635482393925059	0.0002888154820178878	background
RUNX3	-4.74719896197684	0.000288388917532495	CAP_down
ARFIP1	1.4634857646581412	0.000288237454848502	CAP_up
CLCN6	-0.3670332740918216	0.00028811701608805716	background
RORA	-11.327117466663196	0.0002880866288929623	CAP_down
MPZL1	0.659015532462173	0.0002880268329007458	background
PLIN2	1.140493252917422	0.00028796798206321095	CAP_up
CTBP1	-0.2078464898785595	0.00028790616733474463	background
EFNB1	-3.2094291794587213	0.00028764780774933035	CAP_down
JUND	-0.0097293699347716	0.00028742817605679815	background
TRPS1	0.7213235146174525	0.0002872268386117845	background
FCGR2B	-0.0874517864576543	0.00028658943893621655	background
SLC35A2	3.1408189908029502	0.0002863536516663382	CAP_up
SOCS1	2.6440395578931586	0.00028601780809870835	CAP_up
SCARB2	0.2416292904905844	0.0002859472433698019	background
CXCL3	4.295834857232707	0.0002858453211579166	CAP_up
TBC1D7	1.7184376690991174	0.0002854087104432825	CAP_up
BAG5	-0.0363307610315322	0.0002853630898632437	background
POMC	-0.0064167213676244	0.0002853359002249327	background
ADGRG1	-7.268856747626746	0.0002848869328606607	CAP_down
LNPEP	-0.2094817145551733	0.00028483526075915927	background
ARRB2	8.277838429822062	0.0002848351639553047	CAP_up
SGTA	1.0501211394000802	0.0002848089406149179	CAP_up
CISD2	0.4425887924798559	0.0002844152980227972	background
PLA2G6	-0.5117720981211478	0.00028400907940360896	background
BTG2	1.347230825345933	0.0002839964253213192	CAP_up
CYSLTR1	0.4299773643121441	0.0002838148642392775	background
FOXP3	-3.776333031904012	0.00028334516302117664	CAP_down
FBXW7	0.3345424564171762	0.0002831234286956744	background
DHCR24	4.700689093629594	0.0002831175697079166	CAP_up
GNG2	-0.0542397405053278	0.0002828865736682387	background
IL6	-0.1012233305413454	0.0002827211153801089	background
PNKP	0.02712353252346	0.0002823026432369114	background
NLK	0.2504479789616995	0.00028218848485354946	background
CASP3	2.1068234804783774	0.0002820119218973054	CAP_up
SFTPD	-8.087319918053273	0.00028200207413535053	CAP_down
FHL2	0.8293451784113377	0.00028188663202882426	background
FOSL1	3.93058157262286	0.0002813551890511376	CAP_up
NCF2	11.503350576831233	0.00028134616900477954	CAP_up
ATF3	0.9346998801385678	0.0002812564485683637	background
LEPR	0.1705957425426005	0.0002812523617176236	background
GSTM1	-1.2699225736733866	0.00028113141376908166	CAP_down
PIAS4	0.9395540668725988	0.0002810779342366126	background
ZNF451	-0.4449811325130642	0.00028104697669731067	background
OGA	0.3256197100645819	0.00028100763857922753	background
PRKCZ	-0.1547172380840885	0.0002809439791205805	background
AASS	-3.60600234310254	0.0002808483783184819	CAP_down
SLC25A42	-3.543452709257422	0.00028066743786902073	CAP_down
AKAP9	-0.7482245903019283	0.00028054372132886417	background
PDE4DIP	-5.032890034903229	0.00028048143502933364	CAP_down
GRN	12.906461811515172	0.0002804636766489892	CAP_up
YWHAE	2.2104807553941743	0.00028032741454256507	CAP_up
ADCY7	0.0785674776624157	0.00028032625108835737	background
MAP3K1	1.28042724900619	0.00028020269809246357	CAP_up
CD24	3.644889203401711	0.000280068775583596	CAP_up
GSTO1	5.358215384699914	0.0002793699609812815	CAP_up
RET	-0.1044604017359628	0.0002793059453203812	background
IRF4	0.0129286303062099	0.0002789897877598607	background
TDRD3	-3.810901826174089	0.0002789389607834071	CAP_down
NFKB2	1.6846707301443191	0.0002788389336459023	CAP_up
HSD17B7	-1.468855274995367	0.0002786865789001634	CAP_down
CACYBP	-0.0669290445385223	0.00027825532476655066	background
RPS6KB1	-0.0363567738418494	0.00027814586836227227	background
FPR2	14.67459911037185	0.00027805818363304586	CAP_up
CHRNE	0.1311898531327694	0.00027794643334180065	background
FBXL19	2.387737452797696	0.00027791597992088434	CAP_up
DUOX1	-2.0889340871354567	0.0002778230856350316	CAP_down
ELOVL6	-1.382137023855259	0.00027768739383280983	CAP_down
IL1B	3.435687318769624	0.0002774268227035409	CAP_up
CLOCK	-2.936696142953499	0.00027736145409881953	CAP_down
TSPYL2	-0.522444934655365	0.00027694326041234385	background
GYG1	21.9601847323794	0.00027693386884686017	CAP_up
ABHD5	5.103647394815097	0.00027691354648315246	CAP_up
PTGER3	0.1064892499895241	0.00027661171696890554	background
AHCYL2	-1.6423695416715671	0.0002765966436433565	CAP_down
PHOSPHO1	3.2483796281092907	0.0002765619313353965	CAP_up
LAT2	7.982370641257384	0.00027640409031813096	CAP_up
PLCG1	-4.16093743592542	0.0002761437280257419	CAP_down
PLCG2	3.878423291281246	0.0002758588279814885	CAP_up
SRM	-0.0045750553636952	0.00027578715142017696	background
PRMT6	-2.90825023011241	0.00027578100339476283	CAP_down
PPP5C	-1.4049875568447328	0.00027576668579561023	CAP_down
HSPA4	0.2571071656944724	0.0002756257578043529	background
CHUK	6.15226443561544	0.000275525074373482	CAP_up
SORD	-0.6799780905764553	0.00027517452520851594	background
SIN3A	-0.5236480954790438	0.00027497902814512914	background
NFKBIE	0.5705945664985467	0.00027481194821779337	background
GBE1	3.6904924026761288	0.00027465451703944304	CAP_up
HDAC5	1.289627964137924	0.0002745683954834442	CAP_up
CTTN	0.0269655345222561	0.00027455184796554744	background
SAP30	3.165196204533957	0.00027440420638217216	CAP_up
EMSY	0.0010185449162114	0.00027426373285861257	background
CLIC4	3.9385954194773514	0.00027412738065598355	CAP_up
NOTCH1	2.9191794166083183	0.00027411496391888644	CAP_up
FURIN	7.775918063268245	0.00027409485600394623	CAP_up
SLC7A1	-0.120513414699511	0.0002738866521240084	background
SLAMF1	-3.923914784232218	0.000273809520026852	CAP_down
SINHCAF	-1.5792763872533475	0.000273732489661204	CAP_down
ITGB1	0.0624756152575626	0.0002734268063016878	background
C16ORF87	0.0813626821332396	0.0002733845219048771	background
RNF111	1.3212851607909115	0.0002733773066744358	CAP_up
UBIAD1	-3.195183985041192	0.00027331401626742624	CAP_down
MIB1	-0.1758579853774887	0.0002730315823541386	background
RARG	-2.062035095296166	0.00027300602202659063	CAP_down
SOS2	5.075765714020497	0.00027298104027106057	CAP_up
TMTC1	0.7522957813334439	0.0002728683132511975	background
HMOX1	0.6680086946331525	0.00027281345664367286	background
ADCY9	-3.968530859068536	0.0002727094178499403	CAP_down
PDAP1	0.4234964693082818	0.0002725477990705128	background
LYVE1	7.190752807385876	0.0002722881554243457	CAP_up
SLC27A1	-0.4967361208689303	0.00027214561426628525	background
HMGB1	0.1330821501140848	0.0002720927176989565	background
CDK4	-0.3875626797269124	0.0002717235725635041	background
TLR4	8.106414066148748	0.00027170442792972014	CAP_up
MXD1	10.770312741492637	0.00027162695931419277	CAP_up
TOP1MT	-2.612854236405753	0.00027149509269990273	CAP_down
CDC25C	9.804191974838847	0.0002714338493484059	CAP_up
SREBF1	0.2376961256127625	0.0002712695370931245	background
GRAP2	-0.4245925833915446	0.00027113794027531157	background
NFE2L2	5.971494753189839	0.00027100328525796836	CAP_up
SH2B3	0.0556363316062009	0.0002710022882774981	background
SLC2A1	0.1113915926303352	0.00027091613786514167	background
NMNAT3	-0.1642760886136268	0.0002707710255768534	background
FCGR2A	11.198685344571071	0.0002706841729633285	CAP_up
GNAS	1.1213199166560384	0.00027033321587579856	CAP_up
GNB1	2.1802751281851003	0.000269845203520217	CAP_up
MDM2	1.2807126694975914	0.0002696129137878903	CAP_up
TGFBR1	0.5483065570065835	0.0002691903217123714	background
ADCY10	0.5370428330492315	0.0002691762201170873	background
HELB	-0.0736089053097238	0.00026887228482113084	background
CTNNBIP1	-0.1462676250764888	0.00026870381558485813	background
SBF1	-0.2137758431962675	0.00026856390819181595	background
PLA2G12A	-0.2572620123214161	0.00026835919043938027	background
FCER1G	16.06479922125808	0.0002677236193211137	CAP_up
PTK7	-9.489988550720632	0.00026745541876918756	CAP_down
YWHAZ	2.5254885838168875	0.0002673561895211128	CAP_up
UHRF1	5.134563431697246	0.0002670761330891662	CAP_up
MAT2B	-1.0499991778378546	0.00026706444745640615	CAP_down
FRAT1	10.022009090023715	0.0002669323421498312	CAP_up
SKAP1	-8.227734879529272	0.00026690873262391867	CAP_down
BCAP31	1.9432227214078728	0.00026684514168424494	CAP_up
KAT6A	2.5270131309011057	0.0002667672270085657	CAP_up
ARID5B	0.0890450287526208	0.00026671761409721365	background
EML4	-0.5362706502117672	0.00026666675085252765	background
DNAJB1	-0.755571687769014	0.00026665533298664767	background
IDE	0.1559450463955563	0.000266551172742704	background
GATAD2A	1.4755658883025664	0.00026645508868064385	CAP_up
CIRBP	-0.7632766028717535	0.00026633422730801157	background
CDK5R1	0.3543820114555467	0.00026622687221244744	background
TYK2	2.07158203758496	0.000266126275562137	CAP_up
HSPA14	-0.0453192270342762	0.0002658412218881023	background
ARRDC3	0.066718537750335	0.0002657635197714898	background
NR6A1	4.043901043054316	0.000265758211183641	CAP_up
XPO7	-0.397417061380545	0.0002655148148963184	background
DIABLO	-0.1750429561357537	0.00026513385314383837	background
MIEN1	2.920476583452512	0.00026483613913451593	CAP_up
CD300A	2.676119276499877	0.00026440914288756653	CAP_up
E2F4	0.4376042540347338	0.00026423745341720435	background
STAT1	0.8408061452488256	0.00026383934296324253	background
LIG3	-1.210621299126197	0.0002637287550732728	CAP_down
S100A9	18.733996850263317	0.00026367406503658987	CAP_up
GRK2	2.4502881770222507	0.0002636542797903333	CAP_up
MACROH2A1	4.040016376356146	0.00026350574336258365	CAP_up
MAN1A1	6.969291514964446	0.0002634512180930304	CAP_up
HK2	7.902331361287119	0.0002632746144012378	CAP_up
KIF5C	-7.618923148347592	0.0002632256600867635	CAP_down
IGFBP7	2.611496711159033	0.0002628757531682898	CAP_up
JMJD7-PLA2G4B	-1.7933146309380552	0.00026287265090150456	CAP_down
ETV6	4.250730663798784	0.0002627560121579269	CAP_up
RRAS	0.9676048764865676	0.00026263714611611625	background
PHF6	-0.5557159692953375	0.0002625698799011801	background
MAPKAPK5	-2.850400520373179	0.00026249001964505293	CAP_down
TMEM129	-0.0419148807586641	0.0002624556564584843	background
PXN	7.327178189096471	0.0002622545703039521	CAP_up
IRF2	3.3560086720846574	0.00026180293314723586	CAP_up
IL18	3.6134392986592383	0.00026177538055913727	CAP_up
GRK3	-0.1591197902341426	0.00026149033074151525	background
MKNK1	10.590842981395763	0.00026147294066026654	CAP_up
CD7	-3.384187254597428	0.0002613945739111416	CAP_down
DDIT3	4.150023348711263	0.00026112626143582766	CAP_up
PIN1	-0.0037853068968765	0.0002609246540329245	background
CCL3	0.1745168982528596	0.00026073638016027806	background
NCAPD3	-1.3275993450097148	0.00026073166701828175	CAP_down
MC1R	-1.944928943661275	0.0002606542481886883	CAP_down
CLEC16A	-0.034320660186387	0.00026058845216469514	background
PHF12	2.3529033493441736	0.00026046382429471306	CAP_up
SCN9A	3.0216952329172	0.00026029243724961647	CAP_up
AGER	2.5234025437051626	0.0002600923947572633	CAP_up
STK11	-0.0014524479335677	0.00025942198275073617	background
CSTA	2.609844586209112	0.0002588752332007776	CAP_up
SDC4	0.2751741206226237	0.0002587443135504585	background
CCND2	-1.2098782136741435	0.00025844991113255775	CAP_down
NOS3	-2.488472273800322	0.0002584379430722104	CAP_down
CD99	-0.0286287172829924	0.00025782066091475367	background
TEC	0.059767584026906	0.0002577781448031281	background
PRKCB	4.803278693199376	0.00025774734658837254	CAP_up
ABL1	-0.5232244261725828	0.00025766165762236955	background
IKBKB	-0.1196544379335346	0.00025763364483729007	background
ITK	-6.48160550874101	0.00025753681477927714	CAP_down
RIPK3	5.794744930008863	0.0002575062812181804	CAP_up
RRAS2	-2.7688599581998603	0.0002572534635156601	CAP_down
SIRT7	4.014384994108394	0.0002571805418520273	CAP_up
G6PC3	-0.1176097346553525	0.0002571793152618676	background
CPT1A	1.4323618780029577	0.00025715082021896354	CAP_up
DLG4	1.2260910570406534	0.00025661716874691797	CAP_up
SPRED1	-6.237564570453687	0.00025628661680447386	CAP_down
IL27	8.740033003799939	0.0002561943069667019	CAP_up
ATF1	0.059028433581419	0.0002561230250341788	background
IL32	-2.416084891404367	0.00025599533710372933	CAP_down
D2HGDH	-1.118969569074262	0.0002559761129123973	CAP_down
MBP	0.1337165977170066	0.000255722115532537	background
GAPDH	11.172924921264872	0.00025561314884310485	CAP_up
ZNF292	0.1984548408033668	0.0002556058812912104	background
CSF3R	8.999613343949582	0.0002554874444803077	CAP_up
MAP3K3	5.128716880267249	0.00025541902954011217	CAP_up
RALB	11.174388928137253	0.0002550950143810187	CAP_up
CASP8	0.1565786697014959	0.00025491979377345006	background
NEFL	-1.47875354702426	0.00025467620694769993	CAP_down
BNIP3	-2.9815713471810525	0.0002545689873524803	CAP_down
PREP	-0.6388648941391875	0.0002542858753547053	background
SMAD2	0.1744248825799861	0.00025424745521697065	background
SUMO1	1.2069808807585474	0.0002541224059863975	CAP_up
KLKB1	-5.08353804347359	0.0002540548166976506	CAP_down
PDK4	0.0091751215840396	0.00025358003205421035	background
MYD88	11.62159276333329	0.00025348245536989356	CAP_up
RELB	2.869552039707284	0.0002534661805692118	CAP_up
CD36	0.5444438008889385	0.0002534034957323671	background
MLXIP	0.9451906495671673	0.00025328467580890655	background
INSIG2	1.0442183091904658	0.00025303164447146846	CAP_up
HMGA1	0.1524005670732892	0.0002528539966907758	background
NOXA1	-8.018857022070993	0.0002525786646191937	CAP_down
CD63	12.231345537304676	0.00025248001801347637	CAP_up
HSP90B1	0.3034854622827956	0.0002523937866650402	background
GLB1	2.448356919500159	0.0002522701749389902	CAP_up
TCF25	-0.0982137380689307	0.0002522599228331022	background
ZAP70	-5.80884953714604	0.0002514664025336807	CAP_down
CASP2	-0.0524120373413707	0.00025145765029394355	background
JAK3	6.460985156629181	0.0002514416433407475	CAP_up
CCL5	-1.505160244898502	0.000251429894871322	CAP_down
BAK1	3.129288796554732	0.00025123203265223513	CAP_up
CXCR2	7.7033278435873935	0.0002512236932109825	CAP_up
DNAJB12	2.140951672627512	0.0002511450651571783	CAP_up
BTK	2.747718230125633	0.0002510479115749607	CAP_up
CDA	14.763163727640404	0.0002509615779552543	CAP_up
GSTZ1	-0.102264287156114	0.00025084772992801593	background
ACYP2	-0.8196904188248666	0.0002505302177236421	background
BAX	0.5984790531472696	0.0002501950190862257	background
GNAL	-2.08729351840322	0.0002501242219123112	CAP_down
ACSF3	-0.7825406073087687	0.00024981603500058564	background
ACYP1	-4.393402427357793	0.0002497470569292632	CAP_down
ZFYVE16	2.918651914010824	0.00024936313323723744	CAP_up
JAK1	-0.0231882911067942	0.00024921380131349833	background
RHOBTB2	-1.9084358327043551	0.0002489518886461801	CAP_down
PNPLA2	2.150110523859769	0.000248796068271915	CAP_up
IL20RB	0.0097920580255054	0.000248518588799021	background
SAP30L	2.168182931209845	0.0002485042955605593	CAP_up
ADCY4	8.652193050650922	0.0002485028017301252	CAP_up
TACC1	0.3384376768862936	0.00024849363031755663	background
CEP152	0.0789591387415496	0.00024842334837819554	background
LASP1	5.275919092675744	0.0002483631839697132	CAP_up
ARHGAP35	-1.0247767650654165	0.00024832853616389954	CAP_down
BRMS1L	-1.6339070517745888	0.0002483158041130717	CAP_down
SKAP2	7.084222908771648	0.00024826905256566955	CAP_up
TDRD9	25.40629422630656	0.0002480625789389649	CAP_up
FOXM1	6.435485821128642	0.00024778430400625975	CAP_up
CPT1B	0.7349575354264898	0.00024778338409268925	background
LCK	-4.57173459683309	0.0002477361712538911	CAP_down
GNA11	-0.4880136467209454	0.00024743684097851075	background
PGM1	5.03408003167001	0.00024736753721329844	CAP_up
IL1RN	18.524994612711208	0.00024730463887756755	CAP_up
SKIL	2.502873098800974	0.0002472072946584098	CAP_up
ACSBG1	-0.2457674385641785	0.000247200879063505	background
NTHL1	-0.219061081140904	0.00024712624014339445	background
MAP3K11	4.56212258953631	0.00024706016546625773	CAP_up
GRAP	-6.207815977310416	0.0002469594736786995	CAP_down
PSTPIP2	14.080323541452309	0.0002467414202409994	CAP_up
CASP6	-0.1295248469205679	0.00024671995923763985	background
INSIG1	-0.072894590527882	0.0002466955648541361	background
NLRP3	1.976640053552797	0.00024667402233060596	CAP_up
ING1	1.58041112368105	0.00024654085136698153	CAP_up
CDK11B	0.1673972272832739	0.0002459072169311394	background
SETD1A	-0.9011259514459874	0.0002458747744325412	background
TRAF2	-0.5626774025975347	0.000245829339852572	background
CSF2RA	8.80348592643185	0.0002458116183229098	CAP_up
KDM4A	0.2510953168602044	0.00024577987690006656	background
IRAK2	0.8885888542300204	0.0002454538720090218	background
NEK7	0.0888188250961298	0.00024532838611573575	background
HCST	-1.1218392904416543	0.0002447718613666908	CAP_down
TNFRSF10B	-0.0360589071439952	0.00024472391687595653	background
TRAF6	0.6574155870730691	0.000244657663747418	background
SLC29A1	-1.4483049998058035	0.0002446114086421118	CAP_down
CD44	0.9610054898596632	0.00024454707301784585	background
EZH2	0.1807236957327763	0.00024450765326281947	background
ZMYND8	0.2017816971946635	0.0002444364530836302	background
CFLAR	7.435145474740662	0.0002443192997680938	CAP_up
MTOR	-0.4385180000497789	0.0002443087078810474	background
AKAP11	-5.607015658876049	0.00024426618188484755	CAP_down
SOCS6	-0.0307171131116812	0.0002442301011706949	background
TLR6	3.3268304108371143	0.00024411124358429272	CAP_up
CD22	-2.0565948597611463	0.00024384643351332166	CAP_down
ACP5	-0.196626354634634	0.0002436684462678141	background
USP25	0.4001053730335361	0.00024357427083531306	background
OSTM1	2.386950648936525	0.00024341189145103006	CAP_up
KDM4B	1.8584796699694688	0.00024339546740785757	CAP_up
CDK5	1.2831297876396697	0.00024336229787199232	CAP_up
CTCF	-0.0081628604355765	0.0002433401439828598	background
ACSL5	-0.1572963562031135	0.0002433372313176755	background
SH3PXD2A	-1.766154341045243	0.00024316286546771553	CAP_down
PPARGC1B	-1.2867125048806825	0.0002431530873152438	CAP_down
PTGER2	0.1245233002761492	0.00024314528109968048	background
AHCYL1	0.3730794658369695	0.00024310039513406577	background
CD72	-1.896474980868264	0.0002430562442867486	CAP_down
CD79A	-2.837701842234272	0.00024301263158340826	CAP_down
DNMT3A	-0.4580979357828414	0.0002428491258860288	background
PGM2L1	-0.0887005209281193	0.0002428257644480682	background
DOK2	-0.5372823277012845	0.00024263792683248622	background
IKBKG	2.207284962102698	0.000242585469734714	CAP_up
PDLIM1	0.4407186280978019	0.00024246468981003566	background
CEP63	1.7999620568337251	0.00024243932958336613	CAP_up
TICAM2	1.371535111822537	0.0002422282565993313	CAP_up
KDM1A	-1.242362251959688	0.0002421584457106352	CAP_down
ATF4	-0.2023769544847297	0.00024214254654864669	background
PREX1	6.229206877981333	0.00024196809466190227	CAP_up
PACS1	-0.0418578133076246	0.00024191074962439998	background
MFSD8	-4.207165494781737	0.00024184601111237845	CAP_down
NR1D1	-6.687463925517471	0.0002415969303669079	CAP_down
CCND3	3.656618628312525	0.00024151430656133284	CAP_up
EGR3	0.3525398733871996	0.00024134839842071323	background
HEBP2	4.900758038598429	0.00024132785217197944	CAP_up
EBF1	-4.345240656985716	0.00024131581797480977	CAP_down
ITGB3	1.6305490149061332	0.00024124391749075495	CAP_up
USP20	-0.2396036118002129	0.00024114807594757953	background
BGLAP	0.1746973482145944	0.00024107690388368335	background
NDE1	0.299010449971237	0.00024101501547668254	background
TROAP	1.2170374557162482	0.00024064197486088325	CAP_up
TMC6	-2.065188174021951	0.00024061814685963207	CAP_down
SPHK2	0.0799131831520664	0.00024047884619310462	background
BRMS1	1.1193583499240043	0.0002404477098604697	CAP_up
PRDX1	0.3863101309901077	0.00024034113296804172	background
TAB3	1.0516214392549454	0.0002402366229378736	CAP_up
NKRF	-0.8770444635350839	0.0002401212095077747	background
ALDH1L2	3.6078482388638182	0.00023993037128391986	CAP_up
MSR1	2.150515867710582	0.0002399191113362192	CAP_up
AUTS2	-11.595719857820432	0.0002398292815594938	CAP_down
L1CAM	-1.96806092622815	0.00023962429472911294	CAP_down
CTSG	4.4153082983745655	0.0002394428936027575	CAP_up
ACSL6	-3.977186648497371	0.0002391513367877265	CAP_down
ITGAM	14.78200043398958	0.00023860281224450321	CAP_up
KDM6B	7.278193970560618	0.00023845861205192942	CAP_up
SIRT5	0.3329376667140927	0.0002384163753175181	background
PPIG	0.1123265033412905	0.00023835657416742523	background
ADK	-1.8149078393149836	0.00023831395916888072	CAP_down
RAC2	5.196143546381565	0.0002382976531329712	CAP_up
AURKC	0.0210941270447115	0.0002382954221163053	background
NAALADL1	-1.2124242730742774	0.00023814441972566948	CAP_down
GALM	1.1959609498723205	0.00023805558559259884	CAP_up
SH3BP5	0.3307963554455055	0.00023800844451916519	background
PRKCE	-0.028989068478777	0.0002380064343748644	background
CD79B	-2.631948649257435	0.00023774700643669768	CAP_down
FUT4	3.1254696145558998	0.00023766086569191743	CAP_up
ANP32A	4.446800270796842	0.0002375196672601634	CAP_up
TP53	-2.142126893519016	0.00023732573515071787	CAP_down
CDKN2D	8.132681927023418	0.0002371810690394709	CAP_up
MEN1	-1.1918717877215326	0.0002368474466821772	CAP_down
PML	2.313800961502551	0.00023678972463676254	CAP_up
RAPGEF1	-0.1445722867852193	0.00023669764737092657	background
GK	10.498337511166287	0.0002366392668469595	CAP_up
EIF2AK3	-0.5752939941118138	0.0002362336281240409	background
FHL1	-0.0320062955684809	0.000236132751777646	background
CSTB	1.568095542752567	0.0002359663233021542	CAP_up
COL18A1	3.558121500012037	0.00023589320021631438	CAP_up
ZFPM1	-2.9824905041815284	0.00023587598329661782	CAP_down
NEFH	-0.2621083366637732	0.0002358522596313802	background
CYP2S1	-7.384363700212911	0.00023580424908804622	CAP_down
SPRTN	0.1897404467642353	0.0002357725850644602	background
ASAP1	9.83255249926744	0.00023559356813049169	CAP_up
CDC25A	10.828871225549868	0.00023558161955213722	CAP_up
CUX1	8.006684849732425	0.0002355809526370971	CAP_up
AGL	-0.2466858114130354	0.00023544802233044232	background
SLC9A1	8.567394698636384	0.00023541072996399216	CAP_up
TUBB4A	-1.9491247908396243	0.0002353439505050514	CAP_down
ITGB4	4.789617612179729	0.00023533281290606087	CAP_up
CD14	4.342732861987352	0.00023527940035164896	CAP_up
PFKFB3	18.498867243989583	0.00023522719081783946	CAP_up
IL6R	4.12538906022113	0.00023520361325450685	CAP_up
CALU	0.1576004808138923	0.00023486777412438367	background
TRIB1	17.076428792159472	0.000234640015317134	CAP_up
MTAP	-2.1332446760566963	0.00023452097456742199	CAP_down
SET	-0.4321146480180002	0.0002344387409676825	background
TXN	15.104270552458042	0.00023440955515311327	CAP_up
ALDH1B1	-1.1730538397672527	0.00023438801332842168	CAP_down
DAB2IP	-0.3715358007923292	0.00023433290677433267	background
TRIM5	0.6582378205211151	0.00023426963956070496	background
CBFB	-0.0406596026888682	0.0002341209668839738	background
PIWIL4	10.46684056296218	0.00023410935562562308	CAP_up
PSAP	1.0394622840978345	0.00023386046469089878	CAP_up
PARP2	-0.2418735831472222	0.0002338128032468352	background
E2F5	-1.2448793892490224	0.0002336863821337679	CAP_down
ARID4A	0.8408406204116237	0.00023364789139730777	background
CHKA	0.4348077157596194	0.0002332188019380465	background
YWHAH	7.071475578756957	0.00023305281366582675	CAP_up
FARP2	-1.290097572796407	0.00023285159296921	CAP_down
PTPRE	4.776201192838499	0.00023274553226886502	CAP_up
CSF1R	-2.95787380667423	0.00023272371091845125	CAP_down
APTX	-0.1830082507174599	0.00023259337956926278	background
VCAM1	-0.0645859082685376	0.00023233831859291668	background
PPP1R13L	-2.145446652712166	0.00023231998647552468	CAP_down
UBASH3B	2.7414784151840776	0.00023203442394239589	CAP_up
GNAQ	4.862384085802073	0.0002319577930892073	CAP_up
LCN2	12.720832980330496	0.00023186468935060698	CAP_up
HAAO	-0.0070815913525571	0.00023172683343697278	background
PLAAT3	-0.3989817819418741	0.00023166853896988687	background
IQGAP1	4.384107969378953	0.0002316330578541817	CAP_up
BIRC3	-1.211836247986385	0.00023130049570066125	CAP_down
SCD	1.516510435627921	0.0002312673417129814	CAP_up
FCSK	-0.34287706182806	0.00023114334689407846	background
AKTIP	0.3519396880395189	0.00023063525800631106	background
IL1RL1	1.788894572248552	0.0002306044848730637	CAP_up
CBFA2T3	0.3644991147388835	0.00023058048367051545	background
DNAJB9	1.31591311306904	0.00023027023513237698	CAP_up
LIN52	-0.2450766154711894	0.00023013814341627014	background
SMARCAD1	-3.787734166551001	0.00023001596157268172	CAP_down
TIRAP	2.6090460438291103	0.0002298906198552016	CAP_up
CDH2	-2.958304000325945	0.00022967246443266254	CAP_down
ZRANB3	-1.9468534160338875	0.00022954238616669246	CAP_down
LEF1	-9.072721190485176	0.0002291868907807433	CAP_down
PPM1B	1.3271462851776104	0.00022912403798877875	CAP_up
LCP2	0.9002170254544484	0.00022910382148056243	background
MAT2A	-0.1170336380054371	0.0002288993762766446	background
TNF	0.0863957004295774	0.00022889195215616804	background
STIP1	-0.0566043420087166	0.00022865545106181748	background
KMT2E	0.1315504829739714	0.00022843419948322688	background
CDKN3	3.68257496260397	0.0002283682581077231	CAP_up
ALDH7A1	-1.8473003413846063	0.00022822116029913084	CAP_down
CDC14A	-2.438075792467278	0.00022820240875694078	CAP_down
ALDH5A1	-2.024136424035734	0.00022814057421587214	CAP_down
RICTOR	0.1593528459300852	0.00022785991836839713	background
MAP3K4	-3.0575411060904374	0.00022782242765220846	CAP_down
CD34	-1.4986203957914093	0.00022745791523253025	CAP_down
NFKBIB	1.544231298081563	0.00022734707862832998	CAP_up
TXNDC9	1.3296522764164835	0.00022732805059643611	CAP_up
SAT1	9.83437672032771	0.0002270015363356853	CAP_up
NDRG1	1.8177016411322064	0.00022694995786960262	CAP_up
SOCS4	-0.0464346355158292	0.00022693637975491126	background
HK1	1.4210152731693306	0.00022686059531542934	CAP_up
ANKRD6	0.2669944827194747	0.00022670337856710865	background
KIR3DL2	-2.821285232634948	0.00022647488483625743	CAP_down
CLEC7A	0.9608808077193456	0.0002264202991155348	background
CSF2RB	4.067367747922811	0.00022633016595075095	CAP_up
CLEC1B	3.783783305428223	0.00022624042194678903	CAP_up
MEIS1	-0.100585954373883	0.00022596508702976142	background
PSEN1	2.8883066691610035	0.00022590136613240166	CAP_up
GNB4	2.4840595055875547	0.0002258769984307358	CAP_up
CXCL5	-1.4482738703015852	0.00022577636708378672	CAP_down
TGFBR2	-1.456945500885493	0.000225770434670018	CAP_down
TSC2	0.0023631194816253	0.00022563712077774463	background
ACSL1	20.64751081295445	0.00022563215797742582	CAP_up
ABL2	0.2604824265993462	0.0002255638266591629	background
KCNE5	3.97355253270958	0.00022554304701670507	CAP_up
BPI	15.740148134584166	0.00022548313138769948	CAP_up
HCLS1	2.274785227926101	0.0002253327603646558	CAP_up
CROCC	-3.917990161050807	0.0002251674186266561	CAP_down
RAC3	0.2264856912865117	0.0002251216493838472	background
GNA13	2.436046705318862	0.00022486742752510848	CAP_up
ENO1	3.448228179054959	0.00022473812863777607	CAP_up
ECT2	1.6847290126749424	0.00022465723163364088	CAP_up
ROCK1	3.465331173003064	0.0002245954643720051	CAP_up
CDKN2C	4.515854434312107	0.0002245623893725805	CAP_up
AGMAT	-4.946309230565577	0.00022446440905863688	CAP_down
GP6	0.7476420512995258	0.0002242353002272456	background
TRIM13	0.1002488440377279	0.000224226539354759	background
GADD45B	7.8336758329867155	0.00022416467436911364	CAP_up
P4HA1	0.3615681831546375	0.00022415817778846615	background
USP9X	0.607876929314921	0.0002241154109633467	background
DHFR2	0.0688621204053627	0.00022406515404927008	background
SETDB1	0.8670307921607081	0.00022402662370395182	background
TCF12	-1.0173009614720254	0.00022391034972442275	CAP_down
CDKN2B	7.76465206003975	0.00022375403813255595	CAP_up
RTKN	-7.061642003014123	0.00022374440117073227	CAP_down
ACKR1	3.573192876692251	0.0002235641150591251	CAP_up
C3AR1	16.71179656160536	0.00022343604568883483	CAP_up
GIMAP5	-10.050303270570309	0.00022335085638125699	CAP_down
DNAJC5	7.997789123285415	0.00022325232892516592	CAP_up
PGK1	5.78788113080956	0.00022324540812985373	CAP_up
SHOC2	4.853308633875779	0.00022309673412203749	CAP_up
H2AZ2	-0.002054066212754	0.00022292712236792218	background
MRAS	-2.871081404650311	0.00022270084033137037	CAP_down
GGCX	1.27118951219313	0.00022249435509351116	CAP_up
RTN4	7.4817224831153935	0.00022239558163707137	CAP_up
SUMO3	0.0729857647597926	0.00022223953986920414	background
CD4	-4.844735361446425	0.0002222285822487816	CAP_down
MYBPH	-1.896752349458397	0.00022210325332220417	CAP_down
IGFBP2	6.841544627166316	0.00022204754050852827	CAP_up
SIN3B	-0.2302384771057229	0.00022194208062283906	background
MAML3	3.817922711118295	0.00022180082045642388	CAP_up
GADD45G	12.20448296846273	0.00022170729143719938	CAP_up
CD151	4.484125673308455	0.0002216785416753072	CAP_up
SMAD7	-3.298572194521737	0.0002213881300321647	CAP_down
ING4	0.1345607177293418	0.0002210962695364398	background
RCHY1	0.6619782757130518	0.00022101613200387602	background
ZBTB17	1.088842374506449	0.00022092268133098823	CAP_up
ZFX	0.0045593704496663	0.0002208584649386776	background
LILRB2	6.988041736691182	0.0002205339331084226	CAP_up
KDM5A	0.297334237843527	0.00022052425394187766	background
KMT2B	0.6455857925752345	0.00022045267286813485	background
LY96	11.893218391286451	0.00022018501018222574	CAP_up
CXCL16	8.952326917837029	0.00022016512698847638	CAP_up
GRINA	6.83432877716622	0.0002200757534714168	CAP_up
RIPK1	1.101876937000852	0.0002200194381791035	CAP_up
PPP2R1B	-0.3886776259233148	0.00021999195615368585	background
ARG2	2.956193541407769	0.00021993700318994036	CAP_up
YY1	0.1246486531802812	0.00021986902436083809	background
CLEC9A	-0.6999640390558434	0.00021978400873839265	background
XCR1	0.1569187685271396	0.00021965019204679107	background
NEO1	-1.3991285594292504	0.00021954391463420444	CAP_down
UBE2I	-0.0873709857693229	0.00021934202294201081	background
GSS	-0.2555318158975072	0.0002193016612767595	background
CD28	-9.411955319314073	0.00021928882045187594	CAP_down
IRAK1	0.3301690394014966	0.00021925926071404017	background
CLASP2	-0.8045459776766808	0.00021906953549268723	background
APLF	-0.2199230383544738	0.00021897466679644494	background
ALDH3A2	-1.4836156792095565	0.00021887878656719458	CAP_down
TRPM4	0.3577516469748655	0.0002186324802485515	background
KLC2	-0.6614708841462011	0.00021861244592262738	background
H3-5	1.5470808174479989	0.0002184311790444796	CAP_up
PAK1	2.2140808959473666	0.0002182159801261072	CAP_up
SCNN1A	0.0778982492401603	0.00021802674600609933	background
NCOA4	0.2634527370612167	0.00021790251025956736	background
CEP295	-0.0135094612268818	0.0002178562165407549	background
GNA12	-2.983876117914888	0.00021758276074557379	CAP_down
DAXX	0.1607875273552924	0.0002175668890098662	background
AMER1	-4.255121325730158	0.00021751846729004435	CAP_down
PPP2R2B	-11.249942439070402	0.0002174712311975553	CAP_down
TRAF5	-7.260994719905731	0.00021721028039581363	CAP_down
NAPSA	-0.5451537620202477	0.00021692383385109003	background
ATAD2	0.1218359227228186	0.00021687320946468824	background
NRP1	-13.9181305540265	0.00021687319047194694	CAP_down
CEACAM1	24.360505964650347	0.00021660260229122212	CAP_up
ALDH1A1	-4.275474713225678	0.00021656188105971007	CAP_down
BIRC6	-0.0173210422176137	0.00021643845330673948	background
H2AX	1.7411557622877183	0.00021625385228155947	CAP_up
PPP2R5D	0.012364146605217	0.00021615445175541143	background
MAML2	-1.390273797310285	0.00021612792534836208	CAP_down
CETP	8.458101726349863	0.0002160536373813827	CAP_up
DPYSL2	-0.2449658360031163	0.00021568751734585246	background
PSAT1	0.6503629939680807	0.00021556085810711805	background
OMG	9.775497223307916	0.00021543894456383213	CAP_up
SETD1B	0.005107855449013	0.0002153398891453131	background
CD244	-6.823188606927476	0.00021528855473013317	CAP_down
GGH	8.375128284567452	0.0002152593147027196	CAP_up
DOCK3	-8.574735294635541	0.00021518834986462742	CAP_down
NSDHL	-0.0136135856439861	0.00021512971513844737	background
NGFR	-0.0983665476841689	0.0002148924147990425	background
KPNA3	0.0006632330726722	0.00021478528497605198	background
CLN8	-1.4656819881959922	0.00021477082556694665	CAP_down
PFKFB2	10.648111533873069	0.00021469456494506054	CAP_up
ELANE	9.464727288323532	0.0002145193435110927	CAP_up
PHLPP2	-3.5146842316302958	0.00021451334164383768	CAP_down
FXYD2	-9.916668629089454	0.0002143958844101971	CAP_down
CMTR1	0.1211586945221223	0.0002143504475831593	background
CLU	3.8786619498542536	0.0002140822622029672	CAP_up
RMDN3	-1.6574486544797824	0.00021399034990045077	CAP_down
TNFRSF21	-16.003827439519778	0.00021389317498223152	CAP_down
CDK2	-0.0033857147931827	0.00021389292239706558	background
SREBF2	0.000508754206662	0.00021386157741962094	background
BRD4	0.5598130072080225	0.00021368620774741575	background
MS4A3	0.903806163287876	0.0002136509241906776	background
OGT	-1.0571089880917866	0.00021363442509042123	CAP_down
IL1R1	18.542662045870305	0.00021362082150377557	CAP_up
ALDH16A1	-0.4291723961522984	0.00021339477058809396	background
FBXW11	0.0277929803130252	0.00021332794650664048	background
HSPD1	0.0270755607093656	0.00021326912461289718	background
ING2	1.2557540229822244	0.00021312256502282263	CAP_up
HK3	20.222004901588413	0.0002129586660430529	CAP_up
EPHB1	0.1935309493219756	0.00021294357874665796	background
ALMS1	-3.535490491138213	0.0002128027582787839	CAP_down
KCNE1	15.2113497400531	0.0002127767371409906	CAP_up
PTPN4	-7.060512897956017	0.0002127604533818566	CAP_down
RAP1A	2.4703655856401823	0.00021270379600760305	CAP_up
CXCL6	1.6910178545042225	0.00021268488536322253	CAP_up
KAT2A	-1.5312299797113982	0.00021267582003441812	CAP_down
CXCL10	-0.0643999654591135	0.00021266994841463065	background
SERPINA1	12.545029402549382	0.00021260588991138302	CAP_up
TCF3	-0.7374881776273893	0.0002125933622256794	background
UPB1	9.223164112336956	0.00021255010082846276	CAP_up
RNASE3	9.267766247529917	0.0002123002808542041	CAP_up
APH1B	6.09233020047445	0.0002122399463843995	CAP_up
EDNRB	5.609541863967663	0.00021217657019882095	CAP_up
CD9	0.8985063092057406	0.0002121408064144929	background
IFNGR1	9.04833818453982	0.00021210875398477343	CAP_up
SDC1	8.284474081695567	0.000211906524714066	CAP_up
PGP	-0.469334498342582	0.00021181152732532713	background
NEDD4	2.5726694147121822	0.0002116540217623194	CAP_up
TIAM1	-3.678851239525904	0.00021163691232326643	CAP_down
KPNA4	1.3708964158514227	0.0002114598877161707	CAP_up
ADCY3	4.050458958826589	0.00021094126041044044	CAP_up
ANG	4.905684685709701	0.00021054510694912336	CAP_up
MTUS1	-11.741546876765137	0.00021050066148696754	CAP_down
SMAD5	-2.821771568541264	0.00021048556928638534	CAP_down
VHL	0.1774493124669139	0.00021031689280581446	background
AZU1	4.367525630763331	0.00021030158685631824	CAP_up
PRTN3	9.27394928968548	0.00021010078582614993	CAP_up
DNAJC13	6.678773513089606	0.00020985790927013237	CAP_up
GGA3	0.2647809910621469	0.00020982688339061511	background
ATF2	-0.198322433148387	0.00020978396441945161	background
BCL6	22.11981373446485	0.00020973984860097187	CAP_up
XRCC1	0.031502484323184	0.00020968787624803397	background
TIPRL	0.362802462804399	0.00020955532307376476	background
MYBL2	3.5689182092677845	0.0002094029900693403	CAP_up
ENG	-2.3346654271625567	0.00020939826659093738	CAP_down
ICAM1	6.332432189544522	0.00020931150125786088	CAP_up
TCF7L2	0.8944183417930818	0.00020929322077648923	background
DISC1	5.260703086809007	0.00020911303374620882	CAP_up
ITGA2	0.7397836354568949	0.00020897190414298543	background
PPP2R2A	1.0882696983242115	0.00020887329731233745	CAP_up
BTRC	-0.5347556805130185	0.00020873148161691383	background
ACSL3	3.2735466868603647	0.00020855794935560403	CAP_up
ADAM17	6.192605642673389	0.0002085065682888479	CAP_up
ARHGDIA	1.2613175951652882	0.00020845672916937151	CAP_up
TK2	4.160966838698534	0.00020835781842512772	CAP_up
SNCA	-0.3092481854413014	0.00020827961472935706	background
HM13	1.0574773678848113	0.00020815663188082615	CAP_up
PICK1	-0.0591607650037762	0.00020809098659991564	background
RNF169	0.610025548027257	0.00020799862234383875	background
PELI1	2.827524862316717	0.00020780452855744517	CAP_up
SOX4	-0.1240201103580203	0.00020769418229738015	background
FASLG	-7.310825675893966	0.00020752446422261155	CAP_down
SETBP1	-1.8770626547242408	0.0002072317406241403	CAP_down
BIRC2	3.070061854136551	0.00020712661516682736	CAP_up
CDKN1B	0.1258713197347567	0.00020688575180520766	background
ZNF33A	-0.0350086837645569	0.00020686226004858264	background
PDE4A	-0.1564941513369615	0.0002066923035042891	background
RAP1B	0.2713403362646861	0.00020664422913241134	background
ITGB2	5.624825249885684	0.0002066292100178111	CAP_up
SPAG9	0.5432044332815142	0.00020654267786845239	background
IGF2R	5.025510910815246	0.00020641517091226743	CAP_up
AKAP5	-6.891349822435254	0.00020635176732529094	CAP_down
FCGR3A	2.121372752333399	0.00020597356278343425	CAP_up
TRPM7	-0.6296919724949884	0.00020587822663373204	background
KCNJ2	14.751741401344727	0.00020566610063284428	CAP_up
PPP2R2D	-0.4802323743892608	0.00020513652811125576	background
PLAUR	10.879562172005656	0.0002050810236313841	CAP_up
NPM1	-0.8957163483315047	0.0002050113546616269	background
FBXO32	-6.932481960666969	0.00020475620506247503	CAP_down
GRHPR	-0.2091017774330655	0.00020470070571624178	background
SH2D1A	-6.099251206582815	0.0002046977383123512	CAP_down
FAS	6.061820582175514	0.00020467785798667366	CAP_up
CHD3	-1.001714477935438	0.00020446249949944602	CAP_down
KAZN	11.723998945414989	0.0002044159301898592	CAP_up
LRRK2	6.247178186326137	0.00020377437873656917	CAP_up
PLXNA3	-2.2331672236520923	0.00020376749959665058	CAP_down
IRAK3	17.48801791007701	0.00020375498751837428	CAP_up
IL4R	7.4279935015349245	0.00020372141815839186	CAP_up
GATA2	-8.795339064842482	0.00020371819071626144	CAP_down
MARK2	4.094202659420372	0.00020350973084630412	CAP_up
RHOG	9.92807020255115	0.00020345581068575215	CAP_up
BECN1	1.0662071870657537	0.0002034390884144439	CAP_up
SH2D1B	-15.776282345482148	0.00020320974183538862	CAP_down
HSPA5	2.889964945903376	0.0002031921822151279	CAP_up
TUBB6	-0.5296004235690692	0.00020295817861195735	background
TP63	-2.1155382811878365	0.00020287542214703877	CAP_down
TPMT	-0.106657847160501	0.00020283979497461922	background
POU5F1	2.883184027162909	0.00020280239436202538	CAP_up
GOT2	-0.2328437291222703	0.00020276426345335903	background
LIG1	-1.127631575389456	0.00020246439094646402	CAP_down
TACC3	3.478251557191393	0.00020236349472203455	CAP_up
DONSON	1.06207005863354	0.00020222861559131508	CAP_up
ME1	0.1280638193334051	0.00020216977005743726	background
LSP1	2.9784287412375297	0.00020210609125500073	CAP_up
SMC1A	-0.202678554761683	0.0002020047930272936	background
IL10	11.962008545440677	0.000201699192534572	CAP_up
GLYCTK	-0.2929536750370935	0.00020164524511052966	background
CLN6	-0.0335571174513898	0.00020155058963466048	background
KYNU	0.0718920523584802	0.0002014541933883411	background
TAOK1	1.0721390843385532	0.00020143804617102403	CAP_up
KAT5	0.8272363772187479	0.0002013510806204631	background
FCGR3B	13.674690787449384	0.00020129891994085668	CAP_up
SLAMF7	-0.0228580442795521	0.00020126603214150627	background
KMT5B	0.4481083134636893	0.00020114022590315744	background
NCOA5	-0.6271441866650056	0.00020098430260746678	background
TAL1	0.1448723266808198	0.00020097343880996424	background
CSNK2A3	0.0519740655812104	0.00020086302179806665	background
HYOU1	0.0902124667799512	0.00020077334019930176	background
H3-3B	4.162451871746625	0.000200772619233372	CAP_up
NAPRT	2.353991138727574	0.00020062008489036474	CAP_up
NLRP1	-0.6580253157413678	0.00020056599969750762	background
RASSF1	-2.058510153492278	0.0002002796089270805	CAP_down
VAC14	-0.5308229796727788	0.00020017431216347496	background
SLC2A14	12.124891175560068	0.00020014141499215596	CAP_up
PARP15	-7.235695114223189	0.00020010901391643706	CAP_down
PRDX6	0.7861782139331593	0.00019990595952646716	background
DENND1A	3.2502638044642245	0.00019973703281785495	CAP_up
EPM2A	-4.0829645612685965	0.0001997353198110736	CAP_down
TCF7	-11.00598347632651	0.00019961358888663776	CAP_down
TRAF3IP2	-0.0807244537808785	0.00019960883580817911	background
F2R	-0.2315466130528491	0.00019949817537350046	background
PPP2R3C	3.242750431964505	0.0001994752145254607	CAP_up
GNB2	7.812977574966939	0.00019943069584305343	CAP_up
THBS1	2.977384810899582	0.0001993909116222341	CAP_up
RB1	2.4068318356838683	0.00019931932159752424	CAP_up
MYB	0.2445438897995427	0.00019911379877052607	background
BCAT1	6.879236501100712	0.00019908252821783948	CAP_up
PTPRG	-0.9945844187576892	0.00019906033444272225	background
NFYA	0.5461691975007777	0.00019904732273731836	background
CCR1	7.5953745599778895	0.0001989516803112936	CAP_up
CASP1	6.159196757135304	0.00019888091868994288	CAP_up
MAPRE1	3.187371592037337	0.00019880810522114744	CAP_up
KLC1	1.7737631793899695	0.00019876225811546052	CAP_up
RBL1	-0.9684018666526362	0.00019864642495643462	background
TRAF4	-1.226827838428667	0.0001984443479746687	CAP_down
NANP	-0.4078669071797371	0.00019843335907725502	background
PFN2	-7.9560720553877085	0.0001984141814321943	CAP_down
PPP2CB	0.3392117433514409	0.00019839357977215625	background
HSPA13	0.6784114253417112	0.0001983869634369061	background
SVIP	-0.2671420466141224	0.0001979879742162512	background
BTBD2	-0.130809085589438	0.00019794939091972332	background
TNFRSF1A	5.482906464231455	0.00019791931149496875	CAP_up
CAPN2	0.1721738214480158	0.0001978975752826247	background
CTLA4	-1.1254661378026751	0.00019783055954677504	CAP_down
NOD1	-0.1579308475681526	0.0001976818830276878	background
FSCN1	0.3415259971097903	0.0001975631810846142	background
DOCK2	0.9030234374287998	0.00019756086321082107	background
MAML1	0.6973716205167774	0.00019730612946383645	background
CYCS	-1.727752785229019	0.00019711981357884418	CAP_down
HLTF	-2.911369259423668	0.00019703423600256104	CAP_down
GLI3	-12.331991612221264	0.00019700846349563774	CAP_down
IL17RA	12.779991698611628	0.00019698545182978563	CAP_up
PRC1	1.0966313336649876	0.00019693800814801106	CAP_up
BACH1	2.73072608173168	0.00019693564650403398	CAP_up
THUMPD2	-2.164647738848913	0.00019689252413755906	CAP_down
RNPEPL1	0.5891703967061223	0.00019685995596535974	background
EZR	-0.0499749136474056	0.000196642460456702	background
TSC22D3	2.8009052080092744	0.0001966239493387109	CAP_up
MAPKAP1	0.0223326916834729	0.0001966096373957781	background
CASP10	0.3909789708140539	0.00019653425900657476	background
USP33	0.6375103636865552	0.00019648199139832563	background
ASGR1	0.4839203340884079	0.00019631993768627027	background
DDIT4	1.36566431699202	0.00019603003434017852	CAP_up
PLXNA2	0.381863267160422	0.00019602681037032274	background
WDR5B	-0.2549349775585124	0.00019599474770660215	background
IRF1	1.941252928489251	0.00019590521747929826	CAP_up
PYGB	-0.2292690741886517	0.00019587179570740523	background
RAD21	1.241021968860781	0.00019585388815765724	CAP_up
PGAM5	-0.5922589820682806	0.0001957842055898873	background
CD19	-1.321253567735218	0.00019552753611251847	CAP_down
ALCAM	3.2332454042870133	0.00019541476429423712	CAP_up
CDK11A	0.32330833792591	0.00019539896079240392	background
SUMO2	0.1547567190387093	0.00019518674288656216	background
TSC1	-0.4961800507945905	0.00019509818698670666	background
PKMYT1	10.365654693850724	0.00019507108379357953	CAP_up
PRKCI	-0.2036763838203593	0.00019505283720160443	background
ITPR3	-2.9527285571301563	0.0001950195114639594	CAP_down
RNF4	-0.1011844457747004	0.00019492304426224947	background
CCL4	-3.7647239183464856	0.00019473121722157467	CAP_down
C5AR1	13.131726009498644	0.00019469564185024853	CAP_up
SNRK	0.113322661620062	0.00019465613346722336	background
KPNA1	0.3852407409775406	0.00019449118616749045	background
AXIN2	-12.450296344495094	0.00019438726443543145	CAP_down
SLC52A2	-0.025962135882221	0.0001943597876993693	background
PIP4K2B	-0.4604457165605748	0.0001943589533424474	background
AMPD3	2.962742537663268	0.00019429551671840836	CAP_up
SPAG5	2.5307858631769533	0.00019428346682939172	CAP_up
JKAMP	3.4553483760089247	0.00019425585282338583	CAP_up
KHK	-0.3835258109037508	0.0001941907652463676	background
ARHGEF12	0.2114457628151392	0.00019414798642817787	background
EGR2	-0.0350583740046028	0.00019412265934415856	background
CKAP2L	5.04192384772119	0.00019411464178737846	CAP_up
HNMT	1.2412117502900877	0.00019408749638218277	CAP_up
NPDC1	0.0003454738177266	0.00019402454044257906	background
CX3CR1	-2.5257824191083103	0.00019400414350494378	CAP_down
SUMO4	0.1584920581129953	0.00019387930414994044	background
PPP1R14A	-0.234569797689005	0.0001937983455079247	background
ACACA	0.1396209598581661	0.00019360437212324945	background
SMARCA4	-0.4069921240351241	0.0001932314676422233	background
CD5	-5.363215834622084	0.00019316512468318608	CAP_down
TNFAIP3	1.8294052845408848	0.00019309153839656604	CAP_up
UPP1	14.10678188991928	0.00019301184343934944	CAP_up
TICAM1	2.036968696670184	0.0001928900539050012	CAP_up
DDX17	-0.0809486447454766	0.0001928191123528236	background
MAGED1	-2.06169845550001	0.0001927390604150043	CAP_down
SPI1	11.552936408488328	0.00019255125554184263	CAP_up
MAFG	12.228821368799236	0.00019251948996443826	CAP_up
PDE7A	-1.973708504888108	0.00019229242738053276	CAP_down
PIMREG	5.978885944627404	0.00019208870182372704	CAP_up
LIPC	-0.1302600442738295	0.0001919907410877265	background
CD40	-0.6414093622174956	0.0001919589480920731	background
PADI4	16.14738195468089	0.0001918441562085504	CAP_up
TRADD	-0.0035798525657931	0.00019181004392434135	background
RPS6KA2	-0.3518790378964612	0.00019172806303184039	background
PROS1	0.8297509307012659	0.00019164064671893435	background
ZYX	10.43184959934318	0.00019160331049341284	CAP_up
PSEN2	-0.63860724840948	0.00019142941312757684	background
PARP3	-0.7353700327123897	0.00019130820339186965	background
SOCS7	-2.238737961513377	0.00019121262242241795	CAP_down
LYL1	1.011903313039574	0.0001910570871503579	CAP_up
ACVR1B	7.8818185838674815	0.00019105530634961972	CAP_up
TNIP1	7.053845389010586	0.00019098868308661622	CAP_up
KCND3	-1.1608311712970274	0.00019091035447637368	CAP_down
ANXA1	3.722917460949765	0.00019089746583323712	CAP_up
OS9	5.398480085031557	0.00019019384205861634	CAP_up
AHCY	0.037397642851873	0.00019018351657929113	background
SMURF2	-0.810212623408451	0.00019014500553570884	background
RPA4	1.08085779816967	0.00019005803032460025	CAP_up
CYLD	-0.0522030020265001	0.00018995658753505213	background
TTF1	0.0122826174999642	0.0001899551675739687	background
PDE7B	-5.216482885969604	0.00018981174257418104	CAP_down
SGK1	-0.3648001868321991	0.00018979727372373564	background
CLN5	-0.1728353272944888	0.00018976626680827335	background
ZNF219	-0.4059453457975048	0.0001897446015999693	background
H3C12	1.9127210245790127	0.0001896719886417375	CAP_up
TPK1	0.1186159322694456	0.0001894961515622983	background
RASA1	0.101864561234704	0.0001892613169485629	background
PLCB4	-0.0613482148521088	0.00018912050403334767	background
NOD2	5.406344048381008	0.00018911736551363687	CAP_up
BTBD1	-0.0326059239852806	0.00018909609623074316	background
CCR10	0.0806059757002777	0.0001888782858590272	background
TBC1D4	-9.711927581004842	0.00018885436338578513	CAP_down
PAK2	2.3968683956497774	0.00018875379854083721	CAP_up
ARG1	38.65244154050928	0.0001886683020892181	CAP_up
PTPRC	-0.1852336191528674	0.00018845108588470778	background
CDK1	4.2865359526132165	0.0001883473331080681	CAP_up
AXIN1	-0.0055962852931593	0.00018832370055335405	background
PNOC	-0.7592565367960794	0.00018829645198284927	background
TRAF1	-4.96777202906384	0.00018823841105960177	CAP_down
MMP24	-0.0724218622957976	0.0001881452625335915	background
CHD4	0.6736944301114458	0.0001881036090577323	background
TRIP13	3.905361495288261	0.00018806544987346127	CAP_up
CRTC2	0.5230032772011195	0.00018795878426835512	background
PRKD2	1.1353333165634962	0.00018792676660261804	CAP_up
APH1A	0.5374540548217904	0.00018785454949747678	background
PTTG2	0.5908842207876748	0.00018774391222816246	background
HSPE1	-0.3469883400496004	0.0001876158013938352	background
CCL3L1	-0.0493258690151782	0.00018749181572843567	background
KIF5A	-1.3888462589749997	0.00018737712024271112	CAP_down
SENP6	0.2160525522119318	0.00018727811177710467	background
ITGA9	6.671256850737425	0.00018726586815429996	CAP_up
GPR183	-8.062471007669824	0.0001872201576871434	CAP_down
PRKAG1	1.091560411289323	0.000187175407334164	CAP_up
TBK1	5.450633878957568	0.000187169920401768	CAP_up
GCHFR	-0.2246498358606477	0.00018713853593594728	background
SUB1	0.5392507880923852	0.00018703311522353625	background
FYB1	4.160581650903332	0.00018700025015971886	CAP_up
SRXN1	4.777509155757272	0.0001869635798707745	CAP_up
LILRB1	1.958208001954972	0.00018695519063085685	CAP_up
LTF	20.769983963237195	0.00018691909505345712	CAP_up
ANKZF1	-0.0478260321118849	0.00018669671004855197	background
FLII	3.0025283153161686	0.0001865615719463665	CAP_up
ITPR1	-1.3031586440787115	0.00018646470371247488	CAP_down
PSENEN	2.7140130289345312	0.00018645205024138737	CAP_up
CDCA7	0.0755076520202734	0.00018638190252285357	background
JOSD1	0.114306752035452	0.00018622761528918607	background
KIR2DL3	-6.5662670866118535	0.0001862202636436818	CAP_down
TOLLIP	3.4118260042589794	0.00018619401130628164	CAP_up
ROCK2	1.7746691820831226	0.00018613018088516143	CAP_up
OTUB2	0.299447411710845	0.00018607791329038441	background
SOCS5	0.1638454071261168	0.00018601384297793196	background
LIPT2	-4.122302530101428	0.00018593799074556196	CAP_down
SMARCA2	-0.0722814489643638	0.00018580713083912284	background
PBX1	-0.3748362735318254	0.00018577972906410492	background
PIP4K2C	1.7782458069336844	0.00018573316502732911	CAP_up
PCYOX1	-1.1565137867445836	0.00018565059320211372	CAP_down
NCK1	-0.0669318752726325	0.00018558604992866576	background
NCSTN	6.822146350999663	0.00018540941942562359	CAP_up
NDEL1	2.2792276541008536	0.0001853551529650011	CAP_up
TFDP1	3.4547011466860686	0.00018532276690836168	CAP_up
RNF187	-0.3619069612265336	0.00018531394335382837	background
MAPK6	1.1606642696101774	0.00018531117980761087	CAP_up
PHF14	-1.6969238991887845	0.00018528983543214961	CAP_down
RACGAP1	1.89298234680804	0.00018513562547955886	CAP_up
NFIL3	18.407379776478138	0.00018510842848688895	CAP_up
SLC19A1	5.204887899558926	0.00018510438743354427	CAP_up
ALDH9A1	-0.0575477547483475	0.0001850603644315568	background
RALGDS	-3.785697886447073	0.0001850487032821967	CAP_down
DCK	-0.864326184985025	0.0001847093512188261	background
CHAF1A	0.5305116945189375	0.00018462904891285164	background
PRMT5	4.759561893114896	0.00018460640691506984	CAP_up
PLCH2	-7.725188359920747	0.0001845694117373204	CAP_down
RNF181	3.110901295136744	0.0001845569066120741	CAP_up
MELK	3.569520768555569	0.00018439699662654082	CAP_up
EVL	-5.82760161686358	0.000184347433347473	CAP_down
SMC2	-0.5149997681761013	0.0001843021220406979	background
SC5D	-1.856204466382051	0.0001841397467718947	CAP_down
IL4I1	-3.71277630224049	0.00018409347219675576	CAP_down
GNPNAT1	-0.935148733875187	0.00018400791809455714	background
TFEC	0.1293937042294613	0.000183953245326932	background
KCNA3	-3.366066834655041	0.00018388921176755712	CAP_down
IRF3	-0.2759194446628446	0.00018387193614212842	background
ACSL4	8.146499414468645	0.00018370380187054873	CAP_up
CHAF1B	2.996306931053613	0.00018367726508151382	CAP_up
EED	-0.1220666671537633	0.00018362926845973295	background
STAT4	-6.978185172781444	0.0001836231913607958	CAP_down
RNPEP	2.103979589391892	0.00018358367540640094	CAP_up
H2BC9	0.2469059117356315	0.00018349880198867245	background
TLR1	5.364784498486394	0.0001833790219059952	CAP_up
UBXN10	-1.214235664858188	0.00018337278498362105	CAP_down
MTDH	0.5280805805698415	0.00018320311670481245	background
MANF	0.4765581706925436	0.00018317175313451673	background
SMC4	0.1557959785315647	0.0001831462589799847	background
ANKIB1	-0.1528620620727239	0.00018313855017231226	background
RHOA	2.747444276197192	0.00018313791340025248	CAP_up
FADD	6.791202350877549	0.00018310685619893344	CAP_up
PDE3B	-1.877213174111246	0.00018298983928524595	CAP_down
PFKP	-0.0463573000282699	0.00018298240986660386	background
GSR	5.890915316826683	0.00018275504553772647	CAP_up
GGT7	-5.186868760814015	0.00018262301928325905	CAP_down
PLB1	7.738240352888125	0.00018259674867646122	CAP_up
CCNB1	2.993911711468967	0.00018253259003762104	CAP_up
IFNG	-0.6443506403478823	0.00018250920705637443	background
H2BC12	13.04883458623842	0.00018250483691920592	CAP_up
BAG6	0.2627138770056831	0.00018250213408147088	background
IFNAR1	5.902450484579871	0.000182495996083475	CAP_up
AIF1	1.0389829524862566	0.00018229593118549085	CAP_up
ARHGEF1	0.1201228416441756	0.00018227467762076653	background
CALR	0.1988011722394333	0.00018214174540260688	background
MAP4K5	-0.8619227387448041	0.0001821009851282056	background
MAN2C1	-0.6544754571742399	0.0001820592600745973	background
PPP2R1A	0.0493552600609173	0.00018198374240688495	background
H2BC21	11.578411241722634	0.00018188891239138158	CAP_up
CRY1	-2.9798916885071947	0.00018166952153408087	CAP_down
IKZF1	-0.2080027786595464	0.0001815980810363616	background
MSMO1	0.438987739012158	0.0001815236817088496	background
OSGEPL1	-7.250742390255601	0.00018149057708037445	CAP_down
GCLM	4.146319140370168	0.00018144208328322065	CAP_up
ACTB	5.099543064277708	0.000181336903565224	CAP_up
MKI67	3.391595297079657	0.00018120052088919673	CAP_up
SCARF1	4.623184303168557	0.00018089929613029869	CAP_up
BIRC5	6.713511802847042	0.00018085790391061165	CAP_up
H2BC15	0.8149184711061672	0.00018085040720401007	background
FPGS	-2.348012369702987	0.00018083157460506143	CAP_down
CKAP2	-0.0040917999374185	0.00018078872033426072	background
CD81	-2.394171744256488	0.00018076910126887813	CAP_down
GMDS	0.0240988839843163	0.0001807626103385545	background
CCR2	2.1843285222617705	0.000180739263662616	CAP_up
PRTFDC1	-0.0020121606623489	0.00018067916629024156	background
AZIN1	2.881714523416425	0.0001806412870313903	CAP_up
H6PD	1.8586247710165091	0.000180599262836709	CAP_up
CCR3	-8.454445503256554	0.00018056783609414457	CAP_down
L2HGDH	-1.6938798871539904	0.00018054939401399868	CAP_down
CYP2R1	-2.162324780735993	0.00018045900932562922	CAP_down
TIE1	-3.422761171305473	0.0001803387422657684	CAP_down
UBXN8	-0.0557872175661913	0.00018032536287133566	background
KCNN3	2.927485043631461	0.00018014000159448775	CAP_up
UBXN4	1.8268810647599432	0.00018006389712158224	CAP_up
IDUA	-2.912490774677281	0.00018005506184261627	CAP_down
MMP25	16.65908769045318	0.0001799781764542547	CAP_up
TTI1	-0.069415880091212	0.00017994771264714132	background
IL7R	-9.53583515688952	0.00017986944738174562	CAP_down
PPP2R5B	0.6790103300990767	0.0001798379453249916	background
PKD1	-3.0415539676811223	0.00017967569861645425	CAP_down
HTRA2	2.42834244105142	0.00017962903314513163	CAP_up
AKT1S1	-0.0738418877680405	0.00017913166907164237	background
PIP4P2	8.771143530990205	0.000179112343787106	CAP_up
KDM6A	0.4653314706638033	0.0001789725130445438	background
PDK2	-1.3939700532963872	0.0001789656932157368	CAP_down
VCL	0.6701219675567291	0.00017871694732030083	background
S100A4	2.752739067995853	0.0001787011258307168	CAP_up
ADAT3	-0.0022367764529575	0.00017858304216571204	background
KIAA0319L	4.7781653126667205	0.0001784793464720209	CAP_up
NR2C2AP	-2.3094479130171437	0.00017845478124833128	CAP_down
CALM1	0.0446697341802179	0.00017845453730919443	background
CALML4	2.036140261091066	0.00017818047604834243	CAP_up
ARHGDIB	2.6453786413254186	0.00017801118940366232	CAP_up
TAF1D	-0.0498290039858599	0.0001779687621023356	background
LPL	0.0067649596324347	0.0001779613298789552	background
ESS2	0.2398004073427012	0.00017794710868142676	background
PPP2R5E	0.0043938027213783	0.0001779042166639926	background
PHLPP1	2.4064944131059547	0.00017763884227908622	CAP_up
GLMP	1.3144875500558657	0.0001776359932290636	CAP_up
TRIM27	1.0829143970764354	0.0001775979414920092	CAP_up
SMURF1	0.3954838882921331	0.00017744776543247257	background
ITGA6	-4.289634283332222	0.0001773519526427319	CAP_down
GCLC	-0.6191330342698298	0.00017733851048627996	background
HPD	10.326472157428013	0.00017719898376634868	CAP_up
FAF1	-0.5608970405584282	0.0001771679254024562	background
PRKAG2	-0.4382568171508656	0.00017712614167425417	background
CAMK4	-11.850729878807424	0.00017708013972551003	CAP_down
LAT	-8.324491203379102	0.00017705917698441467	CAP_down
ITGA4	-3.809253926804013	0.00017705225658451318	CAP_down
H2BC18	3.768344860909277	0.00017688717716967157	CAP_up
ALDH1A2	6.947783029778218	0.00017681081584061212	CAP_up
ADHFE1	-5.592996447429844	0.00017674102395063733	CAP_down
SCIMP	-0.8488384287291694	0.00017669533658651237	background
PRAG1	-9.792112687599522	0.00017669533658651237	CAP_down
DUT	-0.7813364481411293	0.00017657949514615393	background
PTPN9	-0.0113407767857978	0.0001765101734039429	background
CD8A	-4.289897630776375	0.00017649970479380835	CAP_down
PIP4P1	0.1655213686103328	0.0001764857073946326	background
KEAP1	1.0350091525103793	0.000176433410388832	CAP_up
TNFSF13	1.7440949234247194	0.00017625954265433955	CAP_up
PRKD3	-0.8737842875096122	0.0001762405453670073	background
ZNF131	-0.5158107383125611	0.00017623599742562837	background
C5	1.467941596400845	0.00017619417436969957	CAP_up
TEP1	0.0839418908694138	0.00017615611594764755	background
STBD1	8.047019127547486	0.00017612344458304755	CAP_up
UBXN2B	7.482416987839986	0.00017609720037589058	CAP_up
ARID4B	1.1472123487863592	0.00017605505861927422	CAP_up
CSNK2A2	-0.0128902302939212	0.00017588722703544739	background
TLN1	5.51574710600383	0.00017588647503730668	CAP_up
SPRY1	0.1896487384609285	0.0001758550216903637	background
IL7	-2.191343340914927	0.00017583361249577482	CAP_down
STRN	0.1004206000965821	0.00017583355491595135	background
G6PD	9.685167202961717	0.0001758132309295126	CAP_up
NCK2	0.2203821852145565	0.00017570668437314732	background
DGAT2	11.91161224851969	0.0001756834865889158	CAP_up
TPX2	6.544319524883162	0.00017566931625154856	CAP_up
CCM2	0.5716685872619878	0.0001756263896348118	background
UPRT	-1.7108032400941728	0.00017557933680123472	CAP_down
GGT1	4.528046431510625	0.0001754628331496069	CAP_up
ACLY	0.2287959572742427	0.0001754422161984916	background
GMPR	0.2139055303753523	0.000175134187034898	background
CALM3	0.794403754018267	0.00017508007278372017	background
SUV39H2	-0.010331719019613	0.00017507891802240254	background
FUNDC1	-0.3230878588760894	0.00017485512445408201	background
NUSAP1	3.2166735793682624	0.00017482204768613785	CAP_up
SKA2	-0.0659036321121467	0.00017477021514366442	background
S1PR1	-3.1616899397463	0.0001747340735274773	CAP_down
CLEC1A	2.477261429897286	0.00017472209678050783	CAP_up
ARID1A	0.4353732755163783	0.00017464272416744744	background
POR	8.145167047866822	0.0001745753095562082	CAP_up
VDAC2	0.3198262045550117	0.00017452505867492367	background
PRKDC	-0.3190791261036207	0.00017450410053978182	background
WWOX	-5.732535720449691	0.00017441923854505717	CAP_down
CAMKMT	-1.0307617370442477	0.0001743138117821834	CAP_down
CBX3	1.218880536619498	0.0001742803999117926	CAP_up
KIFC1	5.061292554336888	0.00017414551249494067	CAP_up
SOD1	-0.0201791312419119	0.00017412385910708814	background
IKBKE	-0.2461246345080848	0.00017405114430850657	background
GNB5	-1.1893318309846048	0.00017403229908178168	CAP_down
FZR1	-0.1262613503269789	0.0001739863381181635	background
ATP1B3	0.0583058212232862	0.00017395348495218623	background
KLF6	4.946867005981161	0.000173836663702148	CAP_up
NOTCH4	-1.1340412391038366	0.00017381060731629482	CAP_down
NDC80	0.5359436224788886	0.0001737145064732796	background
FEN1	1.0924072324765928	0.0001735970105436737	CAP_up
ST3GAL6	3.85066027001135	0.00017352055913963865	CAP_up
H3C13	1.738756624780355	0.0001734552330772895	CAP_up
CEL	1.655983238206033	0.00017341453072346885	CAP_up
PPIA	-1.4510914654449143	0.00017329085108765095	CAP_down
RBBP4	-0.9021513112597992	0.00017328772327794773	background
IRF8	-1.418575763442097	0.00017326739117011077	CAP_down
H2AC20	8.506344365793115	0.00017319501883295948	CAP_up
THEMIS	-5.774006060318429	0.00017317805543179415	CAP_down
PCNT	-1.1967555812709798	0.00017294988208523115	CAP_down
CAMKK2	12.171517423975956	0.00017294094506842871	CAP_up
NUMA1	-0.2615453118742794	0.0001726768835907876	background
CHEK1	3.1321541277943807	0.00017264809252704868	CAP_up
PIP4K2A	-0.9967009628012308	0.00017257150014408966	background
SUZ12	0.0850612267764397	0.00017255708370347313	background
TRDMT1	-0.0041482797091292	0.00017255198216743176	background
NCAM1	-6.890580827116276	0.00017230607289672506	CAP_down
PARD6B	-0.4648400610737676	0.00017230067298103067	background
APRT	-2.985558835842691	0.00017226019387342738	CAP_down
BNIP3L	0.0729447920862479	0.0001721566067723398	background
CD80	-3.08867082203258	0.00017204143331616252	CAP_down
PARP10	1.664563289257543	0.0001719861466595297	CAP_up
PLIN4	21.15468461943804	0.0001718914245506248	CAP_up
TLR7	-0.7329820445289147	0.000171813906280473	background
GNAZ	-0.1786969291853907	0.0001715651063343956	background
TFE3	10.201062916354426	0.00017152233189591246	CAP_up
TSPAN33	-0.4734835508484738	0.00017144467430131946	background
ANLN	9.595739654261614	0.0001714313622770957	CAP_up
LIMK1	3.951386532740043	0.0001714209444824257	CAP_up
MCOLN1	0.7931769255849694	0.00017138509508394695	background
PKIG	-1.0446527375884382	0.00017133519685200388	CAP_down
PFKM	-0.1083814959491638	0.00017132543183329558	background
ZNF157	-8.060329540455236	0.00017120710794651448	CAP_down
ZNF81	0.0017198597757733	0.00017120710794651448	background
ZNF182	-0.0290574061967202	0.00017120710794651448	background
PRKAB2	-1.3412744175007485	0.0001711843847874395	CAP_down
RPS6KA1	5.463822305204968	0.00017116803628240102	CAP_up
PDS5A	-0.8914361002599763	0.00017111293979242746	background
GNPDA1	0.0829138317089137	0.00017110822100151302	background
KMO	-1.5448541767787662	0.00017097357885053352	CAP_down
GNGT2	-1.5089828956157687	0.00017086983944821445	CAP_down
ITGAV	0.0011877853539874	0.00017073685915683639	background
IL10RB	6.11179938222983	0.00017072470100540412	CAP_up
ACOT1	-0.3517797693779951	0.00017068921654718206	background
CTSE	1.36080649542747	0.00017063979191983905	CAP_up
FLNB	-1.415866183256892	0.00017063045666660187	CAP_down
PRKAB1	1.9106376464650363	0.0001705876854973969	CAP_up
CCNE2	3.772589785799584	0.0001705753699093627	CAP_up
SSNA1	0.3254260313761064	0.00017050849437979786	background
PHF21A	8.37331777009799	0.00017043015878673458	CAP_up
VWF	0.0230591280792157	0.00017042533332983488	background
SH2D3C	2.84548599250972	0.00017036227374654832	CAP_up
NCAPD2	0.4839725631533602	0.00017026237725901235	background
H2BC5	13.357914671339993	0.00017025729084937954	CAP_up
KCNE3	5.559580837421412	0.0001702212268879941	CAP_up
RNF31	0.3977735680643129	0.0001702096200498207	background
PUDP	0.0963396196662687	0.00017020637376796715	background
PLAA	1.449549690027403	0.00017020283549078704	CAP_up
MRI1	-1.666503188104913	0.00017015647994612205	CAP_down
SGO2	0.4552389389411619	0.00016996869379372017	background
PGM2	6.678868446868079	0.00016996607420969358	CAP_up
PYGM	1.2518343153251206	0.00016996116146157983	CAP_up
PIP5K1B	2.084670120242456	0.0001699518334652537	CAP_up
PCLAF	2.2382266339458923	0.00016992544682103956	CAP_up
CCRL2	7.557528834865199	0.0001697311765586054	CAP_up
CXXC1	-0.0897008809032526	0.00016968335972444818	background
KIF23	2.7698853616546764	0.00016959986691810302	CAP_up
CCR9	-4.359399945791522	0.00016957221844084343	CAP_down
CBX5	-2.208240966584146	0.00016947721704647028	CAP_down
NEDD1	0.713247483041853	0.0001694719932706826	background
USP13	-6.330950148992722	0.00016942186614655078	CAP_down
ERCC6L	0.2397517877382715	0.00016938849316471122	background
NR4A2	0.0878773443258668	0.00016937653306418605	background
PHKB	0.2602909383192067	0.0001693441658039433	background
RBBP7	-0.4894935761616705	0.00016922432576999623	background
DEFA4	8.341126658047061	0.00016890285455305065	CAP_up
HAUS6	-1.6192308905465536	0.00016886756617935718	CAP_down
PHKA2	4.941166037443724	0.0001688041403102523	CAP_up
CPPED1	1.940150322009287	0.00016879095454880007	CAP_up
BRCA1	6.432768523865691	0.0001687863364545472	CAP_up
ATM	-5.7712553455071545	0.00016877457324500822	CAP_down
INCENP	0.1735363554910086	0.00016876279796280928	background
HMMR	6.562886963929423	0.00016874016368999164	CAP_up
ASTL	-1.7451728474072574	0.00016869543341701843	CAP_down
CKS2	2.425974409763391	0.00016868701345087777	CAP_up
SYNGR1	-2.204531824801796	0.00016857429246631622	CAP_down
RHOBTB1	1.3191114890247178	0.0001685423004915266	CAP_up
PLXNA4	-8.560451258061088	0.0001684814404742429	CAP_down
GPAM	-2.2942973950470806	0.00016842475226968887	CAP_down
GYS1	0.4099285846115029	0.0001683277313615854	background
PRKAA1	0.6297012693346079	0.0001683255540393379	background
VDAC1	-0.0974510025432587	0.0001682738777998353	background
NIPSNAP3A	0.0802999186502949	0.00016820980811761777	background
ME2	2.447024512601604	0.00016816546186245387	CAP_up
PIP5K1A	1.4710853475601366	0.00016809977886048284	CAP_up
CPEB3	5.7487516698532986	0.0001679977029727018	CAP_up
FBXO43	1.6902816686039406	0.00016786579397328366	CAP_up
RBL2	-1.2366195373370297	0.00016786339890311004	CAP_down
PFKL	-0.1625682869949083	0.00016784481488731423	background
EEF2K	-4.050261585776859	0.00016779976990295473	CAP_down
MSH6	-0.0234212449276559	0.00016777251732419152	background
HTT	-0.3468932013106756	0.00016759891794004548	background
GRPEL1	0.9144405990327086	0.0001675438138183547	background
CD47	-4.316140690121006	0.00016745965552734078	CAP_down
ITGA2B	3.375360637240324	0.00016730444634705113	CAP_up
IL3RA	-0.6535372770731185	0.00016715231687128025	background
SERPINB2	6.9508821403588765	0.00016712927536591257	CAP_up
CRY2	-1.4016505116799294	0.00016712372754374018	CAP_down
CALM2	0.8613546226569572	0.00016711737291418807	background
CD247	-7.771659262766451	0.00016706856572020363	CAP_down
TSSK4	2.588437927057182	0.0001670229766688107	CAP_up
RNF41	1.199820332358492	0.00016685778452885677	CAP_up
CD3E	-6.341905556054701	0.00016682492546435073	CAP_down
ITGA5	0.6124967214307835	0.0001666489449964487	background
OTOF	4.085000668478024	0.00016619813213871907	CAP_up
PDCD1	-0.2507290902220429	0.0001661625468190811	background
AFMID	-0.0125809488289614	0.00016603675950983468	background
MKRN2	-0.2061598797251011	0.00016590506194398989	background
LGALS3	0.4486081362535472	0.00016577077815766573	background
ITGAL	0.0568506607473053	0.00016574471663564373	background
PIF1	0.6951267801069629	0.0001657331830805823	background
KIR2DL1	-5.757042758932455	0.00016567054432426955	CAP_down
HIPK2	1.7703567154087778	0.00016564570954210993	CAP_up
CCR6	-10.140512743232058	0.00016555615880968692	CAP_down
PRKG1	0.129134562606744	0.00016553944424339964	background
TUBA1A	3.400479459653144	0.00016552990916416415	CAP_up
SMC3	0.009026953917795	0.0001654908575423147	background
CD86	-0.539283020192534	0.000165464348514374	background
CDC42	1.2734539677082548	0.00016541289205372194	CAP_up
FOXN2	4.147567218498265	0.00016532775596994102	CAP_up
APBB1IP	7.333271896739421	0.00016530286389533833	CAP_up
KIF20A	6.959379170710796	0.00016521822905252284	CAP_up
KIF2C	5.215165382238636	0.0001651812113373138	CAP_up
GOT1	-0.334577483887754	0.000165064671422771	background
NCKIPSD	-0.0510143699843127	0.00016492203194873545	background
CLASP1	0.631401393925376	0.0001648017617821984	background
KIF22	-1.125853159719116	0.00016477689576210031	CAP_down
TNFSF8	-0.115850612550137	0.000164768034452974	background
KLF1	0.3824885877376166	0.00016475030054562581	background
PLEK2	0.273459412116132	0.00016472396856366257	background
FPR1	15.784411110200768	0.00016461079361454822	CAP_up
STIL	0.4645678891560386	0.00016456664146119741	background
SMARCC1	-0.3627325864870657	0.00016456180724707254	background
ZC3HAV1	0.7492631452038601	0.00016446827332535847	background
MUTYH	-1.4734681438644712	0.0001644318625473835	CAP_down
SENP1	0.0467501637202611	0.00016431772921858412	background
MORF4L1	1.0145596623149675	0.00016420916253034605	CAP_up
CCR7	-8.631127768971487	0.00016420742585752704	CAP_down
BCL2L14	0.0511960422943422	0.00016419076107633386	background
ZFAND2B	0.3148731293029698	0.00016399641283953195	background
MYSM1	-0.0393000590888735	0.00016392754265882157	background
NGLY1	0.1990009280451148	0.0001639256374393824	background
PHKG2	0.5302485328169363	0.00016390772662674394	background
FBRS	3.257555555219164	0.000163814308538149	CAP_up
ASPM	2.810651658490145	0.00016379122129895777	CAP_up
SMARCA5	0.0596113234674171	0.000163766263591248	background
KAT6B	-4.407901032027188	0.00016371486479363503	CAP_down
CENPF	1.5460327241502911	0.00016364829602658109	CAP_up
TCN2	16.628181168629283	0.00016364589941761436	CAP_up
PPP2R3A	-0.6728085302035922	0.00016343915439847895	background
CCNB2	10.57359624600044	0.0001634258763177065	CAP_up
APOM	0.1350937472679062	0.00016342366615371964	background
PRAM1	6.760157531075519	0.0001633914114508773	CAP_up
ARHGEF2	2.650845867644315	0.00016326670344843084	CAP_up
PGD	16.347922301157592	0.00016320881487539082	CAP_up
KIF14	7.768577550171798	0.0001631142973950454	CAP_up
CASS4	-0.586060511811757	0.00016311188955183602	background
RBCK1	2.6691775418121524	0.00016304545844931056	CAP_up
GATA1	-0.7412018171521723	0.00016303341789967006	background
SAP130	0.6751924955091864	0.00016299520384398334	background
MAF	-3.7927667695201337	0.00016276943724062264	CAP_down
ACKR3	-4.80610523910899	0.00016276607297201624	CAP_down
CLN3	0.9645942792760672	0.00016268314885448947	background
CENPE	3.252364474957721	0.00016267253492735362	CAP_up
UTY	0.7635599413670024	0.0001626175495581911	background
DBI	0.2747198958534534	0.0001624525545602569	background
DNAJB11	1.1845720904953445	0.00016244648609723124	CAP_up
IL13RA1	1.7820006579676682	0.00016226753508242765	CAP_up
KIR3DL1	-5.886589535907968	0.00016209462760941807	CAP_down
SPN	-2.597234469987587	0.00016205075144271627	CAP_down
H2BC17	2.8038104152261214	0.00016198034977493551	CAP_up
DLL1	-7.789111859223922	0.0001618918817005478	CAP_down
AK3	-0.2851815221484114	0.00016184428581605853	background
NID1	-0.175330657378542	0.00016165981110975253	background
XRCC6	-0.0424338825565751	0.00016160765568278622	background
HINT1	-0.7386171232651487	0.0001615340437497594	background
DPP8	0.5803510641838858	0.00016131511361290555	background
REV3L	-0.1149484319993609	0.00016127548484619244	background
PTGDR	-16.22154604933111	0.00016102926882649867	CAP_down
IL21R	-3.018849304178275	0.00016087413098084025	CAP_down
ATP1A3	-0.1265776418037121	0.00016082272575611002	background
OXSM	-0.415920011172487	0.00016071963700234622	background
PLTP	3.912019380278212	0.00016068862401539638	CAP_up
SDSL	-0.0604180988582542	0.00016063704611029767	background
PHKA1	1.4126634400628169	0.00016063212971497267	CAP_up
AASDHPPT	-0.0829361148618193	0.00016057768084073675	background
SIAH1	-0.6557324428387038	0.0001605675716578792	background
PRR5	-6.21341857726638	0.00016054899766508417	CAP_down
PF4V1	-0.3356135988408436	0.0001604954562700947	background
SDCCAG8	0.7901826772953081	0.00016041315263053824	background
GGA1	-0.3515940162688038	0.0001603150937277462	background
RNF11	-0.1980984385626987	0.00016022532751302885	background
VDAC3	0.2258382054604124	0.00016014986206526106	background
ELF2	0.0131974848339082	0.0001601061080717569	background
ITGAX	7.0229990714151	0.00015998333031222605	CAP_up
ACOT2	-1.0089451095151634	0.00015987390296938619	CAP_down
RHOB	5.217108199817646	0.0001598576785887241	CAP_up
KIF15	2.6039565141258514	0.00015983590372603266	CAP_up
WWP1	-4.839437080976346	0.00015978356605736557	CAP_down
PHF2	0.9428073690537444	0.00015974411636040901	background
PPT1	3.847060150998902	0.0001597167277597725	CAP_up
PCBD1	0.0054035505431341	0.0001596545246650297	background
PTTG1	2.223564443356502	0.0001596220408054121	CAP_up
TYROBP	6.46241224321435	0.00015961322577630061	CAP_up
LIN54	0.2423628320738661	0.0001596125539826077	background
PMM1	0.326778225704905	0.00015959858613249258	background
CEP55	8.371667436993553	0.00015952743530664565	CAP_up
CARNS1	-10.45146620436983	0.0001595146922007094	CAP_down
P2RY2	-0.2863039213669568	0.0001594216013551438	background
ELMO1	0.3249474328073175	0.00015937344637937892	background
PLIN3	11.845625118255304	0.00015937226834359048	CAP_up
RGL3	3.7434245003650393	0.00015936437183339911	CAP_up
ATP1A1	-0.1195422798773614	0.00015930747138371458	background
KIF2A	-0.4171063077099483	0.00015922473676030187	background
PIP5K1C	-0.089971743188546	0.00015913403390083669	background
CARD14	-1.373299432991667	0.0001590704494546697	CAP_down
NCOA6	1.593342779187293	0.00015892812172989403	CAP_up
RBKS	1.033684995213609	0.0001588712408732445	CAP_up
KIDINS220	3.09689180016194	0.00015884253708278094	CAP_up
BTLA	-2.561918842312695	0.00015880163753442814	CAP_down
UBXN2A	-1.1819754807033887e-05	0.00015877011807775967	background
FLNA	0.3271395894926606	0.0001586655501688199	background
BLK	-3.7041760105461834	0.00015854628669096464	CAP_down
MAP3K6	0.7035357635985324	0.00015850421836233064	background
FHL3	1.8056802056964172	0.00015834163429009304	CAP_up
ADAM10	1.215357628665349	0.0001580877361260443	CAP_up
KAT7	-0.0413950224562835	0.0001580264460216828	background
PLAGL1	0.8897772470825774	0.00015799207291140578	background
ANKLE2	-0.0499451488077442	0.00015793721325421315	background
CDCA5	8.090799194670149	0.0001578953673220025	CAP_up
ASXL1	-1.2164040034906756	0.00015779907188952198	CAP_down
PINK1	5.390669631372439	0.0001576428284863771	CAP_up
PLEK	5.092080605417649	0.00015763799072355075	CAP_up
TXNDC12	-0.4374373234542426	0.00015760552958888921	background
PLXNA1	-3.81815936974499	0.0001575924822356719	CAP_down
SKA1	4.484619613469466	0.00015759241062398766	CAP_up
POU2AF1	-0.0001783629793054	0.00015755366495168855	background
CADM1	-0.0646014048721842	0.00015741985204780422	background
SENP5	0.0755127636121031	0.00015732369088451384	background
GLRX2	0.0683295711059464	0.0001573081904703764	background
CXCR6	-2.95262494682818	0.00015716290948296338	CAP_down
UBE3A	-0.6316558184689727	0.00015714960235950736	background
CNTRL	-0.0484480521756286	0.00015710629201228283	background
CCNA2	6.450090579206743	0.00015708129154996697	CAP_up
CXCR5	-5.861325483485914	0.00015699101849771027	CAP_down
ITPR2	0.4466130920094571	0.000156761912245169	background
MUC20	-4.205749373159406	0.00015649167252460242	CAP_down
ZBTB33	-0.9639738099671202	0.00015645373601959645	background
ECHDC2	-4.254591908995712	0.00015635169497277103	CAP_down
TRIM28	-0.4702527598683622	0.00015634606787976902	background
SP100	5.644237745380298	0.00015631027489280725	CAP_up
MRTFA	2.9756272224809406	0.00015627583396592	CAP_up
BANF1	-0.4319545574532047	0.00015622518766717598	background
PCP2	0.4500204270917683	0.0001561127233990197	background
SEPTIN1	-4.163018916036203	0.00015610790371644649	CAP_down
TM7SF2	-0.3770775521213038	0.00015605835172597472	background
HSH2D	-0.0559057226168342	0.00015604053166385815	background
ATP1B2	0.874753306603864	0.0001560368319173414	background
SLC4A1	1.4081888071395046	0.0001560320459657287	CAP_up
IMPDH2	-0.8459909402101329	0.0001559694138376665	background
NUDC	0.1450368622433747	0.00015575741452440476	background
COMMD1	0.0146948942982712	0.00015560411909899165	background
OSM	10.770284399350928	0.00015557954283112617	CAP_up
ARHGAP11A	0.5527533064225405	0.0001555791225604578	background
CEP135	0.0386951926323284	0.00015546644171735764	background
ING5	-0.8829665436432717	0.00015545924689110998	background
SGO1	2.174834051127396	0.00015535833405982665	CAP_up
ATXN3	0.2641576565939135	0.00015530913105376613	background
VCPIP1	2.0552518632500614	0.0001552759014068208	CAP_up
FOXP1	-0.8198257274478205	0.00015522771336697345	background
ITGA3	-0.9911771416890828	0.00015522152059945407	background
GGCT	0.0774183478069078	0.00015511355238574627	background
KIF5B	3.767510522499007	0.00015503813684317267	CAP_up
PLCB1	-3.5511538844590738	0.0001550015993730405	CAP_down
IL27RA	-0.5635606873291745	0.00015482457239142893	background
CLDN5	-0.3379986530611797	0.00015481289355113046	background
RITA1	-0.3843980755995309	0.00015461238445078164	background
CBX1	0.6668409268557622	0.00015450925843178375	background
HELZ2	3.935354449319498	0.00015437315599780825	CAP_up
MEF2B	0.7423959931018959	0.0001543123654573853	background
FAM118B	0.0863069199907397	0.0001542855586616947	background
SORT1	12.09491781477594	0.00015427150170248523	CAP_up
HP	41.62810547250344	0.00015425682925206388	CAP_up
XRCC5	1.1700452513900157	0.0001542427047035177	CAP_up
MICAL2	-0.0430288851771531	0.00015412401893945504	background
PPP2CA	3.435984739706441	0.00015411781532066968	CAP_up
PMVK	-0.023107547135081	0.0001541089188733523	background
MORC3	0.4206890421002407	0.00015409158875031337	background
POLQ	3.107361832354255	0.0001540596494439758	CAP_up
CLEC12B	1.789355727607848	0.00015404439412970152	CAP_up
BICD2	1.716310699849882	0.000153972611547788	CAP_up
ANXA2	0.8048636138271279	0.00015394792541598566	background
PPP4R3B	0.0700044827018363	0.00015389045333960718	background
PPP1R7	0.117906343300428	0.0001537850296890527	background
CDK5RAP3	0.0310486737219978	0.0001536638585350725	background
PARD6A	0.4198316556491175	0.00015336340420883966	background
HJURP	6.769858357640209	0.0001533146095083322	CAP_up
RIMKLB	-3.149938466373661	0.00015320051872596792	CAP_down
LEMD3	0.38865369743002	0.0001531647563273279	background
ATF6B	0.2917734987729989	0.00015316062349702544	background
CALD1	0.2262055952703376	0.00015314245013213032	background
STAG2	1.6743797029280834	0.00015308211710459926	CAP_up
OARD1	-0.6063261673406375	0.00015293724442308658	background
SEPTIN4	3.7218937310910047	0.00015287137065192967	CAP_up
SPDL1	-0.5385227902564425	0.00015282942670590964	background
LSS	-1.5734834452337876	0.00015281905998849784	CAP_down
PELP1	-1.0468146995012142	0.00015272972686376405	CAP_down
HCFC2	-0.6026800082877227	0.000152605391809062	background
IL23A	-6.366208508874856	0.00015258966906617682	CAP_down
REC8	1.2375837071550673	0.00015256133364180822	CAP_up
CD164	3.270871164760356	0.00015255532207519504	CAP_up
MSH2	-3.6448241338939447	0.00015253236544330822	CAP_down
IER2	4.416819163729041	0.00015251527899555443	CAP_up
APOL1	1.807037070114912	0.00015248998157654057	CAP_up
SLC30A7	0.0017297074151811	0.00015245271373197085	background
MAVS	0.253754877597394	0.00015243879913918594	background
NFYB	-0.2150626878029274	0.0001523338935813508	background
SPAG1	1.6071694239769296	0.00015229113534298683	CAP_up
IL12RB1	-1.0670947507534956	0.0001522669280025666	CAP_down
UBE2V1	-2.947170787018768	0.00015216871854162813	CAP_down
E2F6	-0.4390867997499645	0.0001521641945306365	background
ESPL1	5.241480879075928	0.0001521512820583945	CAP_up
ITCH	0.408580448225054	0.00015205934502654378	background
AKAP1	-3.234064789278163	0.00015200544343989123	CAP_down
DNAJC28	-0.3785728645873055	0.00015198329918381922	background
DUSP11	-0.1066889592171943	0.00015197277620690593	background
EPHA4	-12.138764091529437	0.00015196368426484132	CAP_down
CCP110	1.3062096921519075	0.0001517799730061172	CAP_up
NF2	-0.949604959368471	0.00015169829125354707	background
KIF11	4.53452601226209	0.00015151582706097506	CAP_up
ATP13A2	-0.1197681967251086	0.00015151254764559534	background
CYB5B	-0.5041038579609245	0.0001514235637016349	background
HUWE1	-0.4663753679315592	0.00015141193622072652	background
TPP1	2.842883863221489	0.0001513923688894284	CAP_up
PLCB2	0.8770051606456986	0.00015128639372463112	background
SUPT20H	0.8083232846067401	0.00015127346696517944	background
MCEE	-0.7289865177136774	0.00015126072133247076	background
SQLE	0.3774499779066356	0.0001511864481651496	background
CDC20	6.55433621194944	0.00015104632655402859	CAP_up
CDCA2	6.156854892337239	0.000150941304032097	CAP_up
NCAPG	5.724208672347792	0.00015091896294358551	CAP_up
IL12RB2	-4.402063492412231	0.0001508963632264347	CAP_down
RASGRP4	10.82010910554694	0.00015084121742191207	CAP_up
CDH24	-4.178778988883653	0.00015083141330548872	CAP_down
TLE4	3.257766744711533	0.00015077255069483142	CAP_up
DVL1	-2.1362774346712587	0.00015076666035301566	CAP_down
CIPC	-0.5953990430225659	0.0001507240991570291	background
EIF4EBP1	-2.9632429023417717e-05	0.00015072082026967065	background
IRF7	6.97696290527019	0.0001506437675179345	CAP_up
LPAR3	-0.0351914019437139	0.00015063185966114736	background
CCNE1	0.3181959582054887	0.0001506066017751306	background
TFRC	0.1045920268659193	0.0001503904411939907	background
NUF2	1.577377099617436	0.00015025064029720203	CAP_up
FGFRL1	-3.2725073578742085	0.00015016733324221379	CAP_down
ERLEC1	0.1501696491841828	0.0001501372453506281	background
ASPSCR1	-2.3114137976912685	0.00015009773021632076	CAP_down
FAT4	-12.381492582697936	0.00015008808287564552	CAP_down
RECQL4	1.401708316928285	0.00015005200075568034	CAP_up
CEACAM8	11.30266594003173	0.00015003752545879765	CAP_up
PEBP1	-1.661436708505528	0.0001500157104645476	CAP_down
ARHGEF6	-0.0082684394892877	0.0001499240056512924	background
DSN1	0.0071509226396151	0.0001499213974985144	background
NPR2	-6.357520192561598	0.00014991500042860125	CAP_down
ELP1	-1.58019125572402	0.00014985981041607695	CAP_down
MCPH1	-1.448032879537466	0.00014973686997365527	CAP_down
TKTL1	-6.257459019157368	0.0001494833420415118	CAP_down
CCL4L2	-3.742672251967376	0.00014944021225464483	CAP_down
GAREM2	-5.6824797865209	0.00014944002678365315	CAP_down
RALGPS1	-0.1521134923285337	0.00014944002678365315	background
CYP51A1	1.221421704046214	0.00014939984760002715	CAP_up
SELENBP1	1.71927254049207	0.00014938083837552713	CAP_up
TERF1	-0.5705960739709138	0.00014930976598194254	background
IL10RA	-0.9913283145859452	0.00014929512549702076	background
MARCKS	5.743837006542364	0.0001492294873524444	CAP_up
APOL6	0.6956408716055977	0.0001491452189631585	background
IDH2	0.0689469534980536	0.00014892884452832465	background
P4HB	2.3800033132954748	0.00014888546124015083	CAP_up
ATXN7L1	-0.1483496212227012	0.00014882931724614318	background
DLGAP5	5.768873223717377	0.00014869908372722502	CAP_up
TUBB4B	5.231901825153733	0.0001486534682422132	CAP_up
PMS2	-1.17083423981902	0.00014851336808950876	CAP_down
REV1	-0.9749842882421268	0.00014844109320497005	background
PPP2R5A	6.377281780477913	0.00014838344497466275	CAP_up
MOGS	-0.0304941289326987	0.0001482802232366413	background
TUBB1	-0.0443355952575168	0.0001482450338623753	background
DZIP1L	0.6357279097363141	0.0001482057659002595	background
MAPK7	0.3183865093635533	0.00014815284127900387	background
PPP2R5C	-0.6205480911521895	0.00014815055990751623	background
SKA3	2.7124194196595632	0.00014814735569957359	CAP_up
CD8B	-6.152893894123918	0.00014807945970439122	CAP_down
PFKFB4	9.975309971826146	0.0001480744889865463	CAP_up
TUBA1B	2.670835546039232	0.00014802950036003714	CAP_up
OCLN	-0.095015349747742	0.0001479520764375856	background
ITGA7	12.788678041589373	0.0001479011086299662	CAP_up
ADSL	-2.5343400891307017	0.00014788803757779829	CAP_down
WRN	-4.195959193332699	0.00014788377896118385	CAP_down
SRF	1.967500849009436	0.00014781373499002878	CAP_up
TUBA4A	7.163075379481277	0.00014775587274343913	CAP_up
DERA	2.014288874980517	0.0001477500722208769	CAP_up
H3-3A	7.639835054327275	0.00014768041205849865	CAP_up
ZMYM4	-0.4261557179281811	0.000147666507777431	background
TUBG1	1.363646092864451	0.00014764698421374628	CAP_up
GCH1	1.2581868570575634	0.00014756661729024978	CAP_up
DCTD	-2.0466997754163416	0.00014753001994918986	CAP_down
ADPGK	0.7627248414308965	0.00014751445010029944	background
LIPA	-0.1035381499681251	0.00014745745927010598	background
TNFRSF9	0.0473129726412543	0.00014739700195228917	background
E2F3	7.885134336373695	0.00014737869959883837	CAP_up
JOSD2	0.3383210391135204	0.00014706449142881238	background
SELP	3.1225652481073105	0.00014699938829588132	CAP_up
THOC5	3.60201615454715	0.0001469538686989021	CAP_up
UBE4A	1.0102912531110246	0.00014692458703819943	CAP_up
CD3D	-3.2718279002976427	0.00014690591458879762	CAP_down
PLOD3	-0.0064714127829367	0.00014681743514635896	background
KDM1B	3.1359762759121548	0.00014679511903022976	CAP_up
GPNMB	-0.1692516005688906	0.0001467614362909089	background
ZNF592	0.8824721793511381	0.0001467187821454835	background
ALDOC	-1.1533033947492983	0.0001466454514973475	CAP_down
UBXN6	-1.5026963221658591	0.0001466420133209996	CAP_down
H3C7	0.8914645118157833	0.0001466190141144952	background
TYMS	4.812521349774819	0.00014652828402880407	CAP_up
SKP2	-1.0521572716981815	0.00014651785063655388	CAP_down
DOK3	13.846506603890196	0.00014648668026637552	CAP_up
POLH	-0.5760503036419278	0.0001464147953241714	background
H3C8	3.2870147073491736	0.0001463727178089842	CAP_up
NCAPG2	-0.0006116057569878	0.00014636033339458725	background
DCTN3	0.4895938080650402	0.00014629976539707115	background
CNDP2	-0.0487061626068855	0.00014628321620696602	background
TGFB3	-6.279799421757905	0.0001462723743931903	CAP_down
MLKL	6.131370463431856	0.00014620626939016218	CAP_up
QPRT	-0.0775201294380452	0.00014616717076455492	background
GDAP2	0.2331246363253861	0.00014607023224947257	background
POLD2	-1.312990349964029	0.00014602023493205118	CAP_down
RALA	-0.0731025622440031	0.00014590113933501036	background
PDXK	2.964049818956918	0.0001458509142248034	CAP_up
GDE1	4.911633242744147	0.0001458392455576916	CAP_up
CCR5	-0.8891573539541227	0.0001457289287981498	background
IGFBP4	-2.184682917124607	0.0001456671053207913	CAP_down
MBIP	-1.724802496706647	0.00014555428254073652	CAP_down
CCT6B	-1.263006630383285	0.0001454571545268621	CAP_down
APC	0.7068767921852692	0.00014545285415277403	background
FBH1	0.9857523218432328	0.00014535918547645512	background
TCF4	-0.0294827524505291	0.00014534520746059377	background
CISH	0.1630918354896069	0.00014530650554306641	background
HEY1	-0.0867651891972759	0.00014529874019263974	background
PPBP	0.5018697564647556	0.00014527144689327413	background
SELL	10.694792193073082	0.0001451660018319898	CAP_up
ENDOG	-0.8272913838648933	0.00014515304650512101	background
DNAAF2	-0.5368208413442153	0.00014497603332588754	background
TRAK1	0.0428518145076891	0.00014492686605049323	background
ACVR2A	-4.848216427181704	0.00014474168622567336	CAP_down
TNFRSF10A	-0.5618166270591508	0.00014461664702871443	background
LUZP1	-0.8454968138750872	0.0001446091659649485	background
BCL11A	-3.800620666337195	0.00014459219638566972	CAP_down
H3C10	0.7193074722749352	0.0001445199954074237	background
E2F2	2.232843870505792	0.00014449309552702787	CAP_up
CKAP5	-0.1690678105151312	0.00014446105288195795	background
USP12	-0.2960030707986515	0.00014440399040980824	background
SQSTM1	1.2306396407116091	0.00014426974437913901	CAP_up
MAPRE2	-0.4441593318261256	0.00014426751277241042	background
ELMO2	4.752738436431144	0.00014413750025395476	CAP_up
NAP1L1	-0.6524104545384559	0.00014412473175600318	background
CD3G	-5.866741797516948	0.00014411110831123885	CAP_down
ATP1B1	-0.2353866066037786	0.00014399000441648224	background
ZNF366	2.246572609323411	0.00014395308392607477	CAP_up
HMGCS1	0.3919405714085964	0.0001439351434642632	background
PPP1R12C	0.4576914986293341	0.0001438798314563345	background
SEPTIN9	-3.4196492906029627	0.00014385685121594112	CAP_down
BABAM1	-0.5822018972553615	0.00014370013811460308	background
TTK	3.028786605520847	0.00014367767869426904	CAP_up
BIN1	-3.604724557186633	0.00014358073168525414	CAP_down
ANK1	0.1655945876128354	0.00014355292767427615	background
CTRL	0.1842821488035593	0.00014344529955617817	background
GNG5	9.638615925929496	0.0001432555982089146	CAP_up
STAT2	0.9875661336771232	0.0001432410334687497	background
SETD2	0.305630204801329	0.00014316989049147815	background
NT5C3B	-1.138388751344074	0.00014297739022781352	CAP_down
H3C6	2.6107733672301823	0.000142893545606804	CAP_up
CYTH2	0.1997938238420017	0.00014288063455534811	background
RPAP3	-0.0432002357849053	0.0001428340168742157	background
TRAF3	-0.0344802251642727	0.00014282236991342514	background
ITGB7	-1.6267897821528814	0.00014279644840936584	CAP_down
RRM2	7.183096542406593	0.00014279126911559078	CAP_up
PDZD11	-0.0445718278366985	0.00014276958520853108	background
TBX19	0.0100635411900769	0.0001426679505100144	background
PCSK1N	-2.016394943802033	0.0001426679505100144	CAP_down
ALDH4A1	1.1188451718582506	0.00014265402042100767	CAP_up
ENTPD1	7.373063719426701	0.00014261166858538598	CAP_up
SCRIB	-0.3320302043177772	0.00014258413901138366	background
MLYCD	-0.8661791621300281	0.00014234606039135783	background
SLAMF6	-3.976029492157598	0.00014226255742470916	CAP_down
DPYD	2.3153517183403967	0.00014213069478473945	CAP_up
PLEKHA7	-4.026626502807219	0.0001420971402025029	CAP_down
TRIM33	0.3809419144352059	0.00014209541013908907	background
KMT5A	6.446755154790477	0.00014204889743544525	CAP_up
MDM4	-0.0369273191416494	0.0001419963719057765	background
BOD1	-3.771767554535014	0.00014195757460503462	CAP_down
DAPP1	2.45484331574646	0.00014191312226550007	CAP_up
MAX	0.1133279586466979	0.00014190313724562716	background
RFC1	-0.3753602897587345	0.00014186100939662358	background
HMOX2	-0.1674041084156403	0.0001418509661922479	background
TIGAR	1.172554030263116	0.00014183980988555003	CAP_up
CDC45	6.631179003282863	0.00014182280036493245	CAP_up
ARIH2	-0.8721112127038102	0.0001417028698544337	background
PAK4	-0.2914730013558095	0.0001415629162982792	background
CXCR3	-0.9390751625557224	0.00014156199463568564	background
STYX	-3.0794455016251865	0.0001415617145494012	CAP_down
CNTLN	0.8664541472477724	0.00014155616848875085	background
NRF1	0.0008744052304794	0.00014154209961647743	background
TKT	7.236730296393751	0.00014146890203584907	CAP_up
GP1BA	1.06128260530235	0.00014140709693728917	CAP_up
WNT3	-8.88535179847497	0.0001413995630544743	CAP_down
ABCA6	-0.8232942912254624	0.0001413395568298269	background
CNKSR1	-0.0373206244305308	0.00014129921111022642	background
CCNL2	-1.006381372643634	0.00014121528975478577	CAP_down
GUK1	-0.0489731323560682	0.00014113682037718116	background
ASH2L	4.039496284942314	0.00014112133633861515	CAP_up
LAP3	0.6717161792694154	0.00014108351851381906	background
AFDN	-0.0089615283413915	0.00014106260109471788	background
LAIR2	-0.7348009404945681	0.00014100103752747212	background
TSPO	11.863031885911948	0.00014098879139324395	CAP_up
CHD8	0.4303618546178656	0.00014098543912794895	background
ZWINT	1.4199953259075735	0.00014091295735465848	CAP_up
ITGB5	0.223892551085966	0.0001408559872709148	background
BMI1	-2.5328115851163577	0.00014084421894513245	CAP_down
TFDP2	-3.0359314856753143	0.0001408233231549116	CAP_down
GNG7	-1.5685985224669627	0.0001407992429034995	CAP_down
HPRT1	0.1195640173588799	0.00014079718805094018	background
JARID2	0.1295810723694582	0.00014076127684962777	background
L3MBTL2	-1.2913362804025326	0.0001407277406243456	CAP_down
USP4	1.6322056345304736	0.00014056833404736885	CAP_up
TLR8	10.502015332233118	0.0001403279592606371	CAP_up
SLC30A5	-0.1418779511726124	0.00014030475858677679	background
GANAB	-0.0002623788127943	0.00014021145523543464	background
KIAA0930	4.90761932120591	0.00014016370751238113	CAP_up
IL2RA	-2.6845021362774717	0.00014012492821361032	CAP_down
ACOX1	6.489440825616574	0.00014005209709776998	CAP_up
IL2RG	0.8380670192597047	0.00014003005199355142	background
UBA2	-1.0330143921680253	0.00013995742468540665	CAP_down
NT5C2	7.46875143816936	0.00013990700443189952	CAP_up
CYB5A	-1.4957215553624044	0.0001399059875023079	CAP_down
PROK2	13.13138089063766	0.00013989822599601236	CAP_up
MCM10	6.591546592892378	0.0001397532464022076	CAP_up
DNAJC9	-0.1919884704820701	0.0001396781533434306	background
DLC1	4.658942919375052	0.00013962332432593838	CAP_up
DHODH	-3.8383413390891823	0.00013957533560140446	CAP_down
WDR5	-0.6596344371007827	0.000139573678393806	background
UBE2B	4.652707717671472	0.00013945076565302332	CAP_up
TLE1	-0.4076054807333237	0.00013933509418904904	background
MLLT6	-0.6055214094848979	0.00013925113372729913	background
EXO1	4.230511293775358	0.00013916740950374915	CAP_up
TOPORS	0.8549645236802993	0.00013911596039124178	background
SHARPIN	-1.5135020506352042	0.00013904219863599874	CAP_down
FER	-1.1370428278537403	0.00013897733659342702	CAP_down
SORL1	3.4280390614766363	0.000138961627735583	CAP_up
MAP4K1	-2.567239047761541	0.00013891734858566647	CAP_down
PER3	-7.395093281934486	0.00013884124734751157	CAP_down
GLDC	0.7675339206753162	0.00013881612249327151	background
SPHK1	1.2220758056406071	0.00013852476897009371	CAP_up
PIK3C2B	-3.754467662992913	0.00013849556835568232	CAP_down
NAB1	0.8064064021483999	0.0001384757420515471	background
TSPYL1	-0.4789483813841887	0.0001384716302697678	background
UBE2J2	1.7316516000403277	0.00013845902326469771	CAP_up
CD48	0.3768040406338834	0.00013832583388290312	background
DOK1	4.834179941561959	0.00013819001281662689	CAP_up
PRLR	-13.584379696055818	0.00013813953642900277	CAP_down
CD68	0.4559898424789353	0.0001380701280870834	background
KCTD12	1.573212750142856	0.000138063161805036	CAP_up
GUCY1A1	-0.0086511990298356	0.00013805337641327776	background
SH3KBP1	-0.7097506832363006	0.00013803498341303217	background
H2BC4	6.052627511518039	0.00013801300569469914	CAP_up
ADGRG5	-5.890224821942389	0.00013799923736279395	CAP_down
CAPN1	5.067512857283273	0.0001378852564489122	CAP_up
ALDOA	4.599541379169646	0.0001378812524803561	CAP_up
KAT14	-5.423907201724364	0.00013783828851534992	CAP_down
DNAJC25	0.1580549737416014	0.00013781287905102017	background
EOMES	-8.929538135325405	0.00013779867054710627	CAP_down
CBFA2T2	-1.7968467508215151	0.00013771053470805722	CAP_down
MCM3	-0.2141147014728405	0.0001376542603662191	background
RASA2	0.5140668081588414	0.00013756574274546623	background
USP7	0.0418361037513252	0.00013750974633894872	background
KLF10	0.2359302991485252	0.00013748951428493086	background
KLF9	-0.1658921519180125	0.00013748951428493086	background
ICOS	-4.398319002773404	0.00013744266211447657	CAP_down
ALAS1	6.632733925983722	0.00013743597820230967	CAP_up
MCM6	0.1908393792681108	0.00013740328461861603	background
POLD3	2.8953782792589604	0.00013738323565563282	CAP_up
TUBA8	1.7584305092207062	0.00013735619770167233	CAP_up
TMEM219	0.2529441181194337	0.00013735157115657296	background
TNFRSF17	0.3303129525960857	0.00013727371171997897	background
TALDO1	8.568545161898264	0.00013722733925837082	CAP_up
NOTCH2	2.082410771016673	0.00013721959907958618	CAP_up
SAP18	0.6905444336329654	0.00013715244729425397	background
RASA3	-3.4619111939139606	0.0001371435089775928	CAP_down
ADAMTS1	-7.956480098107593	0.0001370474283974962	CAP_down
MMP28	-11.479349662378349	0.0001370474283974962	CAP_down
ADAMTS6	-0.6831475231849158	0.0001370474283974962	background
ELOVL5	1.008752062138245	0.00013701919288471089	CAP_up
CHD1	0.3440477704758075	0.0001370062127048654	background
CD69	-1.2320918710120163	0.00013691144701611515	CAP_down
UHMK1	-0.1274834440255656	0.00013681224362310118	background
CDC7	-0.0348592891081939	0.00013680227966297222	background
POLM	-0.0974683766746236	0.00013675081385686424	background
TSPAN3	-3.9568320280976392	0.00013671340360088674	CAP_down
CENPB	-0.4547053997930609	0.0001366769057668813	background
ZFHX3	-0.2223019097711756	0.00013666167731302917	background
DBF4	0.1701348390648092	0.0001364414774401686	background
EBF4	-12.758647234232823	0.00013643415701189283	CAP_down
VASP	9.161282737405072	0.0001364026146727713	CAP_up
ERLIN1	8.93196569364761	0.00013620266493324495	CAP_up
OSGEP	-0.8322222428840478	0.0001361104028762837	background
HIVEP2	-0.5893567707661311	0.0001360791183058252	background
SMARCE1	-0.3109874820759383	0.00013607376252067538	background
NIT2	-4.462081091924604	0.00013606628092517386	CAP_down
LIN9	-0.7755177962504802	0.0001358423887251976	background
LPAR2	7.649117470525073	0.00013578153628698668	CAP_up
MFGE8	-0.6743788505072699	0.00013569806299039192	background
XPA	-3.321281121275692	0.00013566597590003728	CAP_down
TOPBP1	0.7185861601262795	0.00013558030101254613	background
ITLN1	-2.0188798141723203	0.00013553856026010943	CAP_down
RAD9A	-0.0269501096587857	0.00013544711960621693	background
MAD2L1	0.0628507529569419	0.00013539856603942557	background
NIN	3.4925679009713404	0.000135293813366041	CAP_up
MECR	-3.264292529152523	0.0001351803061978264	CAP_down
POLE4	0.0102940956990532	0.00013516140159484488	background
RFC5	-0.0607749551466075	0.0001347748815632686	background
SLC30A6	-0.0038319332669061	0.00013474936035363209	background
DNAJC6	0.0017876138045011	0.000134675097697388	background
TRIM21	8.312673192469882	0.00013465165862231048	CAP_up
LCAT	-0.1703587543740994	0.00013464775102165312	background
H2AZ1	3.100022486260688	0.0001346360176755577	CAP_up
DTYMK	-0.6495207090064471	0.0001345905433958962	background
NT5C	-0.3830210866725798	0.0001345884342501936	background
TXN2	-0.0313345443279232	0.0001345856006883704	background
OFD1	-3.723247919828622	0.0001344891040621355	CAP_down
NKIRAS1	0.3613165886165872	0.00013442771630391032	background
BCAT2	-0.8333401233076045	0.0001343540114132684	background
GUCY1B1	0.2779387443424834	0.00013425929449665424	background
TBX21	-4.577471075761445	0.00013424711968834993	CAP_down
UGP2	2.402144886227674	0.00013424237259745709	CAP_up
DOT1L	0.0015070075360437	0.0001341140927210352	background
DVL2	-0.4194987686072167	0.00013410693168081986	background
LAMA5	-0.3112923586541758	0.00013407241401013848	background
AK1	-5.214313877856284	0.00013401066734771035	CAP_down
LPAR1	-0.0178611455200162	0.0001339818016211073	background
UIMC1	6.231508152261327	0.00013394929965123564	CAP_up
RHOC	-0.0580247269017953	0.0001339338420400949	background
GLOD4	-2.700388873154484	0.00013381289059845994	CAP_down
ANK3	-6.41373532152807	0.00013373729323221722	CAP_down
SIK3	0.1692424060487396	0.00013367809501364263	background
UBAC2	-0.1107516711765247	0.00013364254695134555	background
MRC2	-1.1355333989565723	0.00013355773344495171	CAP_down
FBP1	0.022059271776103	0.0001334835185727839	background
TK1	6.154676597484113	0.00013345430944089874	CAP_up
CDIP1	-2.3841818204693497	0.00013342257095849504	CAP_down
CDK5RAP2	11.225206006919151	0.00013341459663224493	CAP_up
CFP	3.808584637674893	0.0001333354801111223	CAP_up
BCL11B	-10.933259007331984	0.00013329489363337187	CAP_down
GZMA	-1.749375991710691	0.00013317477046682896	CAP_down
TOP3A	1.3153213259513068	0.00013299823949745057	CAP_up
DCTN1	0.5121468683333856	0.00013291874617145851	background
PPP1CC	0.0071516556503283	0.00013287521925191433	background
ACTR1A	4.654096904241633	0.00013284871452128838	CAP_up
ERAP2	-0.6115680131385148	0.0001328109783223983	background
BUB1	5.205481418269077	0.00013276262161697854	CAP_up
MLH1	-0.2334786411619392	0.00013275201619689905	background
ASAP3	-0.3077394101746848	0.00013272690999149858	background
DNAJC10	-1.0609182339930223	0.00013267023898637023	CAP_down
FNIP1	2.6404544667228538	0.00013266233350039668	CAP_up
OLR1	7.498820958357034	0.0001326484257971122	CAP_up
LMNB1	20.421058345780096	0.00013258144011417289	CAP_up
SAFB	0.2850336017271046	0.00013255784896949748	background
SDF2	7.489411604007987	0.0001325081501403283	CAP_up
SULT1A2	0.4533380260102551	0.00013243559340692492	background
SLC25A20	1.010288265900282	0.00013241268139949007	CAP_up
SASS6	-0.1408927768156856	0.00013233366604810273	background
NT5M	0.2474206095620224	0.00013225248415555895	background
PIK3C3	0.078693728769963	0.00013223633036612523	background
NEDD4L	0.6074420001731302	0.00013215176803447177	background
SELPLG	4.098950570816379	0.00013213818522453367	CAP_up
PSTPIP1	3.9006427462752535	0.00013205738154406488	CAP_up
NT5C3A	3.7528429841003375	0.00013205222936146918	CAP_up
FH	-0.116975735734876	0.0001320508070925872	background
TUBB2A	0.1829975493062298	0.000132027408729879	background
GNPDA2	-7.615161091562246	0.00013202705986816547	CAP_down
DYNLL1	0.3802053189854627	0.00013199276992558232	background
INPP5B	-0.9006093483960373	0.00013195882807468673	background
DCTN2	3.931129771213484	0.00013195275253825213	CAP_up
CDC34	0.4842090996317153	0.0001317600599735012	background
GZMB	-1.748726319785832	0.00013174473552686578	CAP_down
FNTB	0.0905272590016192	0.00013173470129755063	background
HERC2	-0.6693139161039827	0.00013164247617829814	background
CEP170	1.4714576185358128	0.00013143926569669169	CAP_up
BMP2	3.7519013060544544	0.00013140575089773184	CAP_up
CTH	-7.948632464367124e-05	0.00013137731331223305	background
CHTF18	-0.8151212642124422	0.00013132352787928442	background
PIK3C2A	-0.1148455284065894	0.00013126082990039045	background
BUB3	-2.186213561723751	0.0001312200825901424	CAP_down
COBLL1	-1.140061763459379	0.00013120934096206096	CAP_down
SEC11C	0.0417629712885532	0.00013119408591409914	background
C9ORF72	5.725661013644082	0.00013118388495075655	CAP_up
PCBP4	-2.5003092925628696	0.00013105750599426945	CAP_down
SERPINH1	-4.162126124801415	0.0001308358355599666	CAP_down
CEBPG	0.082770830271075	0.0001308040600087792	background
SECTM1	6.925979601334127	0.0001306972874772141	CAP_up
NONO	-0.2328775210236984	0.00013067783082044166	background
JMJD1C	0.4092367053721853	0.00013067239976385063	background
LPIN1	-4.1798495458407166	0.00013056790200036803	CAP_down
UACA	0.0092400968598206	0.00013054588325948886	background
MFN2	6.599078983183391	0.0001305152892215595	CAP_up
ACOT8	1.2234251056265164	0.00013049307961205648	CAP_up
LMO2	6.059187761126812	0.00013047658179479626	CAP_up
UTS2	1.540986350757814	0.00013047583124437177	CAP_up
SYAP1	0.7092536194301359	0.000130462327273701	background
ATXN7L2	-0.7599416348087176	0.00013036025507046076	background
GLRX	7.923688503355765	0.00013031039481779246	CAP_up
DEXI	-1.633941677816341	0.00013029422617316284	CAP_down
P4HA2	4.486429488941659	0.0001301572076990453	CAP_up
LRBA	-2.110827137745344	0.00013011657078983754	CAP_down
PPP1R12A	3.104369553470037	0.00013010082482954258	CAP_up
RFC4	-0.0040440258891062	0.00013004087337649476	background
TYMP	5.899499929279179	0.00012996043024889143	CAP_up
RAC1	4.516648761717772	0.00012994128816314095	CAP_up
KCNN4	-0.6012680831496895	0.0001298172503364867	background
KLRC1	-11.670606460510912	0.0001297922003965346	CAP_down
FDFT1	0.7359548960333978	0.00012978013756201145	background
PLAAT1	-0.0621770909304989	0.00012967054235773833	background
JDP2	11.184648640953654	0.00012963358138402573	CAP_up
P2RY12	-0.1479120538984936	0.00012955847167610157	background
MCM7	-0.668437355990498	0.00012955292914485628	background
SLC12A8	1.6055516892933968	0.00012943761690967275	CAP_up
SKP1	0.140630977902286	0.0001292898085933492	background
P2RY8	-1.266349672869478	0.00012922828297491472	CAP_down
MCM4	1.2236286483780598	0.00012920629746486847	CAP_up
PPP3CA	0.8905092339567022	0.00012917175696179148	background
MTHFR	0.0334954405392264	0.00012912800904887425	background
KIF20B	-0.5592660070460341	0.00012905115500905573	background
CD177	57.115034789437146	0.0001290259237601716	CAP_up
RASGRP3	-0.2620105335955404	0.00012896850170379543	background
SCN5A	1.3862205926047668	0.00012894583868878142	CAP_up
CDKN1C	-5.157255039694292	0.0001289431042987155	CAP_down
ABI1	1.868433777651239	0.00012889396119968895	CAP_up
NPC1	-2.2319827169675714	0.00012888057368560176	CAP_down
ZDHHC16	-0.4340447456589827	0.0001288308291415241	background
PLA2G7	-13.774906996844972	0.00012882438768786641	CAP_down
BMPR2	0.0853901455057275	0.00012871459719726152	background
SIGMAR1	-0.4069645237144981	0.0001287105949289512	background
XPO4	-4.313570566098437	0.00012868730014988427	CAP_down
AK2	-0.182000447402094	0.00012868460768386544	background
SLC37A4	-0.3645505181928336	0.00012858965786952304	background
ABAT	0.9289003514240836	0.00012853627580672902	background
IKBIP	2.5120616847552317	0.00012839348300672975	CAP_up
KCNH3	1.0988208648857938	0.0001283639380536939	CAP_up
CERS2	3.151196522525322	0.0001283625714152154	CAP_up
KLRD1	-7.99451431730844	0.00012835326365055128	CAP_down
RPTOR	-2.563057347418692	0.00012832619447732363	CAP_down
TADA3	6.304955881051175	0.00012832108247779332	CAP_up
LRRC1	-3.742313383524453	0.00012830858467911913	CAP_down
DLGAP4	1.0894278971823212	0.00012830858467911913	CAP_up
NASP	0.1529275307540497	0.00012825980907618445	background
RCC1L	-0.9949086883297666	0.00012819462261742023	background
PHB2	-0.0190236544460059	0.00012813245938719556	background
CPT2	2.8319849429616504	0.00012813112817815198	CAP_up
AUP1	0.2908321691845251	0.00012801289333299617	background
DEPDC1B	3.547310122320321	0.0001280098407620154	CAP_up
LY75	-0.4265383114249674	0.00012793036111905277	background
TRPV2	-0.3183722506010795	0.00012789773539050711	background
PARP12	0.0876374912276694	0.00012787966717928357	background
TSG101	3.993635106018784	0.00012787494932344938	CAP_up
DVL3	0.4752831149919626	0.0001277127754172789	background
SENP3	0.0181395575208504	0.00012764799196371095	background
DACH1	12.20556396225817	0.00012749322708604575	CAP_up
CENPV	-2.509004398774392	0.0001274907587793877	CAP_down
PALM2AKAP2	0.0671613619148603	0.00012747382788221514	background
WNT7A	-13.643809421331188	0.0001274735813341665	CAP_down
NOL3	4.487237894019415	0.00012745989721599542	CAP_up
TNFAIP8L2	2.08595967717859	0.00012745989721599542	CAP_up
PPP3CC	-4.546876012159017	0.00012733482265534413	CAP_down
ACP6	0.086682618211838	0.00012722815167334284	background
APOBEC3F	-0.2400292716152699	0.00012719448336379155	background
AATK	10.933146992947677	0.00012719370407556358	CAP_up
PGPEP1	-0.0511633586580559	0.00012714293801012182	background
CLSPN	6.009367078472987	0.00012695900394004648	CAP_up
HSPA9	-0.0848508500950438	0.00012690592025531286	background
CCT3	-0.1456665500299423	0.00012689613891521607	background
ARAP1	4.491912659095432	0.00012681781029445622	CAP_up
BAHCC1	0.0455909681125714	0.00012679500065871852	background
TCP1	0.0574751021557307	0.00012676189264408376	background
BMPR1A	-6.770621432963595	0.00012668066167887727	CAP_down
GFRA2	-8.42337287577106	0.00012661622770022263	CAP_down
ACVR1	-0.0083529620259119	0.0001265813013828754	background
ATG7	4.239442460428617	0.00012656705805061318	CAP_up
HIBADH	-3.441928148371595	0.00012653416108980182	CAP_down
USP51	-3.907073541696299	0.0001265192964696822	CAP_down
BACH2	-8.98175766106211	0.00012645921081461692	CAP_down
SMIM29	1.1911775178768234	0.00012642699857415095	CAP_up
POLL	-3.107805640296517	0.00012633529401116274	CAP_down
RFC2	1.1161900666386138	0.00012632339647282377	CAP_up
CDK8	-0.2110450896770384	0.0001263101818239912	background
TP53BP1	-0.1093837138730672	0.00012628687526568965	background
KMT2C	0.6884561705924158	0.00012627549069979844	background
CIITA	-3.812588460961763	0.00012625763471428838	CAP_down
TSPAN2	6.65650577928582	0.00012624000933773386	CAP_up
MLLT10	-0.3677141865078041	0.00012617770221078797	background
XPC	0.1456448517048003	0.0001261701820481582	background
GPRASP2	-5.083941732322114	0.00012612996126204476	CAP_down
YOD1	1.0260827759109326	0.00012606658456803006	CAP_up
IL15	1.0298001520572966	0.00012590861350662947	CAP_up
RGL1	1.9734545832213	0.00012584472394234526	CAP_up
ANKRD49	-0.1006123276616009	0.00012573516287541818	background
HOXA9	4.582821672487883	0.00012568060799331675	CAP_up
TFEB	3.7904742513364096	0.00012563201636930894	CAP_up
GPT2	-0.0080898685908256	0.00012561974347972393	background
IDI1	5.450050677853369	0.00012560521186414457	CAP_up
ITGA10	-0.1058669962423707	0.00012560211629526367	background
NFE2L3	-1.369845160187744	0.0001254797035977388	CAP_down
GNAO1	-2.112081151670345	0.00012547261915717644	CAP_down
PCGF5	-0.0607869887412685	0.0001254288886750955	background
CDCA8	6.046364581418558	0.00012537912826784842	CAP_up
RAPGEF5	0.014178130382125	0.00012532526397309685	background
GNA15	7.255176712690852	0.00012532207000175676	CAP_up
ERLIN2	1.2949417901025306	0.00012527773672107306	CAP_up
KDM5D	0.2188376575631996	0.00012523612592290045	background
GPR84	30.01988440783399	0.00012519650368154168	CAP_up
RPA2	-0.9406920347989854	0.0001251519234672598	background
SNX20	4.589002182929559	0.0001251221064937685	CAP_up
RANBP9	2.1419190403138773	0.00012505342313356779	CAP_up
DLG1	-0.9571543655547576	0.00012502548098007146	background
GPI	0.1334198883423482	0.00012500204882406708	background
RAD18	-1.6716318089353115	0.00012497493263183523	CAP_down
LATS2	3.771410504595852	0.00012494206008863986	CAP_up
TARDBP	-0.4753371315930704	0.00012493809233432029	background
PLXDC2	4.50306839299215	0.00012489125136527925	CAP_up
MEFV	6.740871593802143	0.00012469340350593143	CAP_up
BUB1B	2.183189793837515	0.00012465811193633353	CAP_up
PDE6B	-5.609893220194792	0.0001246186960326725	CAP_down
H2AC7	2.014139769919653	0.00012434276005878237	CAP_up
CDC27	-0.1925741817369464	0.0001243168385286225	background
KPNA2	2.02468935895153	0.0001242060201566161	CAP_up
KYAT3	0.1845274561270341	0.00012416873102530306	background
DERL1	0.1647188202664989	0.00012410678961837738	background
WDHD1	-0.0062878102145429	0.00012407114066944784	background
ARHGEF5	-0.0152884401485993	0.0001239488542597034	background
LAMC1	2.2994596948716124	0.00012385477547270597	CAP_up
EMB	2.9914478393843376	0.00012385236751030277	CAP_up
WASL	-0.1769904444010958	0.00012382393592090155	background
PHF1	-0.8616091940209535	0.00012363623094878174	background
TOMM70	-1.4169538117398586	0.00012362515415778822	CAP_down
CR2	-5.473174763580971	0.0001235851536435118	CAP_down
HUS1	-0.4521397040004802	0.00012355223344046688	background
TXNRD2	-0.4821406241222124	0.0001235463280990438	background
MVD	-0.2653283686459555	0.00012353704806565923	background
RANGAP1	-0.5128869829532055	0.0001234775943032883	background
IFT88	-0.9414198003253628	0.00012341897063469857	background
SARM1	-6.243195127790767	0.00012340009058662806	CAP_down
TNRC18	1.6536694551082307	0.00012337407947771525	CAP_up
AGRN	0.0013152276409893	0.00012335760135030301	background
CD40LG	-9.628455022102107	0.00012327805274057186	CAP_down
ALAD	0.1273760972786071	0.00012308884301832332	background
MSN	1.2518065767370548	0.00012303802070333438	CAP_up
CUL2	0.0078658737563783	0.00012291694549663518	background
ABCA3	-3.073365213021019	0.00012290580958966522	CAP_down
RGS3	1.7105762877220652	0.00012283139356894187	CAP_up
FANCG	-0.1416098764035074	0.00012281464971305368	background
PPP2R3B	-0.011108080018699	0.00012281089622976615	background
ITGAE	-0.0046532660788833	0.00012277153262117623	background
PRKCH	-6.033757314936566	0.00012273854315132573	CAP_down
SLC16A7	-2.635104999597056	0.0001226981589663497	CAP_down
UBE4B	0.6184953258506045	0.000122666993217008	background
DGAT1	1.383517593868565	0.00012261365099818113	CAP_up
MAP4	-0.0020401903466583	0.000122524611419618	background
MARK3	3.0859938663959503	0.00012245056678550757	CAP_up
CNPY4	-0.4232948390202306	0.00012242082966891992	background
PPP4C	4.861255853362354	0.00012239183874204217	CAP_up
MYLIP	2.457446872584436	0.000122361108000139	CAP_up
PNPLA8	1.8321406877947977	0.00012225889973449625	CAP_up
ATXN7L3	4.855799373397669	0.00012220454488100566	CAP_up
SELENOS	0.2852453253954732	0.00012217902077039564	background
DEDD2	3.591156113970536	0.00012215965023883133	CAP_up
TIMELESS	0.034766878960765	0.00012206069499606282	background
PDE6G	-0.1341976297195292	0.00012202299941066098	background
PPP3R1	1.43680923971732	0.00012198968518084876	CAP_up
HAVCR2	0.1541070057420684	0.00012190379492841594	background
RYR2	1.017877812773386	0.00012190278572983836	CAP_up
ODF2	-0.819661341479444	0.00012187765285928101	background
TADA1	-1.768570045648007	0.00012186240223403526	CAP_down
MVK	-0.3365404754592508	0.00012184215985052942	background
CCNI	0.2898384056576252	0.0001216811491816455	background
MDFIC	-4.151664652039608	0.00012167007215629275	CAP_down
SYNJ1	1.2156545839613917	0.0001216490671436705	CAP_up
SLC26A6	3.333019646316941	0.00012155019777234372	CAP_up
PARP4	2.7174783070788013	0.00012146057557678367	CAP_up
DYNC1H1	-0.5212592540503873	0.00012134860182173492	background
ATF7	1.6250612881772255	0.0001213258589109254	CAP_up
ZFAND5	4.608994213001055	0.00012129273518124733	CAP_up
CSE1L	-0.351012560536016	0.00012128900079099076	background
ASF1B	3.0242378407423733	0.00012127010681129755	CAP_up
CCT6A	-0.3425260763113978	0.00012123756747287264	background
KCNQ1	0.1583656466490066	0.00012118385896893299	background
HCFC1	0.0407321291749125	0.0001210693422665247	background
KHDRBS1	-0.0030221048184709	0.0001210373394719252	background
IL1R2	29.859007312745543	0.00012101415948328257	CAP_up
RNF135	7.898490549385075	0.00012100365829274222	CAP_up
MTMR4	1.8770609832853535	0.00012095398074315047	CAP_up
JUP	-0.1360409840805019	0.00012092834732080107	background
MPI	-2.8173550527442988	0.00012092767507621492	CAP_down
SIK2	-1.8236908415847288	0.0001209127779779542	CAP_down
ACSS2	5.647915152704894	0.0001208307282718127	CAP_up
UBE2C	15.039810094628448	0.00012078509790037806	CAP_up
MAN2A1	-0.1395996714111572	0.00012074268710262079	background
RNGTT	0.0057215618930883	0.00012072618693788667	background
MCM5	-0.1561325264362747	0.00012068109496759292	background
PGM5	2.0462136826556523	0.00012062170958293898	CAP_up
STARD3	1.1293356928482563	0.00012045318404304645	CAP_up
ERI3	-3.3212782172213804	0.0001204092518767561	CAP_down
PGAP3	-5.779120013343491	0.00012040688808143041	CAP_down
CD300C	0.2173546861750248	0.00012029492555950686	background
CENPA	8.600045710986405	0.00012023977529852176	CAP_up
TNFRSF8	0.3208301298889556	0.00012014154629954548	background
WAS	4.93094421203076	0.00012013832312291976	CAP_up
ADAM12	-11.935767438596672	0.00012013748614194347	CAP_down
BAIAP2	-0.8622627667036417	0.00012012697549363156	background
PLAAT4	-0.6245232879291229	0.00012000038253549279	background
S1PR3	0.5060782575156184	0.00011999587021726326	background
UBE2V2	-0.0110788107929716	0.00011997075845634641	background
PAXIP1	-0.0984973856921293	0.00011994088709230056	background
CSNK2B	0.1931520277765568	0.00011989257194240626	background
DR1	0.932386775807892	0.00011985880976326415	background
NBPF1	-3.092702925014602	0.00011980987177632237	CAP_down
PYCARD	7.27092935683704	0.00011974021651855195	CAP_up
SERPINB10	11.059759063782275	0.00011972144728838085	CAP_up
SEPTIN7	0.1327005223543001	0.00011964076983669709	background
CD2	-4.556522938291957	0.00011961697881405119	CAP_down
USP27X	-0.1117987783099548	0.00011958110199967083	background
PTH2R	2.344565409910099	0.00011952809965317927	CAP_up
TNPO2	-0.1585609012194702	0.00011952164644356506	background
ENO3	-0.8520603370410379	0.00011941794855234123	background
PDS5B	0.2387753198448271	0.00011933008335835186	background
GABBR1	-0.1443073231044058	0.00011931688731163039	background
STN1	-0.2039911739632363	0.00011930560417891955	background
RASGRP2	-0.8472255893144806	0.00011898472266959478	background
FLAD1	-0.118531137329589	0.00011898015809615566	background
CACNA1D	1.9806878639030048	0.00011896085269958882	CAP_up
POLDIP2	1.2749478594396728	0.00011895412628035584	CAP_up
S1PR5	-10.47860973425366	0.0001189382265757982	CAP_down
UBR1	0.0052775933238372	0.00011875139337562976	background
TNFRSF1B	2.404101678403848	0.00011873469132172037	CAP_up
TELO2	-0.6226004588558127	0.00011871182020683392	background
USP42	0.0531721614624972	0.00011866286776799331	background
SETD9	0.209892239834183	0.00011866286776799331	background
ZMAT3	-1.100524314337762	0.00011866286776799331	CAP_down
CCDC106	-0.7675092291037564	0.00011866286776799331	background
DRAM1	15.844643968508002	0.00011866286776799331	CAP_up
YAF2	-0.4566681538529136	0.00011861469038937391	background
FANCA	1.682081849835947	0.00011853608041779454	CAP_up
DNAJC3	8.932469129639038	0.00011853382550084934	CAP_up
USP44	-8.841325855069087	0.00011852062679255842	CAP_down
CMKLR1	-7.013951853143641	0.00011844732618707488	CAP_down
UBQLN1	0.5324927991224097	0.00011839432416303462	background
RGL4	17.205879043416914	0.00011833391086580464	CAP_up
CD2AP	-0.3787756843444617	0.00011827950347023836	background
PCGF3	0.6669121204389106	0.00011826779902472269	background
ARVCF	-6.664162627737985	0.00011817291375220436	CAP_down
SLPI	22.6475382552401	0.00011817118708832623	CAP_up
NSMF	-4.38141741950606	0.00011813070524998228	CAP_down
DGUOK	0.2757210666774903	0.00011798270281187137	background
GCNA	0.4449368751272378	0.00011788629271187029	background
PIK3R4	0.0051040347813465	0.00011780049059460759	background
LTA	-0.9831585547231892	0.0001177910071284216	background
TESC	-2.4621187513810616	0.00011770536532445359	CAP_down
SHCBP1	5.604549423182139	0.00011767648176820388	CAP_up
POLE3	-0.4101542985007355	0.00011763030854595349	background
NUDT15	-0.2326161640124624	0.00011761640203747581	background
DCP1B	-2.433637227809422	0.00011753521251834687	CAP_down
GPX4	-0.0624795788705525	0.00011750437081223097	background
CFD	-0.0029056761662563	0.00011742890255680006	background
LAMTOR3	4.690468551581697	0.00011741036914494857	CAP_up
NBEA	-2.7885741011835075	0.00011738498384401326	CAP_down
MCMBP	7.824469493368466	0.00011731649336335406	CAP_up
FZD1	0.0386573607388524	0.00011726665769969286	background
RWDD3	-0.4791169509229099	0.00011717950599790164	background
GTF2IRD2B	-1.7238877989020245	0.00011713118576688984	CAP_down
GTSF1	-0.1414502354507238	0.00011705467779599921	background
L3MBTL1	-4.167830655876403	0.00011704659233274116	CAP_down
DCTPP1	-0.0483596551600448	0.00011704084017038703	background
GPA33	-13.074131126069716	0.00011696972415068395	CAP_down
BRD2	0.8454729808540875	0.00011693669540315458	background
RNF8	-0.1695185332256719	0.00011689974121283813	background
APPBP2	-0.2553038642421671	0.00011686255869103897	background
MORF4L2	0.0744850913834213	0.00011678701896646358	background
ERCC5	-1.7578298298664754	0.00011667602428347006	CAP_down
MARCHF6	0.1288472525070288	0.00011663618195141377	background
RYR1	-2.6691137482583787	0.00011655610224629903	CAP_down
POLD1	-0.0558032115736994	0.0001165247833494457	background
F2RL3	0.2620381883477856	0.00011643268547404948	background
ADAR	5.103322071149477	0.00011637691940857462	CAP_up
LMNA	0.2453748311287952	0.00011632871686017001	background
SLC22A4	20.914521389534407	0.00011631988371503182	CAP_up
PPP1R3B	15.565153804466735	0.00011627026325374492	CAP_up
SYVN1	0.5302143160047946	0.00011626149634535039	background
FDPS	0.4225127852293979	0.00011621870268965105	background
LBR	5.341064662236726	0.00011621744143432486	CAP_up
SYNPO2	-0.0014192160858766	0.00011621678245520744	background
CHD1L	-3.278102178713599	0.00011615751451951818	CAP_down
TPI1	2.6521746967384594	0.00011603150237657694	CAP_up
CDK9	-0.0527957962826469	0.00011594906592207209	background
KIF18B	3.327118724146749	0.00011592990519600587	CAP_up
FZD5	6.9046910024973975	0.00011590499765668417	CAP_up
IL16	0.0586761865432048	0.00011589769256504717	background
KYAT1	-0.2562023953655745	0.00011570070414493838	background
UBTF	-0.3751087685260872	0.00011567540724889341	background
ATXN1	2.454218777251585	0.00011563462634103749	CAP_up
DBP	-8.31256976544337	0.00011556427224120242	CAP_down
ADGRG3	25.86722182144664	0.00011551479839051754	CAP_up
MCM2	0.6000487648393205	0.00011540751888219703	background
NBN	6.030113622311747	0.00011538175581607005	CAP_up
FBXO5	0.0990918076378601	0.00011534594081523777	background
ZNF652	0.0085998150597965	0.00011529024216845943	background
ZBTB47	2.3423403495977118	0.00011529024216845943	CAP_up
RABIF	1.3327919315023278	0.00011525323614556551	CAP_up
RASGRP1	-6.751281823407152	0.00011525241593378728	CAP_down
IMPDH1	8.49158966872811	0.00011523033682490893	CAP_up
GABPA	0.011523219854458	0.00011520488995870126	background
CYFIP2	-0.3267515343204266	0.00011516956653855592	background
CCT5	0.9122685733964668	0.00011514720583271918	background
CANX	0.0125977490677977	0.00011514564630136592	background
LY86	-0.1101848714050663	0.0001150331006072637	background
RUVBL2	-0.000782383941542	0.00011500388074817163	background
AMFR	0.2274235895703975	0.00011499461854448232	background
RFC3	-0.302335476713434	0.0001149442237241736	background
HES1	0.7705768081956916	0.00011492383920285152	background
PLCD3	3.2897506319508194	0.00011481704438051881	CAP_up
GYPC	-1.5385610745509704	0.00011480961958660888	CAP_down
MTHFD1L	0.7441828300011929	0.00011477801839374275	background
DCAF6	1.0278587904402388	0.00011477268521960713	CAP_up
EVI5L	-0.0347843323360815	0.00011476404372495535	background
CDT1	5.361453295375951	0.00011470004456366939	CAP_up
SPTBN1	-0.2020255145585439	0.00011458499394839943	background
IL2RB	-8.83951960979832	0.0001145532171522786	CAP_down
FZD2	0.0219565089555424	0.00011451018453247082	background
MCM9	-0.2665551613764924	0.00011449372192220293	background
SPPL2B	-0.9804988649296388	0.0001144459764923026	background
SPPL2A	5.440465539922696	0.0001144459764923026	CAP_up
UBAP2L	0.0136206584743094	0.00011433258717234062	background
ATG5	0.2312559416523706	0.0001143308524366986	background
CCDC117	0.0383148078738434	0.0001143277255999561	background
SDF2L1	0.1773702008528498	0.00011432421803409525	background
KCNH8	-6.393568012217168	0.00011431789663546479	CAP_down
LIPT1	-4.409957315299131	0.00011430483486725517	CAP_down
SUPT7L	-0.622532359666072	0.00011421293092099171	background
PGAM1	6.439525972791714	0.00011417681981691405	CAP_up
PTMA	-0.2430789479449832	0.00011417457958479198	background
MIS18A	-0.4787147075998721	0.00011413891095332457	background
TNFRSF4	-1.3958878465327538	0.0001139830007301427	CAP_down
WAPL	0.2477803296640744	0.00011391513255970331	background
DNM2	2.575393897210673	0.00011391449948057026	CAP_up
NACC1	1.9742866499465848	0.0001139089825030365	CAP_up
EPHA1	-3.1271637423335124	0.00011388327600340212	CAP_down
RECQL5	-0.0384381070530139	0.00011387565661506166	background
GLUD1	-0.282986282290212	0.00011386743368255519	background
TST	2.2411392973527744	0.00011380402900796522	CAP_up
BRWD1	-1.5510519207827198	0.00011378997603525372	CAP_down
NR1D2	-6.202729934129403	0.00011367586378622073	CAP_down
RBBP8	3.437765625864248	0.00011366682521224483	CAP_up
WDR86	-9.172059946207376	0.00011366402547424302	CAP_down
MPST	4.000003116465765	0.00011362737697265351	CAP_up
GSN	9.87633004062393	0.00011361472436462219	CAP_up
OAT	3.622171581793949	0.00011358445771005462	CAP_up
PGAM4	5.644166313751566	0.00011350559113271173	CAP_up
CYP26C1	0.9372618656323712	0.00011350520586744769	background
RASD1	-2.083496597632881	0.00011343999492283552	CAP_down
ATG14	-1.092307092321545	0.00011340278136832053	CAP_down
PLCD1	-0.3612648375325069	0.00011335617356272161	background
AJAP1	-14.81422828803094	0.00011334396110909434	CAP_down
RING1	-0.1759289442536204	0.00011333333143657531	background
F2RL1	9.065499092394573	0.00011331876970572938	CAP_up
MPL	-0.0439932186474728	0.00011320156573394675	background
ZFP36	5.721429018287333	0.00011318007080786338	CAP_up
PPP3CB	0.4096448513220239	0.00011310749015983599	background
GINS2	3.255941470399925	0.00011305399220658118	CAP_up
KIAA1671	-7.218426290895159	0.00011281856060276182	CAP_down
TADA2B	1.9688689777082693	0.0001127836439150925	CAP_up
PGM3	-0.2530531792539104	0.00011276369178867661	background
CHTF8	-0.2200261961937293	0.00011267029258802749	background
SMARCB1	-0.4981295459635482	0.00011254447465855446	background
PLEKHF1	-6.158236290336871	0.00011249286653590762	CAP_down
UBE2D3	4.106882887782106	0.0001124889868172447	CAP_up
PDCD2L	-1.7201707094249843	0.0001124113899616372	CAP_down
ARAP3	2.923527589346932	0.00011238392563219136	CAP_up
LIMA1	-2.247942824333362	0.0001123781182047796	CAP_down
TUBA1C	3.84299150810683	0.00011237509633492755	CAP_up
CHEK2	-0.7059896961125957	0.00011237375947221591	background
ATF6	4.476372522906094	0.00011236582494671525	CAP_up
AGO1	0.0846342584867307	0.00011235185233480101	background
STAG1	0.4633992144584307	0.00011231154060022457	background
POU2F2	-0.2282933941688457	0.000112303021549072	background
GPRC5D	0.256057989760986	0.00011229048070636653	background
CD163	4.507582041859059	0.00011222311640502841	CAP_up
CSRNP1	7.464726361027997	0.00011208233733225427	CAP_up
NLRC4	19.07921172803775	0.00011205337724736356	CAP_up
SPRED2	4.088537002896626	0.00011196374431946037	CAP_up
PCM1	-0.3135423979601986	0.00011196323367913882	background
RPA1	-3.5182035302776127	0.00011190819573419124	CAP_down
MUC16	-7.138803437294866	0.00011188888834371071	CAP_down
TFAM	-0.0355529575271558	0.00011186236127234644	background
RNF2	0.1878561471344816	0.00011185339549562768	background
KCTD2	5.520634131357127	0.00011184662091533823	CAP_up
SLC49A4	4.879507042682737	0.00011178504668287836	CAP_up
NAB2	-1.629442272715513	0.00011176262282660558	CAP_down
TOB1	0.9906334873138076	0.00011174474172211743	background
NLRC3	-6.529578191595768	0.00011168695002406056	CAP_down
CLEC10A	-4.162151486899697	0.00011161187181442223	CAP_down
RHOH	-2.73991978094996	0.0001115832053542003	CAP_down
CLIP1	3.02451636653492	0.00011155804164679684	CAP_up
AASDH	-0.4204509501965708	0.00011155726463322918	background
ACOX3	0.0018602911901262	0.00011153108497162876	background
HBD	7.285171550479752	0.00011153097150847867	CAP_up
DOK4	0.7652894276831986	0.00011152830597368892	background
MYCBP	2.068734252858436	0.0001115117396392921	CAP_up
MED12	2.1935289136729392	0.00011140296182056299	CAP_up
B3GAT1	-2.538440404513985	0.0001113360643949029	CAP_down
ORC5	-1.5411243493551243	0.00011131984404592329	CAP_down
CHRAC1	-0.3420599343261978	0.0001112820379334835	background
PRRG1	0.5665279677009014	0.0001112471778824234	background
POLA2	-0.5710827556724298	0.00011124281643555542	background
FAM241A	1.2500743241077843	0.00011119779095409475	CAP_up
BATF3	-1.8286928322254232	0.00011117917802998398	CAP_down
FUS	0.158241442245625	0.00011110802756957772	background
PC	-0.8411921221677532	0.00011108818345449917	background
YEATS2	0.0395453382512083	0.00011108715920082894	background
HS1BP3	3.398680755734331	0.00011106340349740316	CAP_up
SIGIRR	-4.086282904504429	0.00011104620786338278	CAP_down
CUL1	-0.3369762272429247	0.00011103279645892287	background
MIIP	8.038285810276943	0.00011102377050950712	CAP_up
ACSS3	5.26740888284029	0.00011096562913626327	CAP_up
CTC1	-1.613364310461037	0.00011096230477869211	CAP_down
RIC8A	2.400936365670227	0.00011093860276729974	CAP_up
AK5	-14.369348333162424	0.00011093729892772464	CAP_down
RWDD2B	-0.4685655227645122	0.00011085364595560426	background
TNFSF13B	9.50924728928585	0.00011082010612191669	CAP_up
TAX1BP1	1.613234105503674	0.00011080811721461021	CAP_up
PTGFRN	0.3499785720223758	0.00011079823515808659	background
S1PR4	2.5488991859349865	0.00011078568009574917	CAP_up
CACNA1H	-5.277144562069242	0.00011076323475572426	CAP_down
IPO7	-0.6688704051873743	0.00011075487297856291	background
LRP6	-0.1256564026756191	0.00011072571750504898	background
SPARC	0.63974744394462	0.00011072452183766856	background
EWSR1	2.2361184990698457	0.00011070931068630233	CAP_up
KLF11	-1.129449807628319	0.00011069509811404953	CAP_down
SERPINB1	16.0144843092918	0.00011063572420320401	CAP_up
NSFL1C	3.0958958636556395	0.00011059240451161369	CAP_up
ZBTB4	-6.016156099342603	0.00011046134086902471	CAP_down
VRK2	0.2305242951679554	0.00011045067763982164	background
RHEBL1	-0.472406512777353	0.00011042479082741356	background
SMARCC2	-0.0456133751643784	0.00011035656225602104	background
MSH3	0.4061982170775214	0.00011035570248834821	background
ACADM	-0.2302776925393507	0.00011035419273126412	background
PCK2	0.2987063868760218	0.00011025262609011546	background
SIGLEC7	0.6200401148259943	0.00011022959362853113	background
USP22	1.1087119740065214	0.00011021765963362885	CAP_up
SLC25A5	-0.0637225519876354	0.0001101996894465403	background
NOG	-22.1714801548799	0.0001101813306652697	CAP_down
MBD1	0.5341976496213633	0.0001100332472169712	background
HSF2	-4.947661610501786	0.00011000855255568893	CAP_down
UBE2J1	12.74069899532295	0.00010997062033499231	CAP_up
IL17RC	0.3435462983326692	0.00010992783350382117	background
RANBP1	-0.0627604378341588	0.00010989457331233122	background
RNF5	-0.2365943237833435	0.00010987074386991094	background
PGLYRP1	24.85122050464083	0.00010986010743939766	CAP_up
USP15	3.9373187396689273	0.00010983856891753354	CAP_up
SUPT3H	-7.17137273866104	0.0001098369301776195	CAP_down
LIME1	-0.6017866730929091	0.00010983138205623613	background
PRIM1	-1.0507674840294223	0.00010981873402202338	CAP_down
CSNK1G3	-0.0350308409098405	0.00010973980897609544	background
USP10	3.66865721236728	0.00010973681288581268	CAP_up
POT1	-0.3118603271270941	0.00010967112423029932	background
TMEM42	-5.278453760485744	0.00010967101158764851	CAP_down
RASAL3	-0.7028947715785299	0.00010960114470319349	background
CKS1B	0.1276605946384015	0.00010957145924169984	background
ATRX	0.0074864968679284	0.00010956376675828	background
SMPD4	-0.896004307034334	0.0001095597798098389	background
BTN2A1	1.250374179764672	0.00010955964577308178	CAP_up
TMOD3	2.991961529083319	0.00010955189941059774	CAP_up
UBA1	2.825697634030129	0.00010952579281842086	CAP_up
BTN2A2	0.7415418123102026	0.00010947584266782345	background
ZNF512B	-4.935196435260518	0.00010943405979945354	CAP_down
PPTC7	0.0034156801210312	0.0001092770086330599	background
CYSLTR2	-7.943134570794483	0.00010919200744684393	CAP_down
KLRK1	-11.13631574023861	0.00010912883640293354	CAP_down
APIP	-0.0014407543519058	0.0001090971993520615	background
PHGDH	0.0801453373320603	0.00010906782165298181	background
SUCLG2	-2.429983829821002	0.0001090669233217771	CAP_down
SOX5	-2.1968588433452463	0.00010903992434178025	CAP_down
DRD4	-0.7747524016361962	0.00010894587946543934	background
DERL3	0.2492026381685207	0.00010894092709426065	background
BTNL8	5.754994447921845	0.00010884477928152478	CAP_up
BTNL3	1.7933921088641476	0.00010882768489932506	CAP_up
PTPA	0.2821735386753452	0.00010882145930299435	background
TADA2A	-1.708606980377528	0.00010881645746680203	CAP_down
NTPCR	-1.80552022833419	0.00010880133836344896	CAP_down
MRE11	-2.182912120608977	0.00010878809781402145	CAP_down
SGMS2	1.0801849011867977	0.00010877995160888686	CAP_up
RDX	0.3720218524325443	0.00010874902855939877	background
NME1	0.0382470212618121	0.00010871407524597566	background
LIG4	1.550252827023389	0.00010867745050002683	CAP_up
ICMT	-0.0441521574420077	0.0001086334637722881	background
ERCC4	-1.1362153584313537	0.00010860002470930391	CAP_down
UBE2S	6.446045849952908	0.00010859302955264135	CAP_up
NUCB2	-0.0821762666755735	0.00010838746759714856	background
ZWILCH	-0.0465780089490006	0.00010837996065731921	background
TAX1BP3	0.3264643673936744	0.0001082601543288455	background
RGS14	3.568443179375975	0.00010816461554912695	CAP_up
HSBP1	1.7180475824697188	0.00010810863197340579	CAP_up
SOX12	-2.5069666715219534	0.0001080057324709818	CAP_down
FPR3	-5.252964352905465	0.00010792959585488381	CAP_down
PDE8A	-2.581167296923687	0.00010789709295661925	CAP_down
CDR2	-2.022858941669289	0.00010785022222773843	CAP_down
ACD	-0.1211248833357442	0.0001077518764591725	background
CSRP1	0.3408683464381044	0.00010773245485949353	background
PHYKPL	0.2013553261267079	0.00010771319088021591	background
MAD2L2	1.1804953964674345	0.0001076694360270123	CAP_up
CRTC3	-1.7906272910774712	0.00010762065698988923	CAP_down
SPOP	0.2599618990597963	0.00010758594392819919	background
PIDD1	-0.7875875975737754	0.00010750772002734215	background
RAD51B	-0.0185958589132129	0.00010750494447259016	background
CORO2A	6.024134279196672	0.00010741719457074524	CAP_up
RAD17	-1.2069776051052377	0.00010741463591714786	CAP_down
PARP16	-1.7269377689033878	0.00010728764005450388	CAP_down
CETN2	0.3013379930780456	0.0001072751413858878	background
SIK1	-0.2465367803066133	0.00010723154065912303	background
HACD1	-0.0007983288452401	0.00010719771460020073	background
TNPO1	1.2076477465285729	0.00010717481265403966	CAP_up
FIS1	-0.6556706596396975	0.00010710808306225773	background
TINF2	2.5042191264530564	0.00010708141877132732	CAP_up
TAF6L	-1.0327701008732697	0.00010699326676940652	CAP_down
UVRAG	-0.0246033660843388	0.00010697252743139095	background
IRF2BPL	6.06597603878136	0.00010697015873721997	CAP_up
MAP2	0.1469497412463624	0.00010695053352074262	background
AMT	-0.385928618740709	0.00010694157595727674	background
DYNC1I2	-0.0002936369872824	0.00010692530997580084	background
GNG11	-0.1153756688127438	0.0001068997327330147	background
ABRAXAS1	-2.891158045096302	0.00010684763172389101	CAP_down
PWWP2B	0.0157100724594044	0.00010684310400044359	background
ATIC	-1.6861658768856191	0.0001068409384170698	CAP_down
POLE	-0.0502656108746633	0.00010676438835650011	background
ATG12	0.6009186288415316	0.00010676300076367991	background
UGGT1	0.9641468823244616	0.00010675044776491605	background
SMPD3	-4.690128369792463	0.00010674088065133232	CAP_down
PCMT1	7.28277803541072	0.00010669738551972507	CAP_up
MAFF	1.675486503241067	0.00010668188387285425	CAP_up
FCGRT	1.4793372421349282	0.0001066574289820049	CAP_up
CUL5	-0.9237956207679974	0.00010665201333710729	background
BST2	1.8528137192391023	0.0001066302063183621	CAP_up
IPCEF1	-0.1526000457683847	0.00010660071747259825	background
UCN	-0.3058106713505197	0.00010655472759724576	background
MAFB	2.462976501892727	0.00010648365923716696	CAP_up
HNRNPD	0.2030251114875467	0.00010646181802830324	background
RANBP2	0.1667417465065889	0.00010643894315523527	background
CHD6	-6.187767076762047	0.0001062435020836931	CAP_down
RAD51AP1	0.854339930805341	0.00010617399264716858	background
KNTC1	0.0250132792267759	0.00010606169153471433	background
ACACB	-2.7957735926935783	0.0001060352595711612	CAP_down
C2CD5	-0.000781355371593	0.00010602266384466036	background
SGF29	-0.1391118900025557	0.00010591973606314749	background
GALC	1.2823230913659498	0.00010582423167264835	CAP_up
PRDX2	-0.4383816220875131	0.00010578057631274505	background
PLD2	0.4228882023609674	0.00010576499587296642	background
MDC1	-1.8198372228926905	0.00010576115228606671	CAP_down
MTSS1	-4.055812473497548	0.00010566634678936478	CAP_down
FCAR	18.547365251049506	0.00010565388781463176	CAP_up
CENPU	3.5365245302393387	0.00010565333581493407	CAP_up
G3BP1	-3.053977216855037	0.00010564663061927095	CAP_down
VPS52	-0.2978688019836785	0.00010559960447869032	background
CANT1	4.158322110185392	0.00010557457486649654	CAP_up
GNG8	0.4335368331576713	0.00010551749877452542	background
UBC	3.3997721691305327	0.00010547622065423195	CAP_up
MICU1	7.725138533862477	0.00010542504061804494	CAP_up
PRIM2	-0.9183846058766952	0.00010539179076451568	background
CBLL1	-0.0341385620143093	0.00010534163410238232	background
TRAT1	-5.202303678869734	0.00010533773041828702	CAP_down
B2M	3.030812907278274	0.0001051646658051356	CAP_up
MAP1LC3B	8.142554068764634	0.00010505768291840822	CAP_up
LNP1	-0.6947062879626087	0.00010505039334408317	background
ARHGAP32	-4.9239436002853925	0.00010492868252536151	CAP_down
CERK	-0.486614177752718	0.00010491591384718959	background
SGMS1	1.0368751052673173	0.00010488173947529579	CAP_up
SIPA1L2	17.98983065104297	0.00010483368093229298	CAP_up
RGCC	-0.9905424174490604	0.0001048279402443312	background
CD200R1	-5.782099214462145	0.00010482704718913353	CAP_down
NUMB	8.563577563058521	0.00010479891602369819	CAP_up
PEX11A	-1.4980748447658483	0.00010470331094729522	CAP_down
RRM1	0.0005878113974307	0.00010469655089626725	background
ZNF274	-0.7274952816141764	0.0001046510846206941	background
CHURC1	0.3509828474425885	0.00010460274474805001	background
SH2B1	-0.3448589229910885	0.00010453148683019819	background
MIS18BP1	-0.0245005863859789	0.00010450099574943194	background
NUDT16	3.5520112404329267	0.00010444174168848182	CAP_up
FFAR3	14.080566900883726	0.00010443691556830473	CAP_up
PTPDC1	-8.328635120615838	0.00010443664896153473	CAP_down
ADM	29.093901901657546	0.00010438173024965141	CAP_up
POLDIP3	1.5422588982808332	0.00010437262817456205	CAP_up
PATZ1	-4.1222826701156166	0.00010436279064341932	CAP_down
MLF2	4.400205270014276	0.00010430710986293153	CAP_up
GNG10	2.8989842249755258	0.00010430505066277077	CAP_up
DSCC1	1.156610607369263	0.0001042803591466924	CAP_up
UBXN1	-0.0171274996186766	0.00010426617719669543	background
RAD1	-2.95864932263542	0.00010425793447172709	CAP_down
ANAPC1	-4.395960459376332	0.00010419080461963558	CAP_down
DDR2	-0.2430048381259729	0.00010418660736059341	background
MARCKSL1	-1.7479337532039028	0.00010415075563455591	CAP_down
GGPS1	0.0838787719039365	0.0001041052879406586	background
UBASH3A	-9.3238716231919	0.00010405279109566443	CAP_down
TSPAN7	-0.197699840627936	0.00010404549351051854	background
ICA1L	-6.544496965042528	0.00010404549351051854	CAP_down
FBXO15	-6.5666937121190045	0.00010400613280589224	CAP_down
RBMS1	4.2893805926297945	0.00010397408254642028	CAP_up
BAZ1B	-0.3156328143970841	0.00010397370630560855	background
BARD1	0.1033342944492318	0.00010383994527071021	background
GTF2IRD2	-1.1388731359758535	0.00010381672203493999	CAP_down
TRIM62	-0.0053884672953465	0.00010362384769547375	background
DCHS1	-7.189029823768484	0.00010349115962202911	CAP_down
ZC3H14	-3.199731320682184	0.00010342263589096114	CAP_down
HAL	4.608673554359542	0.00010341165391061594	CAP_up
DDX5	0.0392005517330613	0.0001033795524363181	background
RNF40	2.0701590383083723	0.00010337210062060354	CAP_up
B9D2	4.397129117731076	0.00010337157243819039	CAP_up
VPREB3	-1.5502083875828503	0.00010324929291748023	CAP_down
TOR1A	5.250987626283891	0.00010324421281010195	CAP_up
MGP	-0.2450201096868258	0.00010323769222259728	background
GET3	0.4770643066881095	0.00010323116147656888	background
SOX13	-5.830372027791198	0.00010321865568471267	CAP_down
CREG1	8.331061551071908	0.00010320758560888448	CAP_up
EDEM1	0.1539940907294002	0.00010315912228823136	background
CLCF1	-4.209460440020095	0.00010315002872953156	CAP_down
SIPA1L1	1.1926029727712797	0.00010312456025753807	CAP_up
HRH2	10.147959675350435	0.0001030982123441654	CAP_up
VENTX	-0.3262819520550146	0.00010309150288935389	background
PLEKHM1	4.387844724730017	0.0001030754927775576	CAP_up
N4BP1	4.612606042154992	0.00010285938140188135	CAP_up
CCN3	-8.845213439015822	0.00010285271908861681	CAP_down
RNF145	4.539120962373114	0.00010283824201255322	CAP_up
KCNJ15	20.697408264348557	0.00010283305063255672	CAP_up
UBE2D2	-0.0822206966923276	0.00010279158385371719	background
GFPT1	-0.0286469764642224	0.00010277388810433316	background
ITGAD	0.3300353985376239	0.00010274284273217732	background
LRP5	-0.8995386075525309	0.00010274117518373603	background
HYAL2	7.710696600518281	0.00010272971586553718	CAP_up
PLEKHG2	0.1442591052689008	0.00010272868474037934	background
ELOVL3	6.568508642948585	0.00010272605889153514	CAP_up
AKAP13	1.4830397194537588	0.000102711204204986	CAP_up
RCC1	0.0811185920378353	0.00010268731997775131	background
H2BC11	2.817055783509783	0.0001026206535505649	CAP_up
GPSM3	4.7877314710034	0.00010258385077003995	CAP_up
HIVEP3	-3.1514962352933407	0.00010249404608690985	CAP_down
ESCO1	0.0631463760812667	0.0001024689340305983	background
PPM1D	2.554310790283431	0.00010242746613502091	CAP_up
CPA3	-8.43161554783389	0.00010241528827477119	CAP_down
SVIL	6.936064135839261	0.00010240384057558028	CAP_up
ELAVL1	-0.2039350254751564	0.00010237683493374849	background
CHKB	-0.3702399339441519	0.00010236442111023227	background
ACER2	-0.3971567022369941	0.00010233521972318877	background
ASL	1.0723341726307112	0.00010230788213405617	CAP_up
CSNK1D	2.792841153272117	0.00010211631679277334	CAP_up
RAD51	2.3339306963422786	0.00010207713645833311	CAP_up
TRAFD1	5.207940118555826	0.00010189632835955916	CAP_up
ETV2	-0.0123228620154072	0.00010185909566285804	background
LRG1	23.14421052583826	0.00010184852609705332	CAP_up
MXI1	-1.3491814097510737	0.00010176853883695535	CAP_down
SFPQ	-0.3331027892500143	0.00010175323118597888	background
DRAM2	-0.0043244728112318	0.00010171954444345945	background
IL31RA	-1.6532230113265776	0.0001017042675306375	CAP_down
RPA3	0.0284960084112269	0.00010154109511095452	background
GLS2	-7.710177058535154	0.00010153833572545859	CAP_down
MOCS2	-1.8207415758781853	0.00010151289291574784	CAP_down
GHDC	0.0313937033018168	0.00010145448459440946	background
SELENOK	1.2397868886034762	0.00010141866197969437	CAP_up
ZNF281	9.694649483459196	0.00010140119742356397	CAP_up
POU5F1B	-5.279243922970322	0.00010140119742356397	CAP_down
EZH1	0.1359163028911372	0.0001013597261268875	background
MIB2	-0.6772852431188023	0.0001013291585249645	background
SRCAP	-0.0556416963990876	0.00010130642622722736	background
SIT1	-1.6952928308273605	0.00010129800948641375	CAP_down
ACTA2	6.4925418170033256	0.00010129080030749828	CAP_up
LRIG2	-2.7300267810501304	0.00010118984400142792	CAP_down
RMI1	6.374932674892103	0.0001011637656356955	CAP_up
NTSR1	11.34665228901871	0.00010113104449558683	CAP_up
DOCK5	3.4538955964348217	0.00010110020899612929	CAP_up
AGO2	0.1697857354744812	0.00010106054738339193	background
TNFRSF14	0.1151438505633839	0.00010096911886845878	background
EIF2B5	-0.8351907252382345	0.00010087166749096847	background
WDR26	3.629786353271906	0.00010082406134768652	CAP_up
PREPL	-3.556537389524761	0.00010079599225527354	CAP_down
PLK3	2.3323427082501027	0.00010079563116770859	CAP_up
ACTN4	3.701342685158341	0.0001006770333146632	CAP_up
MAST2	0.6438782677204992	0.00010059953138897146	background
GEN1	-0.2335288755915864	0.00010046349039403356	background
PROCR	-4.865803097214163	0.0001004534174902088	CAP_down
MTHFD1	-0.1558355830972057	0.00010044352176459702	background
DPP9	0.067782907431012	0.0001004069236793929	background
RABL6	-0.0263720310357824	0.00010038456392921116	background
ITPA	-0.7542554908618168	0.00010038326080407651	background
RNF168	1.0469818098443469	0.00010034539799153079	CAP_up
CCNG2	2.891881987155584	0.00010028952160227858	CAP_up
RARS1	-0.1410217451126594	0.00010028766731743358	background
HACD3	-1.1227667061687756	0.00010021692376597978	CAP_down
CD6	-5.39647554841031	0.00010013037788209213	CAP_down
PRDM4	-0.0014299239181428	0.00010009249842398748	background
PRKAR1A	1.8885200699290072	0.00010001249727414354	CAP_up
IFNLR1	-1.1314888253290285	9.994832927611008e-05	CAP_down
SH3GLB2	-0.9169098229482558	9.994515359650478e-05	background
CHI3L1	-1.212183926155829	9.991009020015878e-05	CAP_down
AKAP8	-0.0845937202185322	9.990348147701929e-05	background
XPOT	-0.028099118017496	9.986047418404371e-05	background
SPCS2	0.3553944225335045	9.982201807766323e-05	background
PRKAR1B	-0.1318215815091444	9.982035251401198e-05	background
RGL2	4.709210072641262	9.979190004103448e-05	CAP_up
FLI1	0.7600778272339455	9.975571922345827e-05	background
AKAP7	-4.763844605139552	9.970782955879492e-05	CAP_down
SLC8A3	-0.0041370850342142	9.96798202812679e-05	background
VIPR1	-4.870968634151362	9.967525402852065e-05	CAP_down
GAS2	-1.7389855075692784	9.965253790749288e-05	CAP_down
IPO9	-2.4198786729253747	9.964763831409264e-05	CAP_down
PPT2	-2.391712948352032	9.961786324344009e-05	CAP_down
SPC25	3.356330691220619	9.958651027416577e-05	CAP_up
CACNA1A	0.9634170153036008	9.952645527630614e-05	background
ZHX3	-3.617246329974855	9.95236615418446e-05	CAP_down
SMARCD1	-0.0653882252047842	9.951668379928488e-05	background
DMAP1	-0.2462392642006905	9.951181379819237e-05	background
LRRFIP2	7.6876896613848915	9.944149264259444e-05	CAP_up
TERF2IP	0.8847375639676862	9.942634929284108e-05	background
CSNK1A1	1.2308821117979714	9.940418930337544e-05	CAP_up
TGS1	-0.4883103732349371	9.940207114236622e-05	background
TCN1	9.645975246308437	9.938205568070543e-05	CAP_up
HSPBAP1	0.7200641247341955	9.929399857834977e-05	background
TRIM7	1.3533588764457063	9.927464116253525e-05	CAP_up
H2AC8	1.7186363754966163	9.924903564911055e-05	CAP_up
SPINT2	0.0305186292568538	9.921418918017522e-05	background
SPINT1	0.3311260418291613	9.920881895806695e-05	background
MAP2K5	-0.6081002785788533	9.913188543562527e-05	background
FKBP11	0.072365279084436	9.905687767004383e-05	background
CD27	-2.4214885279120515	9.897040090935226e-05	CAP_down
UGCG	7.274769385757111	9.895686761704764e-05	CAP_up
TBXA2R	0.0943820020444244	9.895613134875458e-05	background
CEP164	0.0284715221759603	9.895194014152806e-05	background
RB1CC1	1.4214745499732948	9.893945527084691e-05	CAP_up
STOM	13.21309963141632	9.891865175884357e-05	CAP_up
PMM2	-0.2192546480297313	9.888384527880968e-05	background
ISOC2	-0.0222583497834459	9.886988970869168e-05	background
AHSP	4.784556047750979	9.883852892413687e-05	CAP_up
PCCB	-0.3378256023089419	9.882444010680463e-05	background
ZMYND11	-3.9775107962210017	9.874798719283737e-05	CAP_down
UBE2K	0.3584019275206785	9.873586777183869e-05	background
SGPP2	0.4602459810094437	9.870345838490566e-05	background
PSIP1	-0.7108560280442574	9.866751672252385e-05	background
TAOK3	0.9107301461370996	9.862828338797795e-05	background
WWP2	2.827101907440859	9.855967519399444e-05	CAP_up
FAF2	0.9109808941250964	9.855275228810487e-05	background
ITIH4	0.4612385065512215	9.845471612905711e-05	background
ASAH1	5.207042877988155	9.843079062847876e-05	CAP_up
SCYL3	0.1964399617791012	9.832123060962633e-05	background
HYAL3	1.2060422686337693	9.825722276973317e-05	CAP_up
MNDA	9.3466685657765	9.82561965101137e-05	CAP_up
RAPGEF2	1.873794437100728	9.821685419323177e-05	CAP_up
PACC1	-1.1337525470861272	9.815996912795166e-05	CAP_down
SENP7	-0.1884816377954482	9.805972349947641e-05	background
IL12A	0.0527414194828573	9.804651144242051e-05	background
GYPB	3.802660574738671	9.79404893362977e-05	CAP_up
HERC1	-0.1794141960663003	9.788412587657726e-05	background
FANCI	0.3724980563175121	9.785978119791122e-05	background
ACSS1	-1.3978882914840582	9.777359409259845e-05	CAP_down
FCRL2	-1.323515006526524	9.776376857601604e-05	CAP_down
FCMR	-8.939442581216706	9.776376857601604e-05	CAP_down
ARHGAP31	-0.0393601416628876	9.76614711867549e-05	background
PXYLP1	0.4838070505831558	9.756643515813515e-05	background
UGT8	-0.2071984621115129	9.747336054376655e-05	background
CLEC4C	-4.08318494389917	9.744731669958766e-05	CAP_down
GDF9	-0.1957089853325468	9.743968060166845e-05	background
RNF20	1.0773235030042387	9.737032692737905e-05	CAP_up
MUS81	0.1033410476664816	9.736478716103484e-05	background
ALDH6A1	-1.025001561064524	9.733153885541625e-05	CAP_down
ERC1	0.5922283629845497	9.731871756207666e-05	background
STAP1	-0.5627227584633125	9.729358510046179e-05	background
CENPM	0.6099435859895634	9.725460365845858e-05	background
ARL6IP4	-1.1372568874375633	9.717947707121065e-05	CAP_down
FERMT3	7.976085419010623	9.71776824785254e-05	CAP_up
ARHGAP30	3.1867813326121297	9.716182644989656e-05	CAP_up
SMPD2	0.040373114826724	9.71433022322415e-05	background
AK4	3.413754764119361	9.714227704729405e-05	CAP_up
PHF23	4.5963880555214445	9.713648339098326e-05	CAP_up
GPSM1	-5.114446554050355	9.712966523533223e-05	CAP_down
PARP14	0.6151526486156427	9.7068348829057e-05	background
FCER2	-4.945699479848828	9.705390339745753e-05	CAP_down
SMPD1	0.8371459511183914	9.704667711696764e-05	background
GSDME	-1.3226351563957714	9.703939155246212e-05	CAP_down
CTNNA1	5.968086905235982	9.703274765874267e-05	CAP_up
YBX1	-1.266401317028119	9.695506546719163e-05	CAP_down
ELOC	1.4912867323667576	9.692256508951265e-05	CAP_up
RGS6	0.0041145406514922	9.687100517387605e-05	background
B3GLCT	-4.678619960592858	9.683164872876535e-05	CAP_down
ACTN1	6.533012846151492	9.681435196711257e-05	CAP_up
PHC2	12.076292593827176	9.681022461965826e-05	CAP_up
PVALB	-2.737714993329049	9.671891841982994e-05	CAP_down
ID3	-6.7139896039756	9.663309700520405e-05	CAP_down
HAX1	0.1040589791128354	9.662142036596748e-05	background
TRIP6	7.432571078896759	9.661060551495256e-05	CAP_up
FOXN3	-0.3968832606162959	9.655180488103317e-05	background
COQ6	-4.063591066214892	9.650333141232999e-05	CAP_down
ANKMY2	-0.1272504298505405	9.649946670355627e-05	background
CBX6	0.1182928124040809	9.645791203494403e-05	background
SMARCD3	16.10688003786224	9.643649309486032e-05	CAP_up
PITPNA	0.6614725257710324	9.641588275025492e-05	background
NPM3	-0.389992273014021	9.64129155184025e-05	background
IL5RA	-8.121827244415066	9.640787253017765e-05	CAP_down
OPTN	-0.1905409052766355	9.636843095716386e-05	background
NAE1	-1.5608789826285747	9.635665429779196e-05	CAP_down
ARPC5L	0.0334791362974018	9.635086961946843e-05	background
RGS1	-0.6512403108081483	9.632838245004793e-05	background
CSNK1G2	0.0920207813163962	9.631485169614716e-05	background
PLEKHG6	0.2778431251780153	9.624335940734885e-05	background
CCDC88C	-3.649554272749135	9.623681212075384e-05	CAP_down
SPDYC	1.393442268868861	9.618016179413247e-05	CAP_up
ATAD5	-0.1751449295091025	9.617099339191308e-05	background
ANAPC10	-0.6115445696733437	9.616909563432038e-05	background
DERL2	2.7521298299356416	9.614896856178901e-05	CAP_up
STK40	4.005413600957202	9.614593687307815e-05	CAP_up
RNF157	-3.0496284908717564	9.608082375581135e-05	CAP_down
ACKR2	-1.6914388837735663	9.603579725783374e-05	CAP_down
ERCC1	-1.7265128334187263	9.601608611802119e-05	CAP_down
CAMK1D	-0.2034926626060762	9.600667026499725e-05	background
RMND1	-0.4210045289210595	9.599810023298964e-05	background
LMF2	-0.1128328360415391	9.59953707627601e-05	background
SLC25A4	-0.177314913273759	9.597371686718093e-05	background
RGS18	1.8816474196291595	9.595343265336831e-05	CAP_up
NUDT16L1	-0.1830178388276637	9.591989585253812e-05	background
DBNL	2.3489258395181247	9.591328391459228e-05	CAP_up
SMARCD2	1.5950838448383888	9.590094511034739e-05	CAP_up
FGL2	0.0040760900532157	9.582398136275826e-05	background
ARPC4	3.267889138955053	9.577066944962314e-05	CAP_up
ENO2	-1.7060330441809537	9.57282371199203e-05	CAP_down
FADS3	-0.1041548235364291	9.572802000805802e-05	background
DHTKD1	2.3543321994537587	9.571279727887606e-05	CAP_up
UBXN7	0.087739366940648	9.565868482690936e-05	background
ARIH1	0.345183530003392	9.562305486395052e-05	background
MOV10	0.4046887653327864	9.561206158848173e-05	background
UBB	-1.5398740728526688	9.555214423318741e-05	CAP_down
SPATA2	3.044324303995868	9.547590356392911e-05	CAP_up
CD200	-2.608570588925569	9.547398301462895e-05	CAP_down
CXXC4	-5.213620314908857	9.543337909326304e-05	CAP_down
CAVIN2	-0.1400962569052846	9.54263822298265e-05	background
AEBP2	-1.4004918726174007	9.542046265421686e-05	CAP_down
IL15RA	2.0754975935143496	9.53605302836731e-05	CAP_up
CERS5	0.4761141481766744	9.527858471426642e-05	background
SCNN1D	-3.765059743146561	9.516828171531128e-05	CAP_down
ZNF93	-1.9582672256187788	9.51324144888547e-05	CAP_down
ATF5	-0.0656600107257515	9.509769603043897e-05	background
ADSS1	-4.313260109435118	9.509706477671576e-05	CAP_down
C1ORF50	-2.326971098440998	9.509175845910164e-05	CAP_down
H2AC21	8.326950530974262	9.505298202971532e-05	CAP_up
GIPC1	-4.17873140523934	9.504383375370608e-05	CAP_down
MAGED2	-0.7404874707669769	9.50120087430491e-05	background
CLIP3	-0.2157134645644107	9.497829403419208e-05	background
CERS4	0.1530600924033651	9.497578976666017e-05	background
SCML2	-1.0639477974865823	9.496413498601188e-05	CAP_down
ZNF143	1.1946196887203455	9.495510276664246e-05	CAP_up
RGS12	-6.302504251121597	9.494062442404971e-05	CAP_down
FBXO7	-4.065983437696302	9.493715532758951e-05	CAP_down
RAD51D	-3.187781651333628	9.493435730416025e-05	CAP_down
GYPA	1.655936706185137	9.486436366145682e-05	CAP_up
CHAD	-4.287191276694127	9.486268222883672e-05	CAP_down
RAB8A	2.172211412447417	9.47702479855984e-05	CAP_up
SLC19A2	0.0531126671661731	9.474807595200252e-05	background
PIH1D1	-0.1290549684021225	9.472551969736472e-05	background
CABLES2	0.0949195115314626	9.462547808181556e-05	background
RIN1	0.2253920115772559	9.459733154551393e-05	background
SLC22A5	-2.299973274359129	9.4558683131406e-05	CAP_down
NLRP2	-0.2717051801773774	9.452750788195116e-05	background
FLOT2	10.55773988014592	9.452262528459259e-05	CAP_up
RAD50	-2.132420883716028	9.446754005880375e-05	CAP_down
SERPINB9	-0.8508550940175488	9.438438365429004e-05	background
TNFSF10	9.48769574164553	9.43731740814647e-05	CAP_up
SLC29A3	-0.8309134744240696	9.432824105298521e-05	background
ZNF609	-1.6306335116964874	9.42511992113033e-05	CAP_down
LPP	0.192111821115971	9.419224485360135e-05	background
SYNJ2	-0.3324170123737864	9.41420631302321e-05	background
GRPEL2	-4.60326570734848	9.413499108356139e-05	CAP_down
GINS1	1.0034516517540528	9.413121753583781e-05	CAP_up
SMC6	-0.1780184641877011	9.410856181039523e-05	background
SEMA6B	14.137953345713449	9.404850219498273e-05	CAP_up
PCGF6	-0.3608708464954878	9.404776531993945e-05	background
H1-0	2.410768941500512	9.392884878301443e-05	CAP_up
TLE2	-9.777181763286803	9.39118908622161e-05	CAP_down
CBX4	0.6682459707306381	9.389169607882338e-05	background
RIC8B	-4.524949047755111	9.387322246045625e-05	CAP_down
URI1	-4.078010814725204	9.385321423739984e-05	CAP_down
RP9	-1.337462042487619	9.384776655964181e-05	CAP_down
CD82	9.106915274651836	9.384178806273001e-05	CAP_up
SPNS2	2.6822958370584518	9.378338713435857e-05	CAP_up
DNM1L	-0.1830130206731391	9.377265218858239e-05	background
RHEB	1.222769619147438	9.37352084562975e-05	CAP_up
DOK7	-1.8824047637707704	9.365606306538066e-05	CAP_down
ZDBF2	-6.006025165817358	9.363905597294308e-05	CAP_down
ATP2B1	-1.2997143442072812	9.363394291872623e-05	CAP_down
BCLAF1	-0.2467789108361353	9.354943601639995e-05	background
SAMHD1	0.0212913028726051	9.354796339208843e-05	background
KANSL1	0.0487071225071039	9.353025426527871e-05	background
THBS3	4.459937558385468	9.352461860524595e-05	CAP_up
PAQR3	-2.146619839469217	9.342863817758454e-05	CAP_down
SDCBP	9.26690207058986	9.34181658322919e-05	CAP_up
ANKRD46	-5.547212019174175	9.340582295039139e-05	CAP_down
ADM2	3.725202584792239	9.335709636859241e-05	CAP_up
SORBS3	-9.846410885776454	9.331450341929493e-05	CAP_down
RNASEH1	-1.2743679728128774	9.32743539594268e-05	CAP_down
GLG1	-0.2218720721071922	9.32092730014901e-05	background
ECHDC1	-0.0204122020311807	9.319084150596962e-05	background
ELOB	0.5941112914594935	9.31587775457225e-05	background
ANKRA2	-0.1073284223330391	9.315782465436433e-05	background
PXK	7.558119979652162	9.314436820435832e-05	CAP_up
LIN37	0.997733115408166	9.311351331839261e-05	background
ZDHHC8	-1.5747456351963915	9.310748472854058e-05	CAP_down
PPP1CA	0.932918871524627	9.309796094984816e-05	background
PLA2G15	2.027727133411393	9.306564748662785e-05	CAP_up
COL13A1	-16.600533242807067	9.305636612553583e-05	CAP_down
DPY30	-0.252488947299856	9.303443188051592e-05	background
KCNJ14	-3.472679752147873	9.301668456093621e-05	CAP_down
RNASEH2C	-2.006481646819215	9.300709128754492e-05	CAP_down
USP14	-1.817941920466032	9.290140565562836e-05	CAP_down
CRHBP	2.3292285959723227	9.289886198835624e-05	CAP_up
KIF26A	0.7458570165869842	9.289784065373109e-05	background
CERS6	-0.1391172617058559	9.289683319611e-05	background
FAM217B	1.2397683333114582	9.279302536897678e-05	CAP_up
ZNF10	-7.243804729679772	9.278368524568075e-05	CAP_down
ARID1B	-0.307564458394766	9.276499379452383e-05	background
CHD7	1.228471721685167	9.269801081498735e-05	CAP_up
CCSER2	-2.612609146167637	9.267757672151684e-05	CAP_down
NPLOC4	1.41104654933817	9.26147285017311e-05	CAP_up
IKZF4	0.249993976163921	9.256789023738606e-05	background
RGS19	8.777402129908456	9.254433722197009e-05	CAP_up
IPO8	0.0494726189572055	9.25427478867136e-05	background
MAP1B	0.0741278805900624	9.253862717288706e-05	background
GAK	0.2601902222218238	9.253229238011769e-05	background
IMMT	-0.2636880439563802	9.249358633407355e-05	background
KHSRP	-0.0337977091150816	9.248889153368498e-05	background
ZBP1	3.047559061405568	9.246965885567443e-05	CAP_up
ANAPC5	-0.3880294742949857	9.24620340429801e-05	background
ESM1	-0.9998900621168182	9.245386243870215e-05	background
MLST8	-0.1859061338798333	9.228719920765255e-05	background
WDR83	0.1330806259732278	9.2283436607865e-05	background
TERF2	-0.1749124575148303	9.227700550971248e-05	background
RAB5C	2.2233700745634986	9.223987857788965e-05	CAP_up
IRF5	0.2953425823699042	9.214991444769553e-05	background
RAD51C	-1.1866494098402194	9.213373781783449e-05	CAP_down
ARHGAP10	-3.6558965983913705	9.210982483198002e-05	CAP_down
MS4A1	-4.95400377158233	9.201649494241689e-05	CAP_down
CTF1	2.6150156758069367	9.201458676238334e-05	CAP_up
MTR	-6.2953712644853805	9.196109404909224e-05	CAP_down
S100A6	12.449525594911568	9.193454954444812e-05	CAP_up
POLE2	0.7009020377483788	9.192607396471403e-05	background
SNUPN	-0.1291344807998068	9.188838267737214e-05	background
TUBB	-0.2822855283571689	9.188302638609361e-05	background
PCGF1	0.0352537513189554	9.186932731017664e-05	background
DCUN1D1	0.2253456259718134	9.180717577711198e-05	background
IL9R	-2.3641871502476475	9.180316934293429e-05	CAP_down
CCT8	-0.0218816714225264	9.179231101992942e-05	background
NPTN	5.112125215388015	9.173850261677842e-05	CAP_up
FBXO2	-1.0404661914442734	9.169476221262253e-05	CAP_down
ADSS2	0.0680671668354803	9.166765391391922e-05	background
CAVIN3	1.144207725238738	9.16161894749895e-05	CAP_up
MED13L	1.1484847984727673	9.161241135775357e-05	CAP_up
CBS	7.991236099251887	9.158757342987734e-05	CAP_up
ARHGEF10	-2.097656924589065	9.1568957080102e-05	CAP_down
ARHGAP19	2.666188659012751	9.1568957080102e-05	CAP_up
PLEKHG5	-5.796228245299454	9.1568957080102e-05	CAP_down
ABR	3.0407061447353847	9.1568957080102e-05	CAP_up
STK10	0.4381892678125362	9.1568957080102e-05	background
ARHGEF10L	-6.193414422107615	9.1568957080102e-05	CAP_down
COPS5	0.4466209259859649	9.151873224776927e-05	background
TRIM25	13.005735045021543	9.151763406686347e-05	CAP_up
ABHD15	-4.40097809548246	9.149491985104314e-05	CAP_down
TNXB	-0.5225904663718133	9.145180874343733e-05	background
PAFAH1B1	0.2185326546912991	9.142273919371404e-05	background
DEGS1	3.57208278476326	9.138934654109572e-05	CAP_up
TGFBR3	-8.0855096505072	9.13683914768898e-05	CAP_down
OTUB1	0.7816795314270054	9.133346229863086e-05	background
FKBP1A	4.799048429988914	9.133231126055966e-05	CAP_up
SCAPER	-0.0285045342838136	9.129325678356852e-05	background
SAP30BP	0.2665371881686027	9.126613121854401e-05	background
KAT8	0.3305607408737804	9.122210526230266e-05	background
FOXK2	0.7326926734542457	9.106927329284008e-05	background
AIFM2	-0.5373072691328542	9.103548958742366e-05	background
USP1	0.4512496099108872	9.10217797850091e-05	background
CRADD	2.254872900504987	9.097959076400207e-05	CAP_up
PSME3	2.2741324858784284	9.086176851304676e-05	CAP_up
TEF	-5.411847361902411	9.08497802569191e-05	CAP_down
IKZF2	-11.702004942908111	9.079904084401568e-05	CAP_down
TIGIT	-9.207041501232226	9.076398878212264e-05	CAP_down
DYSF	24.75167032847912	9.075790994827641e-05	CAP_up
TXNRD1	5.414525994963848	9.07410956554588e-05	CAP_up
CHP1	3.884660311933665	9.073166929508929e-05	CAP_up
TNFRSF12A	3.2714606339023597	9.06891071519937e-05	CAP_up
NMB	-0.4671499379427332	9.067225087533098e-05	background
NRDC	8.044275678504114	9.064687963805144e-05	CAP_up
PFDN2	0.0555805621887743	9.061713221231543e-05	background
ACAT2	-0.0270355792020567	9.05948213117192e-05	background
CLIC2	0.017098283700806	9.05740455974803e-05	background
CCNG1	0.0228726436250736	9.057327321273884e-05	background
ARID3A	10.96716859900496	9.056656478408263e-05	CAP_up
SERTAD1	5.343391733041287	9.052166057204121e-05	CAP_up
ETV7	2.9588210790586364	9.05089727891933e-05	CAP_up
NSD3	-0.1022583739817248	9.049889168360137e-05	background
RBBP5	1.4789338011105888	9.04762719596812e-05	CAP_up
IFNAR2	2.806358415426251	9.045355943942787e-05	CAP_up
CBX8	1.0953960439158985	9.043119829603007e-05	CAP_up
TRIO	-2.4338808481641987	9.040759050083632e-05	CAP_down
GCNT1	3.256350541185496	9.036926498416653e-05	CAP_up
IPO5	-1.2028535562370166	9.036861816531081e-05	CAP_down
AGK	-3.2004211209532216	9.03590642327345e-05	CAP_down
IQGAP2	1.3838528712150997	9.034667736731062e-05	CAP_up
ENTPD4	0.0197102396698895	9.033871417226759e-05	background
SETD3	0.2436714359855412	9.033820299752851e-05	background
MFN1	0.322420830968253	9.033146455079171e-05	background
GMPS	-1.066754092787892	9.027339100172069e-05	CAP_down
CD58	7.714640725018638	9.024377509672213e-05	CAP_up
HIPK1	1.1451683739023095	9.022734758881137e-05	CAP_up
CSNK1E	-0.681060688299165	9.019669440018015e-05	background
RCE1	-0.1092708749172736	9.017332583602848e-05	background
TNPO3	5.247777826219542	9.003836888336853e-05	CAP_up
NRGN	0.1599728537854415	8.997098345869352e-05	background
DLAT	-0.8714769812897336	8.982459566941913e-05	background
NMT1	0.0458314883464555	8.98211699606519e-05	background
RYBP	2.297120872806279	8.978435342449092e-05	CAP_up
TOM1L2	-0.6570288324039164	8.973734557984645e-05	background
FBXL3	1.3517304389114184	8.959308157732616e-05	CAP_up
DEK	0.2477131106340646	8.956496681154965e-05	background
ATRIP	-0.650752513154581	8.955644049799208e-05	background
LY9	-8.5879393835	8.953529329777322e-05	CAP_down
SEMA7A	-0.0677210205427467	8.95341505047189e-05	background
SLC26A8	33.9082041145608	8.950690155356216e-05	CAP_up
HEBP1	0.4877896562097257	8.949224346301538e-05	background
ABLIM1	-10.650552115735607	8.94844037063563e-05	CAP_down
ABLIM3	0.7414184403031561	8.944269036080497e-05	background
RAG1	-3.9401241169858783	8.938054528511712e-05	CAP_down
BATF2	8.329140239071407	8.936937295094143e-05	CAP_up
POLG2	-1.6936092994430727	8.936912083961389e-05	CAP_down
DTX1	-2.617963961530088	8.93111941772534e-05	CAP_down
MICAL1	7.253582765523988	8.925201938840614e-05	CAP_up
SND1	-0.1272402673258881	8.924402072713385e-05	background
LSM14A	0.0143432995524338	8.921392938506434e-05	background
MGA	-2.5970490700686573	8.917896271355718e-05	CAP_down
SPATA13	0.5476919065069943	8.917235674590686e-05	background
RFXANK	2.6441622078063984	8.914570392646622e-05	CAP_up
DCAF7	-0.1391591026191549	8.910095689190099e-05	background
GDPD3	3.390409624073121	8.902083557719335e-05	CAP_up
LAG3	-0.3126338707983021	8.901532951211916e-05	background
SFMBT1	-4.70793797600414	8.89838146716729e-05	CAP_down
CEACAM6	13.174010272349562	8.892689315063976e-05	CAP_up
PKP4	0.4524597746424136	8.887455078650404e-05	background
PDK3	0.751369542515149	8.887121021442991e-05	background
FAT1	-0.2983512719974825	8.886238027453172e-05	background
RASSF5	-0.3143805087925672	8.873927770155293e-05	background
TRRAP	-0.9489568947983086	8.865074036047761e-05	background
TLNRD1	0.5694589058442934	8.863753903244848e-05	background
SNX10	7.052121119768468	8.863745033792204e-05	CAP_up
ADAM19	4.51371699923788	8.855545280913544e-05	CAP_up
CLNK	-10.175426237255673	8.85295889167146e-05	CAP_down
RUVBL1	-1.1435571019559991	8.845896711821483e-05	CAP_down
ORC3	-0.4833287725626746	8.832504889945716e-05	background
CFL2	-0.7844203186546272	8.828652891157022e-05	background
UBAC1	0.5637258411597806	8.827492865480052e-05	background
FBXO22	-1.8795334870155096	8.821965642401127e-05	CAP_down
DPP3	0.4892569011375901	8.821670534333018e-05	background
NIBAN2	2.3379931903486897	8.821670534333018e-05	CAP_up
LTBR	7.922508274865261	8.812404505781212e-05	CAP_up
RGS10	-1.4857450657840496	8.811226333905118e-05	CAP_down
CARD6	11.7018758813753	8.810685417008036e-05	CAP_up
CDC23	-1.1075845228211585	8.809203860272347e-05	CAP_down
ACTG1	3.2782472339268907	8.807918639083551e-05	CAP_up
MED1	-0.0251766417797431	8.807492323799349e-05	background
ENTPD6	-1.5728145383238368	8.804705545083264e-05	CAP_down
ID2	-0.3741767678823786	8.801695698788301e-05	background
CAMK1	-1.6865578240490036	8.797487018732765e-05	CAP_down
RAMP3	-0.0095056058362143	8.792506008158753e-05	background
DIXDC1	-0.1150078320512834	8.79158476567664e-05	background
MTHFD2	6.28734569202603	8.787069559759948e-05	CAP_up
SPON2	-4.671309923144214	8.783465835103269e-05	CAP_down
POLG	-0.1553140422292951	8.781280015477263e-05	background
PYROXD1	-0.2067293050654157	8.778966853511203e-05	background
MAZ	2.984940264614953	8.778853541155487e-05	CAP_up
BLM	0.0113905490304405	8.774405974845127e-05	background
IL18RAP	6.912245727489752	8.768808349515169e-05	CAP_up
PKM	5.80076129988503	8.767560221355493e-05	CAP_up
ANAPC4	-0.0222126439598857	8.76732127080177e-05	background
BCL9L	-6.495005252756381	8.76693523866265e-05	CAP_down
CHCHD10	-0.2746472915605223	8.763239363326436e-05	background
GMIP	7.033934231034436	8.755010463969006e-05	CAP_up
TREM1	1.3090873434784986	8.748336437940266e-05	CAP_up
RGS2	5.684318589952904	8.748011338029965e-05	CAP_up
LGALS1	3.475107212404506	8.742490225290502e-05	CAP_up
APCDD1	0.2016037374769465	8.740832315303726e-05	background
LRRC14	-2.3018591375118644	8.737034159131528e-05	CAP_down
SLC24A4	4.152060444442898	8.736447347833613e-05	CAP_up
ICAM2	-1.2433714545594183	8.730422948758085e-05	CAP_down
CYP4F12	1.7125305744539316	8.728765488594282e-05	CAP_up
CR1	19.20768282789379	8.72165954895193e-05	CAP_up
CD84	-1.3464616464757766	8.719150197778784e-05	CAP_down
PRKAR2A	1.775356749994654	8.7094811446531e-05	CAP_up
ARL4A	-2.9084331675084214	8.708646372784921e-05	CAP_down
SPDYA	-0.0120621005662517	8.706540504440768e-05	background
CCL28	-6.1657474234289005	8.705134711876788e-05	CAP_down
SLC4A5	-1.2400869523609812	8.704160617793201e-05	CAP_down
JAG1	13.630759057859343	8.702993892753305e-05	CAP_up
HSD3B7	9.357610125886657	8.701274911832107e-05	CAP_up
PERP	-0.4863080709578934	8.700732227580592e-05	background
BAP1	0.5607768296401398	8.699612171801303e-05	background
DPF2	0.3602247301558629	8.69957780546408e-05	background
GSDMD	1.8658382538431093	8.698528625934206e-05	CAP_up
RAPSN	0.5934936391149042	8.696697258807077e-05	background
CMPK2	3.236308226949898	8.695386535126316e-05	CAP_up
UBE2A	3.22884181851906	8.695299262197961e-05	CAP_up
FRMD4A	0.2315753177652904	8.694737828352242e-05	background
TMEM192	-0.5478578471167417	8.684470581422945e-05	background
ZC3H12A	3.844126284104418	8.682702990532068e-05	CAP_up
ACVRL1	3.3641933951351106	8.68112813541956e-05	CAP_up
RAN	-0.0486143513756611	8.675954823178308e-05	background
PRICKLE2	-4.8702463291073	8.672138539903598e-05	CAP_down
CD1D	0.0348807300279079	8.6710817621725e-05	background
CTRC	5.119563766497645	8.670726558065635e-05	CAP_up
NFE2L1	1.6426116853669854	8.670158654438034e-05	CAP_up
CAMTA1	-0.6552009817183213	8.668127158166076e-05	background
EMD	-0.2914423501169451	8.665755044463629e-05	background
GINS3	0.0622343226710866	8.664934199671222e-05	background
NET1	0.581219523424061	8.664743376522529e-05	background
ARMC12	4.762935993320639	8.664386184076933e-05	CAP_up
ENGASE	-2.924220118223638	8.66356280886349e-05	CAP_down
MERTK	3.040511865918037	8.654652473843878e-05	CAP_up
MAGED4B	-0.1273067598936363	8.654411639658793e-05	background
PTPN22	0.1141280448548809	8.652229795177025e-05	background
CREBL2	-1.5524463746666504	8.64863939491159e-05	CAP_down
ARHGEF3	-1.0952915116138582	8.63398236779597e-05	CAP_down
CDK3	-0.3341625927256083	8.62999463749961e-05	background
NAA10	-0.0030372614640174	8.627221817756949e-05	background
ADGRL1	-8.597007530120532	8.624280913014047e-05	CAP_down
HNRNPU	-0.4319143498340659	8.623296187931908e-05	background
SETMAR	-4.30468922837104	8.622272305926423e-05	CAP_down
ST8SIA4	1.3407516364775178	8.61530369425094e-05	CAP_up
PRUNE2	4.881358174441861	8.613009708894438e-05	CAP_up
SERPINB6	-0.0623897423601512	8.607868612727708e-05	background
SPIB	-5.081111321680291	8.605792092060108e-05	CAP_down
DACT1	-0.3737002674384586	8.60399321814292e-05	background
FBXO31	-4.800109202011912	8.599253146200772e-05	CAP_down
ESAM	0.5744069149325634	8.5984746351164e-05	background
PER1	0.4448430641505586	8.596912724168265e-05	background
HDC	-13.051194907132937	8.593059185055267e-05	CAP_down
CDC16	-1.2565688671046715	8.590047792353525e-05	CAP_down
CFL1	3.3842606327709244	8.58992533854961e-05	CAP_up
CD300LB	0.0027421733913957	8.588603261411112e-05	background
NXF3	1.2327090944029129	8.588198053077882e-05	CAP_up
NISCH	-0.0166379735653908	8.585643553098405e-05	background
LPAR5	-3.009958106119215	8.585606551755392e-05	CAP_down
DNA2	1.5065972883601084	8.584312384140212e-05	CAP_up
COL17A1	18.426392464404625	8.582636269266358e-05	CAP_up
STK11IP	0.024132599202144	8.58138241806072e-05	background
FAXDC2	-1.694704430442818	8.57949241001235e-05	CAP_down
CD52	-1.3629957247628963	8.577651364139123e-05	CAP_down
RAD23A	-0.0635507861231389	8.577313825138531e-05	background
KALRN	-0.9458721221983803	8.557125177130923e-05	background
PPP1R13B	-6.913766033314422	8.550434784853376e-05	CAP_down
ZNF384	0.2480830328906984	8.550310873129867e-05	background
ELP3	-2.1748712758310385	8.546543168773123e-05	CAP_down
PPME1	0.4460873518129819	8.545487273260176e-05	background
NCL	-0.1256365657010611	8.544239039515957e-05	background
PRR14	2.655232937217633	8.542013590061204e-05	CAP_up
PDE1B	6.60701650185813	8.53436602989078e-05	CAP_up
MAD1L1	-3.906559481253269	8.53355670193481e-05	CAP_down
PYGO2	-1.0874458362960215	8.533378477044579e-05	CAP_down
MYO7A	0.7052745234360062	8.528388832141328e-05	background
GLUL	7.525973477588612	8.523888138581722e-05	CAP_up
CCT2	-0.1859845687113205	8.522707855527711e-05	background
TIFA	9.42200767520644	8.520108192568046e-05	CAP_up
RGS17	-9.595208266927354	8.517076849787327e-05	CAP_down
METTL18	-0.5174019196760463	8.514515518888755e-05	background
IDH3G	-0.0231722292702269	8.512771852205903e-05	background
ERMAP	1.3967631032925143	8.511522979738655e-05	CAP_up
RFXAP	-4.977474978588284	8.507345780851248e-05	CAP_down
TAF9B	-1.4981494912725992	8.50683310493282e-05	CAP_down
DTL	4.344457895169774	8.504584718767035e-05	CAP_up
CNPY3	1.128394456972711	8.502951762584238e-05	CAP_up
SULT1A3	0.1175913273227079	8.49933000376589e-05	background
NPHP4	0.044166343317645	8.498378292627109e-05	background
CDKN2AIP	-0.6048423335610109	8.49760819452863e-05	background
NUTM2A	0.0183168091539593	8.490274669649712e-05	background
RAPH1	-4.014476663511136	8.488908979096807e-05	CAP_down
BANK1	-3.657078091249229	8.48703003903889e-05	CAP_down
SLC2A4RG	-4.051657390550415	8.480151798809881e-05	CAP_down
GDPD1	-2.121088941291463	8.47705165547325e-05	CAP_down
IRF2BP2	-0.1563965494971065	8.474182929598907e-05	background
RAP1GAP	6.721017537300573	8.473420500901692e-05	CAP_up
DDIAS	13.573113116223368	8.469424680154082e-05	CAP_up
BEND3	-0.1353624436970916	8.469424680154082e-05	background
TFPI	2.750282764603364	8.468643142380347e-05	CAP_up
CLNS1A	-1.924817375637638	8.466665988303112e-05	CAP_down
PRR5L	-6.568270541490754	8.46404273547418e-05	CAP_down
SLC27A3	0.4126499071483886	8.46400373750577e-05	background
SHMT1	-0.0672955879926056	8.46367697693596e-05	background
SSRP1	-0.4245982247571134	8.45493532250438e-05	background
SLC29A2	-6.64003581349617	8.448961916967819e-05	CAP_down
TRIM38	1.939351959030616	8.445668335219249e-05	CAP_up
PAFAH2	-5.430041527979288	8.444610917836784e-05	CAP_down
CBX7	-1.137580329603018	8.431413241177683e-05	CAP_down
ENTPD5	-0.5439553335278453	8.427696559771434e-05	background
SLC20A2	-3.5188329887234584	8.425353785385165e-05	CAP_down
SUPT16H	-0.170904296330829	8.424847180968508e-05	background
PHKG1	0.0673057500925506	8.413887033700345e-05	background
CREBZF	-2.3904131230032952	8.412138134135661e-05	CAP_down
BRD7	0.3749246022279168	8.41029690218924e-05	background
ARHGAP24	4.975353677555824	8.41011821910805e-05	CAP_up
JRK	-2.2406680153561034	8.408273102917163e-05	CAP_down
BRD1	-0.7279214955296822	8.405242788531208e-05	background
DDX3X	0.8349473345699655	8.398744469177821e-05	background
FBXO4	-3.387200491309569	8.397602748428884e-05	CAP_down
IL18R1	12.819750824070484	8.393500755959707e-05	CAP_up
CD83	-0.5420543148103083	8.392829675310776e-05	background
SLC8A1	2.2043628220310927	8.392815748507718e-05	CAP_up
TANK	4.588724134037776	8.392127848992483e-05	CAP_up
KRT18	-1.0527518647707466	8.38648222770339e-05	CAP_down
NEU1	8.24351267404856	8.379980615978486e-05	CAP_up
ZDHHC13	0.4454083650493768	8.379945904259818e-05	background
IFT74	-3.9176280716950806	8.374793714465731e-05	CAP_down
ORC1	5.164841586776492	8.373578819663479e-05	CAP_up
PRR13	5.61234580023522	8.372982822952127e-05	CAP_up
RDH5	0.1895725902018518	8.364965062059729e-05	background
ICAM3	3.6362440422136655	8.362139005543258e-05	CAP_up
ENY2	0.3242567950502393	8.358636262979426e-05	background
CASP4	6.021272096124025	8.353657310659718e-05	CAP_up
MNT	3.3839359247533447	8.351976555738998e-05	CAP_up
MCM8	-0.6104018253956104	8.348827164802323e-05	background
CS	-0.2117601275656226	8.348640174773144e-05	background
ARHGAP1	0.8410981602231964	8.347909590009896e-05	background
EHHADH	0.0016290869137071	8.346324276614705e-05	background
ARPC5	6.777076878517557	8.342689215053708e-05	CAP_up
FHIT	-7.752772746032907	8.33672696610429e-05	CAP_down
PTPRK	-5.838266949863008	8.335799732138555e-05	CAP_down
NXT1	-0.3427610196983682	8.331256257169755e-05	background
ACADVL	0.657143660636955	8.326628853432966e-05	background
BEX3	-1.2922367572305764	8.32611360256635e-05	CAP_down
PHF20L1	2.4623030425636485	8.323120997192807e-05	CAP_up
PCCA	-3.0922375494366223	8.323073515572231e-05	CAP_down
CD1C	-16.816851254108528	8.303626447772602e-05	CAP_down
EEA1	-0.3493353544747825	8.30306446727449e-05	background
ORC2	-0.0827417972242619	8.302698403102516e-05	background
MDH2	-0.0498632458408445	8.295816160257292e-05	background
SLC11A1	14.75157380052184	8.291702853463375e-05	CAP_up
SLC1A4	0.4562019281399067	8.289905664493608e-05	background
ERP29	-0.0190876600052199	8.288053961163414e-05	background
GKAP1	0.1529755423224748	8.276972245321495e-05	background
ATXN1L	-7.124465156065785	8.27656370106197e-05	CAP_down
UNC93B1	3.4622981978784697	8.274450792393556e-05	CAP_up
FARP1	0.0414367396101998	8.270644639539193e-05	background
CDC42SE1	1.9341225873380892	8.270644639539193e-05	CAP_up
PLEKHG1	0.0464027429711149	8.270644639539193e-05	background
PLEKHG3	-0.1010157298725872	8.270644639539193e-05	background
CDC42SE2	-0.3170021807770004	8.270644639539193e-05	background
PLD1	6.508220365446441	8.268961515694323e-05	CAP_up
NMI	7.433967760195268	8.265696136136981e-05	CAP_up
CAMKK1	4.621266167042009	8.264475299604658e-05	CAP_up
PARVG	0.5759077065528962	8.264059329169676e-05	background
RTTN	-3.879595691765809	8.261949155115228e-05	CAP_down
RAI1	-3.0118345491238574	8.259579959283093e-05	CAP_down
MXD3	11.211903060250268	8.257435243114183e-05	CAP_up
IGSF8	-0.7101541560362614	8.249700602091974e-05	background
DAB2	0.0777294483491685	8.249004795009828e-05	background
IKZF3	-3.9891212768277935	8.247230512595045e-05	CAP_down
LRPAP1	9.547751225087431	8.245314299104827e-05	CAP_up
CCNDBP1	4.365439340718659	8.243403777322762e-05	CAP_up
TRAP1	-2.5991023221739704	8.24101720540598e-05	CAP_down
BNIP1	-0.3882626630440776	8.236924649203734e-05	background
BMP6	0.0339747223496307	8.23679364313679e-05	background
DTX2	2.34618004774938	8.236322663028291e-05	CAP_up
AGA	-0.074545180631678	8.234784076033963e-05	background
BCL9	-0.1737138223018093	8.232800425150655e-05	background
ZNF280D	-0.692248161613714	8.218009598013117e-05	background
ADNP2	-0.0585783296550631	8.215133536352104e-05	background
NUTF2	-0.0231020005996091	8.212863144425344e-05	background
ACOT7	0.2486328960462004	8.211369799632406e-05	background
ITGB3BP	-1.8279439669650892	8.201152268564924e-05	CAP_down
NCAPH2	-0.063086816242553	8.193360666218409e-05	background
RGPD2	-0.2991251181871991	8.192388426599048e-05	background
TBP	-0.5082349612572146	8.190192472498596e-05	background
ARHGAP11B	0.0248375305741837	8.189561088038091e-05	background
FOXK1	-1.985106499833768	8.185927291968211e-05	CAP_down
KIFC2	-0.7094259547824128	8.183327618003548e-05	background
YBX3	-0.0747376709844261	8.182572999461254e-05	background
ANKS1A	5.686358028851382	8.180735554883339e-05	CAP_up
LPIN2	0.0759761181834541	8.176777555038602e-05	background
PTCRA	0.0542868896124826	8.175282447913781e-05	background
TECR	-1.1678539924938154	8.171955323727857e-05	CAP_down
TRIM32	-6.492509641402956	8.167916146481041e-05	CAP_down
FLOT1	11.792841849863294	8.148768733576873e-05	CAP_up
NIPBL	1.7690674836231963	8.14786574713834e-05	CAP_up
OCRL	-0.0007886678394344	8.14480349526104e-05	background
ELMO3	0.3411137686906886	8.139285623257252e-05	background
PDHX	-0.2235271042228398	8.133931359978544e-05	background
PICALM	4.3573312194421625	8.133516405844525e-05	CAP_up
CCDC122	-2.3668106553315544	8.132020095567117e-05	CAP_down
LRRC3	0.0266265782693794	8.127701986286167e-05	background
WASF2	0.7819774021575094	8.125888972350296e-05	background
PHAX	0.1482017586390081	8.124302902562927e-05	background
ZMIZ2	-0.3781109218426688	8.123144011181728e-05	background
CIZ1	-0.177795147300707	8.119407056770987e-05	background
MST1	-0.1848953125145314	8.114450982013536e-05	background
IQGAP3	6.04852622974949	8.114057522128666e-05	CAP_up
SHMT2	-0.0673157729570911	8.103991508338046e-05	background
CHMP2B	3.445353854621416	8.103878211234562e-05	CAP_up
BASP1	20.755481574397518	8.098738765603595e-05	CAP_up
NFE2	12.857458960540376	8.097164110010898e-05	CAP_up
CYBRD1	0.16282431585618	8.089242270261062e-05	background
MGRN1	2.13784880476151	8.088243290357037e-05	CAP_up
IDH3A	-0.6876499596745311	8.087168826420156e-05	background
MMP19	1.4228894192333408	8.082990598974088e-05	CAP_up
NOL4L	-0.8763678995786918	8.081020979062298e-05	background
WDR37	0.5063087301050865	8.080982300556057e-05	background
LAX1	-1.8206635229897132	8.080192034006174e-05	CAP_down
HLA-DRB1	-2.013148649062891	8.078448259766661e-05	CAP_down
LLGL1	-1.387798697792065	8.062491477786218e-05	CAP_down
UFD1	2.2509023682152147	8.059647521522279e-05	CAP_up
ATN1	-0.9939320409392276	8.058825215279053e-05	background
BCORL1	4.284328243476932	8.05431496942843e-05	CAP_up
IL11RA	-5.300737319024494	8.047009028904587e-05	CAP_down
UXT	-1.582083263015688	8.046677450566511e-05	CAP_down
NDFIP1	-0.3494263081674833	8.046069050237666e-05	background
CDK14	5.281857222492124	8.045666760340369e-05	CAP_up
TEAD2	-0.760449633272579	8.032248039761365e-05	background
SEC14L1	3.0608009593769507	8.027834694628272e-05	CAP_up
FAM107B	0.6390974877980086	8.024697600737307e-05	background
S100A13	-0.0747934969792829	8.023557568546744e-05	background
SDCBP2	3.239017338753545	8.020501963499538e-05	CAP_up
CCDC91	-1.486807588125841	8.015754694622079e-05	CAP_down
DTX3	-4.74854299049038	8.013954241089193e-05	CAP_down
TRIM66	-0.1270756758458453	8.008247199111481e-05	background
TNFRSF10D	0.5457761624676801	8.00611590261071e-05	background
CDC26	0.4319833939269156	8.004561556177372e-05	background
GPSM2	4.285868249853003	7.991714659893105e-05	CAP_up
DENND1B	0.4079530241771295	7.990358353558492e-05	background
BOD1L1	0.7281970392081729	7.988495627514438e-05	background
PTTG1IP	5.403216139809623	7.981102062323524e-05	CAP_up
ORM1	10.92904981854216	7.981076084918328e-05	CAP_up
LDB1	-0.0768695109983414	7.977531346122197e-05	background
CAMK2G	1.3503270880330516	7.976871508032792e-05	CAP_up
MAP7	-0.5280294290441655	7.976539900490512e-05	background
MED24	-0.3379016581147125	7.974199320022392e-05	background
MAP4K3	-1.3017423773578944	7.968348319698899e-05	CAP_down
CRYM	2.392644768373844	7.964406428488031e-05	CAP_up
PFN1	1.4325825431612529	7.962775807656317e-05	CAP_up
HDGF	0.6019175608255086	7.959077910008087e-05	background
NFIC	0.3654721082616963	7.957930240922119e-05	background
ZNF224	-0.286676102843978	7.95513955759249e-05	background
LPIN3	-0.1187454522312514	7.953197455934752e-05	background
TNFRSF13C	-3.4628154093064425	7.95263861704954e-05	CAP_down
PHF20	0.006408972086242	7.939083662108676e-05	background
FCRLA	-4.777093584864686	7.938528088209844e-05	CAP_down
CTDSPL	0.3065739658563713	7.935026123806951e-05	background
PARVB	-0.2429039352240499	7.929293856577184e-05	background
EPB42	0.8394635010077682	7.920315103100832e-05	background
ELOVL1	1.8855318878641891	7.917801874940525e-05	CAP_up
RTN4IP1	-2.7284326707836057	7.917406592733592e-05	CAP_down
PDE9A	-11.65851414234128	7.910381789879113e-05	CAP_down
SIGLEC5	19.729308942387284	7.907849378568922e-05	CAP_up
CABIN1	-0.2063991689466442	7.906593698218925e-05	background
LGALS9B	-4.651780284190394	7.906001655089747e-05	CAP_down
TSPAN18	-2.2112697338967915	7.904386838815004e-05	CAP_down
TSPAN17	0.0134355321549113	7.904386838815004e-05	background
AIFM1	-0.0999762817521949	7.90313815789913e-05	background
IDH3B	-0.081710352665722	7.898941180415603e-05	background
CDIPT	1.0004123468541315	7.896056636159593e-05	CAP_up
PRICKLE3	1.8819136593558845	7.888670685331921e-05	CAP_up
BRPF3	0.2867717883033777	7.883526038880636e-05	background
PBRM1	-0.1175298255770119	7.882942182782804e-05	background
CD93	1.9562593796626813	7.881546770378611e-05	CAP_up
TMX4	2.104234785983284	7.880276517915933e-05	CAP_up
LANCL1	-4.3495125887806	7.879079068629534e-05	CAP_down
BCKDHA	0.0490129299757433	7.87576027366648e-05	background
RALGPS2	-1.161623168743554	7.87376166115968e-05	CAP_down
PDCD4	-1.3205099035665868	7.872005850068657e-05	CAP_down
CCT4	-0.2907317689035743	7.867689896487516e-05	background
OGDH	1.3724853416396383	7.858061350673944e-05	CAP_up
SACS	-5.42962730232255	7.857480130766341e-05	CAP_down
TNFRSF10C	6.343761903945101	7.854004776804755e-05	CAP_up
MYBL1	-15.46589832461647	7.852280771109856e-05	CAP_down
HOXB2	-4.30302790928062	7.848865620527971e-05	CAP_down
TNIK	-3.2906111449988367	7.845601893030392e-05	CAP_down
C11ORF58	-0.1907012690734832	7.83080103871862e-05	background
CENPQ	-0.1605063311994514	7.829947750902024e-05	background
CD1A	-0.7703156609400561	7.828274219094292e-05	background
ATF7IP	1.4174636452097782	7.826198849416525e-05	CAP_up
FAAP24	0.7028653874068538	7.823521493530481e-05	background
WDCP	-2.0999956152900987	7.817650189280206e-05	CAP_down
ZNF649	-5.006802849585775	7.817303412213117e-05	CAP_down
ZNF268	-2.196449110883406	7.817303412213117e-05	CAP_down
ZNF417	-1.0874908371221488	7.817303412213117e-05	CAP_down
ZNF555	-2.3396121592712045	7.817303412213117e-05	CAP_down
ZNF57	-1.24096787257445	7.817303412213117e-05	CAP_down
ZNF611	-0.0240425096793375	7.817303412213117e-05	background
ZFP90	-5.287705429442575	7.817303412213117e-05	CAP_down
ZNF333	0.3721347768990755	7.817303412213117e-05	background
ZNF267	2.80244566737769	7.817303412213117e-05	CAP_up
ZNF354A	0.1836456311307365	7.817303412213117e-05	background
ZNF689	-0.7809008091054681	7.817303412213117e-05	background
ZNF460	-0.973098147457229	7.817303412213117e-05	background
ZNF738	-1.3104500580478602	7.817303412213117e-05	CAP_down
ZNF589	-1.708474849026412	7.817303412213117e-05	CAP_down
ZNF324	0.0200698256903459	7.817303412213117e-05	background
ZNF133	-1.1732568225922606	7.817303412213117e-05	CAP_down
ZNF250	-0.0332083152329917	7.817303412213117e-05	background
ZNF263	-0.5834755793653035	7.817303412213117e-05	background
ZNF195	-3.432924675057188	7.817303412213117e-05	CAP_down
MTF2	-0.0476427602695669	7.815393336134197e-05	background
ANAPC16	-0.1984419053619358	7.814334658835147e-05	background
LAMP1	2.4761372195476565	7.811821446014288e-05	CAP_up
ANAPC15	0.4241126856322628	7.805033723976583e-05	background
LGALS9	2.3249738513365807	7.803576225089881e-05	CAP_up
ZNF3	-1.973537021377468	7.801841627931482e-05	CAP_down
KCNMB1	-0.423248137205732	7.799759183291374e-05	background
KCNMB4	-1.440916876412666	7.793322930320052e-05	CAP_down
CCT7	-0.0128627986960537	7.792139694310157e-05	background
RRM2B	1.077330506619438	7.791218259303345e-05	CAP_up
MED14	-0.1367134829440027	7.785832180140208e-05	background
CUBN	-0.7164511941421905	7.78134316489258e-05	background
WDR77	-2.578109057958772	7.77910232540035e-05	CAP_down
FKBP1B	-0.2990034983668681	7.778410191137361e-05	background
TJP2	0.2766649606134182	7.778216314440063e-05	background
YEATS4	-0.0412475110670453	7.77732634165587e-05	background
IL18BP	-4.169280383535808	7.775008076672162e-05	CAP_down
MCF2	0.3182493093773652	7.771602792478279e-05	background
RALBP1	2.9158547339494034	7.769413979480261e-05	CAP_up
MYO10	11.48551196404262	7.767859792585534e-05	CAP_up
PACS2	-1.9246650152129183	7.7548018866302e-05	CAP_down
UMPS	-2.3740413791839394	7.753808242566215e-05	CAP_down
DNM3	-0.1327985730672947	7.752963954837812e-05	background
SYNM	-0.2871785621525184	7.748831132156922e-05	background
USP49	0.6931597135717911	7.746633571688721e-05	background
ZNF804A	0.8724512367363085	7.745876843523347e-05	background
CYB5R4	5.187917215477868	7.745664037041941e-05	CAP_up
MBTPS1	-0.867593646668707	7.745174020585718e-05	background
SAMD4B	1.7687576912065823	7.744098200251506e-05	CAP_up
IBA57	-3.27702094962358	7.741146145955489e-05	CAP_down
IREB2	0.0007223217408437	7.740490952297506e-05	background
TNFRSF13B	-0.3117088602008293	7.733585337500784e-05	background
PGBD4	-1.116707076458924	7.730767706098476e-05	CAP_down
ZNF532	-3.5007052145134367	7.729657318620572e-05	CAP_down
VPS13C	-1.807284472791977	7.728296172359916e-05	CAP_down
PHC1	-3.225489787276545	7.726180655505712e-05	CAP_down
SLC27A5	-4.539982672446223	7.725222496488739e-05	CAP_down
NUDT1	-0.7303573354017858	7.721885423569113e-05	background
CREBRF	1.5019794006044784	7.720401432465952e-05	CAP_up
XRRA1	-0.4764900123428616	7.712135248801476e-05	background
HMGB2	13.808420534810462	7.708849307692943e-05	CAP_up
AMMECR1	-1.4028012558673806	7.708394400863264e-05	CAP_down
RNF7	0.3246447666306468	7.704872319120335e-05	background
ALDH18A1	-0.5471287096705743	7.703896785081614e-05	background
CBX2	0.0073772097061103	7.70316319776732e-05	background
JADE1	-0.1813710033428286	7.698483166935214e-05	background
ACOT4	-1.7125879443047891	7.698144396610047e-05	CAP_down
BCAP29	-0.2640891910845473	7.698114647807723e-05	background
MORC4	-5.500340632778366	7.695034369460443e-05	CAP_down
SEMA4D	1.6265210479218708	7.689753731464031e-05	CAP_up
ZFP1	-2.0797587127477115	7.681858650472094e-05	CAP_down
UBA6	0.1451003334579222	7.68086271649913e-05	background
COL6A2	-9.095394928787346	7.678256949056184e-05	CAP_down
SLA2	-0.0496045903943687	7.674966811347674e-05	background
THOP1	-0.383895446976914	7.674084499359353e-05	background
ANAPC13	1.6505731255861154	7.671697030917992e-05	CAP_up
LDB2	-15.373757078781024	7.66906763938759e-05	CAP_down
ARHGAP26	6.309535522105337	7.665952854767505e-05	CAP_up
ANAPC7	0.0023994658480128	7.660478675909678e-05	background
DEF6	0.1496809274259275	7.655861910253284e-05	background
CARNMT1	-1.8814051822259263	7.652044675671496e-05	CAP_down
CENPO	0.250193080781171	7.648604944691546e-05	background
GP9	0.1653191319805065	7.647151859788787e-05	background
ATP2B4	0.432379419305969	7.645560532063888e-05	background
CENPN	1.5749380285344692	7.644975959520459e-05	CAP_up
MPPE1	0.9200213390188018	7.644497281581662e-05	background
COMMD6	-2.693725250305484	7.641469805044896e-05	CAP_down
RAP1GDS1	-1.01786221648966	7.640623122267822e-05	CAP_down
CENPT	-1.852171726202483	7.637116028606249e-05	CAP_down
MAP4K2	-0.0238955325392986	7.635573116282076e-05	background
HDGFL2	0.846401898548087	7.634134406799444e-05	background
GPR68	-5.657872919677169	7.63084808861608e-05	CAP_down
GPR132	0.6410991869971725	7.63084808861608e-05	background
UBA7	0.0254537100161631	7.629095762039278e-05	background
AMPH	9.809024412625863	7.62766545809965e-05	CAP_up
TIPIN	0.0304420707897092	7.626432919607085e-05	background
DIDO1	-1.1027034125417117	7.625097038823801e-05	CAP_down
GNS	9.236913891707712	7.622380552342954e-05	CAP_up
SLC35E1	0.2664060551359666	7.621939980193968e-05	background
NKD1	-9.999812472561157	7.621731803023606e-05	CAP_down
CAVIN1	0.0006029740228395	7.621454110176795e-05	background
CDK7	1.6351736612655765	7.618914315159688e-05	CAP_up
LIMK2	19.789861817804518	7.61482028863469e-05	CAP_up
NDFIP2	-1.2675442546827929	7.612870092958957e-05	CAP_down
CNP	0.5307953482792082	7.611752914907833e-05	background
OSBPL8	2.2719052427661435	7.608725103849906e-05	CAP_up
ENSA	0.3956556705632129	7.605505650086908e-05	background
ARHGAP27	4.022896310109838	7.59972010667788e-05	CAP_up
RNF144B	6.514717999090972	7.598638851508279e-05	CAP_up
TMEM94	-0.0907563067871628	7.595336638130226e-05	background
ZUP1	0.0604494938169154	7.592451178360082e-05	background
NSMCE2	0.3878355153720321	7.585684027674943e-05	background
MMP23B	-13.174546619573904	7.57825877145382e-05	CAP_down
CDCA4	-0.1152120574711623	7.571019530443097e-05	background
ARHGEF18	-1.3268651131073126	7.569234869033974e-05	CAP_down
ASF1A	-2.0780488496791847	7.568446424287552e-05	CAP_down
SLBP	0.3480607171181971	7.568355927933134e-05	background
HLA-A	2.204342901479997	7.566059762502746e-05	CAP_up
TAS2R43	-0.5663941746792581	7.56431972935915e-05	background
TAS2R4	-4.782314752218043	7.56431972935915e-05	CAP_down
COL6A3	0.0970515035031873	7.563944806916516e-05	background
FRMD6	-2.49996558727393	7.561500575061393e-05	CAP_down
EPOP	1.0816563847333145	7.559632645735008e-05	CAP_up
ARPP19	-0.0082256015465412	7.559355892523848e-05	background
LCMT1	-0.2663673254467232	7.556483956295664e-05	background
KLF13	0.2538268583999948	7.550310142486246e-05	background
LIMS1	1.273959595168955	7.549497775055587e-05	CAP_up
ARHGAP12	-0.8792295861576545	7.546698108823633e-05	background
TMEM88	8.201199217088064	7.538333048140778e-05	CAP_up
NLRC5	0.4951967052729489	7.535743636693661e-05	background
NAIP	24.9796503423732	7.532279880404645e-05	CAP_up
TOMM40	-1.0462418385277688	7.531356697993863e-05	CAP_down
MBTPS2	-1.9247742614739876	7.529275367329205e-05	CAP_down
DROSHA	-2.4749687772737508	7.52626580758193e-05	CAP_down
PHC3	-0.2443463961290061	7.525845863471082e-05	background
ORAI1	-0.167622561797646	7.525758955051981e-05	background
MASTL	1.9800418850078816	7.525608016045134e-05	CAP_up
ARSB	3.187724328186865	7.523675674521096e-05	CAP_up
CSAD	5.837148050750743	7.523540422961978e-05	CAP_up
PCBP1	2.6186233937640577	7.522511164306747e-05	CAP_up
MELTF	0.2254468609083975	7.519522084525532e-05	background
MMP21	-0.5814437376425388	7.51789552886736e-05	background
CCNT1	-0.0078799572502659	7.515319599866178e-05	background
MAPRE3	2.3559120259106296	7.515295800900696e-05	CAP_up
THTPA	-2.1417308626570524	7.513715836817264e-05	CAP_down
JADE2	-3.876076004288437	7.512358383795755e-05	CAP_down
LTB	-0.2944684670679289	7.511845181380415e-05	background
NUP214	2.264148873765072	7.509968927893099e-05	CAP_up
ABHD16A	2.1827268680522605	7.505008811280956e-05	CAP_up
ACOT13	1.6539127780420766	7.504426134880792e-05	CAP_up
S100A11	15.313383797567075	7.502039581420799e-05	CAP_up
TRAF3IP1	-3.178835842201799	7.493713865178693e-05	CAP_down
IRF9	1.714572638668313	7.486366280996618e-05	CAP_up
CENPW	5.238887861390848	7.484501463569715e-05	CAP_up
EIF2AK2	5.3662811743658505	7.480226801183692e-05	CAP_up
CELA1	-0.4029184973975962	7.477852267051969e-05	background
ITGB1BP1	-0.0234783923759252	7.47361040649003e-05	background
MTRR	0.0483097758551085	7.46589988170074e-05	background
IFNGR2	11.268239312210603	7.464035015982516e-05	CAP_up
LGALS8	2.561524192279239	7.459435219591718e-05	CAP_up
XRCC3	-0.319529590605529	7.458012322269703e-05	background
USP18	0.752044549802153	7.457110631466707e-05	background
EVI2A	3.9614035193082255	7.45596793107067e-05	CAP_up
ARHGAP9	5.422183481988066	7.455619731653625e-05	CAP_up
UBQLN2	3.3436826945879528	7.455035781080168e-05	CAP_up
ST6GALNAC2	6.594270245144789	7.452699402479332e-05	CAP_up
SNX27	5.788025359020003	7.441735571602515e-05	CAP_up
CDCA7L	-0.0999215342885687	7.433698166962832e-05	background
IGBP1	0.5683798374236552	7.433193478828483e-05	background
ADGRB1	-3.925196850977157	7.430415952325772e-05	CAP_down
TIA1	-0.0750267695103028	7.424923956348445e-05	background
COL6A1	-6.2114983188180775	7.424439227046327e-05	CAP_down
LDLRAD4	-0.6446232968066108	7.42001079812586e-05	background
TNFSF12	-0.0310361539511191	7.419536948207995e-05	background
DEFA3	10.212483884185117	7.416709404013281e-05	CAP_up
LAYN	-6.824961192105752	7.415971593695092e-05	CAP_down
PRDX5	0.9628536674721362	7.409054420379421e-05	background
HGD	-2.736764091447153	7.406249392177762e-05	CAP_down
CD1E	-14.96109615686864	7.402891082136129e-05	CAP_down
BAZ1A	12.38667179409116	7.39947794627391e-05	CAP_up
RAB5A	4.119147449431512	7.3961307459745e-05	CAP_up
ACTR2	2.4102405760202164	7.392718080281426e-05	CAP_up
SLC46A1	-2.881536263897571	7.391492996418709e-05	CAP_down
NKTR	-2.293923341879474	7.389058204553084e-05	CAP_down
LCP1	7.133558821315477	7.38874654409898e-05	CAP_up
PSMG2	-0.0108712824833723	7.388368766005621e-05	background
UGGT2	0.0097423265221962	7.3854168892413e-05	background
HNRNPK	1.3022712269891876	7.379412854881953e-05	CAP_up
SDC2	-0.4401477093794499	7.376087107997958e-05	background
KCNMB3	-0.2139910099382434	7.37439926179223e-05	background
CLASRP	0.5037044505655961	7.373292498214537e-05	background
PTP4A2	0.0681622429840106	7.367199564738105e-05	background
PSMD10	-0.0571371252093082	7.367198291150282e-05	background
TMPO	0.1106566749061315	7.365882925285863e-05	background
S100P	21.742285641197757	7.365583938537037e-05	CAP_up
PFDN6	0.0306163371643185	7.359530428821792e-05	background
PDE6H	5.74623668518814	7.358233644091407e-05	CAP_up
ICOSLG	-2.432445134448325	7.35436736265448e-05	CAP_down
BPTF	0.3952234645318266	7.352531193614587e-05	background
RNASE2	18.291083218255885	7.351426705615303e-05	CAP_up
CUL3	0.9294272611457208	7.35068233440852e-05	background
CHIC2	4.596816461281884	7.347909071950837e-05	CAP_up
TAOK2	0.5000211442145023	7.345077825471468e-05	background
BCKDHB	-6.69126871014068	7.342570542408473e-05	CAP_down
DEFA1	10.03634874071312	7.338744700597437e-05	CAP_up
CENPK	-1.5508009597069428	7.33834938745692e-05	CAP_down
THBD	8.842846254831192	7.3364695073865e-05	CAP_up
TNFSF4	0.0137313743654773	7.335182663242016e-05	background
GNLY	-7.425198516812255	7.332809824993073e-05	CAP_down
ENOSF1	-9.869162128215477	7.326414219323896e-05	CAP_down
JADE3	-0.2349968800479399	7.319323717887325e-05	background
RFK	0.0889332373337966	7.319022700448488e-05	background
KLRG1	-12.12801196171816	7.317690176922602e-05	CAP_down
CYB5RL	-5.426224604230316	7.31619373229977e-05	CAP_down
NSMAF	0.5262270835481007	7.315928148772336e-05	background
ZNF350	1.606149692529074	7.315840181877336e-05	CAP_up
PEPD	-0.2116128383881286	7.314160829105611e-05	background
RAD23B	4.8168308231628485	7.31401127518145e-05	CAP_up
IFIH1	2.3062379333518765	7.313585600722949e-05	CAP_up
ZNF385A	-0.3968248168428794	7.313513601497697e-05	background
NFYC	2.1763437293512444	7.313323641171368e-05	CAP_up
C16ORF54	0.6962719578703507	7.308358555844615e-05	background
WSB1	9.15450875060084	7.306626196021718e-05	CAP_up
TSPAN14	1.9876584718620744	7.305035336791056e-05	CAP_up
PI4K2A	-0.0814224924413569	7.302533602367609e-05	background
METTL22	0.4392107073331616	7.299915320922338e-05	background
CDC14B	-0.0119034661313953	7.298864792913051e-05	background
MFNG	-1.647013613451053	7.298226655363308e-05	CAP_down
ANAPC2	-0.2249775385839003	7.297994672359662e-05	background
VAPB	0.0135378918710772	7.293855531556184e-05	background
ING3	0.3409107236688361	7.293126247918136e-05	background
P3H2	-7.542091582594065	7.293085294160231e-05	CAP_down
HMGCL	0.5889734424614079	7.289616872410782e-05	background
ACOT9	7.34284982965853	7.289551367479816e-05	CAP_up
RFNG	0.6905509137945524	7.287467623872771e-05	background
NENF	-0.4537907020476486	7.28640959742082e-05	background
APPL2	0.3273405380349045	7.284999834928793e-05	background
GRIN3A	0.6417181633115355	7.275832190709141e-05	background
STK4	0.2475203309305573	7.271287254083377e-05	background
DFFA	-0.9608368114634992	7.265277695233817e-05	background
TBX1	-0.3232032284547337	7.263007448188438e-05	background
FCRL5	-0.0304319235030127	7.26298671117742e-05	background
LPAR6	-0.2349509907329791	7.261956884378882e-05	background
DSP	-4.032260232740433	7.260088088388972e-05	CAP_down
FBXO21	-5.003050113299963	7.259021647609215e-05	CAP_down
IP6K2	0.8284050659898983	7.255450145866768e-05	background
CIB1	-0.5099477662081073	7.250552633603839e-05	background
RAP2B	-0.117264579845541	7.248298991564497e-05	background
SDR42E1	-8.619609102868951	7.245542387673007e-05	CAP_down
BRPF1	0.0302703111712282	7.243714715122867e-05	background
IFI16	4.57457450283086	7.241621642233497e-05	CAP_up
MTFMT	0.5699677482692606	7.24093823295803e-05	background
RAB3A	0.4980461215878698	7.239781230225261e-05	background
TDRD7	5.444907898954518	7.237761971145984e-05	CAP_up
PLEC	1.5532984867467463	7.233920376831514e-05	CAP_up
PDHA1	0.1175691971883802	7.233775248204695e-05	background
PIEZO1	-1.0269256245562226	7.227627459037372e-05	CAP_down
SDF4	0.1855611624429261	7.223228260465636e-05	background
NEXN	1.931623467438576	7.22280187949458e-05	CAP_up
ABCF2	-0.9640264173284052	7.222793294543072e-05	background
EPB41L3	0.255010055535624	7.22073722597023e-05	background
PI4K2B	0.001916654070978	7.212681311457053e-05	background
SMG5	2.93760656414846	7.207597038396775e-05	CAP_up
CENPH	-0.1905086799619318	7.207131306197379e-05	background
FXYD7	-8.010699099913206	7.199500256763799e-05	CAP_down
ACADS	-0.1058914148326533	7.198414956371106e-05	background
AKAP10	0.8254641330944574	7.198377795088328e-05	background
PHF19	-0.1491398682087397	7.196872705594286e-05	background
LAMTOR2	1.725101401536722	7.196862469263044e-05	CAP_up
PRDX3	2.1237996964247587	7.196350290903113e-05	CAP_up
ENOPH1	-1.8315788638660648	7.194854420568453e-05	CAP_down
GDF11	-6.506519884090064	7.19271416657706e-05	CAP_down
FICD	0.2592882966817657	7.186513847700615e-05	background
CCDC6	-0.5446592591355099	7.185878161504686e-05	background
AIM2	15.974993575377669	7.182628921308724e-05	CAP_up
UBE3B	0.6469291008555191	7.181185609792779e-05	background
PPP4R1	7.802136176536308	7.178676670211367e-05	CAP_up
NOSIP	-0.7786147677814964	7.17739705971836e-05	background
DENR	0.0375791466199949	7.175496233296809e-05	background
TRPM6	4.94303478030111	7.173816086649693e-05	CAP_up
HOMER3	6.766420099943964	7.170877757654062e-05	CAP_up
SHPK	-0.473567880339888	7.168753102459496e-05	background
ACTL6A	-0.6636422657792669	7.164033333217916e-05	background
CTBS	5.478110954920556	7.162779960574292e-05	CAP_up
AZI2	4.7548593854820105	7.160932977719077e-05	CAP_up
GLYR1	1.214897297488106	7.159017656372695e-05	CAP_up
SIPA1	3.272543086031652	7.158471610867104e-05	CAP_up
SH2D3A	-4.671441062023845	7.158224597082818e-05	CAP_down
ARHGAP21	0.0038460706650234	7.155752934102146e-05	background
MPHOSPH9	-3.539104523740163	7.154140859782816e-05	CAP_down
GABARAPL1	3.369618111247622	7.153302313746725e-05	CAP_up
SPEF2	-10.6343442416033	7.15229910233472e-05	CAP_down
PDCD6IP	0.5477714025748625	7.148753570636227e-05	background
HAS3	-1.390523170244555	7.144996945814984e-05	CAP_down
ARL4D	-0.328826532896005	7.14403175645987e-05	background
PMF1	0.2650954126131245	7.143956987985295e-05	background
COLQ	-10.231918669231664	7.142264296287913e-05	CAP_down
CAMK2D	-6.599249893398328	7.139513180542194e-05	CAP_down
HOXA10	0.3164085542048371	7.138568624500365e-05	background
SLC5A6	-0.2324463623667662	7.138479281967416e-05	background
RAPGEF6	-0.143614987191655	7.137783888800837e-05	background
PSMA2	-0.0309321982514439	7.136742827393824e-05	background
MDK	0.9544754685688864	7.134259977612821e-05	background
LTBP1	0.4149754681465403	7.132723379428842e-05	background
IFFO1	0.0109240766096633	7.132701036545801e-05	background
MYCBP2	-0.6870900119313864	7.132506214539301e-05	background
RFX5	-0.4445383845681731	7.126141362299058e-05	background
HOMER2	-0.0371054340798837	7.125552499185772e-05	background
RBM38	0.0311902759889136	7.123444163700259e-05	background
TSPAN9	0.7559149984381214	7.122328092300494e-05	background
SYNGR2	1.4522579142625165	7.121135977534997e-05	CAP_up
NKG7	-2.8019805063129484	7.114092994753391e-05	CAP_down
S100A10	0.0820675159335971	7.11344200621612e-05	background
PCMTD1	0.241260654721616	7.104857036946786e-05	background
H2BC8	4.630537046457166	7.099013481840746e-05	CAP_up
KCTD7	-4.497679909655184	7.097987357786265e-05	CAP_down
ARHGAP8	-3.0535022156708	7.097969673106611e-05	CAP_down
CLIC1	10.465103059658937	7.093812264050291e-05	CAP_up
ISG15	2.7283965411322	7.091773248448161e-05	CAP_up
PARP9	9.194898752360828	7.091574426497946e-05	CAP_up
LITAF	5.313019916398261	7.091398750241418e-05	CAP_up
PTPN23	-0.0025110256245191	7.090996089169787e-05	background
FZD7	0.0081756535374934	7.089813211955004e-05	background
HERPUD1	3.0816712456117696	7.089192383887719e-05	CAP_up
ZDHHC17	1.8204440715368184	7.085360891435e-05	CAP_up
TBKBP1	7.799519637530799	7.08511929530554e-05	CAP_up
CNTROB	0.0230890698630916	7.079352877873027e-05	background
INKA1	0.5016697746007766	7.078145854288155e-05	background
ABCA9	-0.3890896658118786	7.066977876564256e-05	background
IQSEC1	3.3256268365506907	7.062654036195602e-05	CAP_up
MEGF8	-1.1225273533813311	7.061622348486193e-05	CAP_down
NUMBL	0.5330993212329966	7.059483290207387e-05	background
USP37	-1.511296043104838	7.056352827520872e-05	CAP_down
KTN1	-0.0244419977577234	7.053206471646215e-05	background
H2BC6	2.581598932435724	7.052558269740413e-05	CAP_up
CCDC120	-1.2353066040343812	7.050800461845499e-05	CAP_down
EP400	-2.256661928078688	7.050530044887718e-05	CAP_down
OLFM4	16.853921521419217	7.050455276448595e-05	CAP_up
ALAS2	3.125212911894575	7.050132102794168e-05	CAP_up
PRR14L	0.3012955049380924	7.049271967883871e-05	background
SPECC1L	0.0769333263829773	7.049271967883871e-05	background
FAM124B	0.0186262889826278	7.049271967883871e-05	background
KIFC3	0.2347888385011861	7.049173501533702e-05	background
HSPBP1	-0.2660479001523085	7.04862815076274e-05	background
H2BC7	2.469318107394806	7.04690885860387e-05	CAP_up
MPLKIP	0.3062225191775199	7.02685756953308e-05	background
PADI2	15.72971815369465	7.020285578940118e-05	CAP_up
THRAP3	0.3381457486039729	7.01701910608462e-05	background
ACO1	-3.411703091564059	7.013479007536131e-05	CAP_down
KIR2DL4	-0.5448570255212439	7.011063953889833e-05	background
LIN7B	-2.15832393489971	7.009820440886808e-05	CAP_down
KCNK5	8.172602961210153	7.008897968567855e-05	CAP_up
ZW10	-0.1710095614004895	7.007323845183692e-05	background
BPGM	2.031227100482705	7.006241778339677e-05	CAP_up
M6PR	-0.9272643098666488	7.004643662281101e-05	background
MXD4	-3.1595890007223684	7.001968081229113e-05	CAP_down
CEP120	-0.92467324244743	7.00114646398615e-05	background
TOMM20	-1.459314473462603	6.997267150664951e-05	CAP_down
RAP2C	4.851684870911716	6.996976194039096e-05	CAP_up
CYB5D2	0.0007621770515497	6.995299382771626e-05	background
DTX3L	2.9553721532412927	6.988815018353002e-05	CAP_up
INPP5F	-2.06181991707686	6.988462098779841e-05	CAP_down
NEURL4	-0.6682868174603892	6.977776680272256e-05	background
WRNIP1	-0.0246136883327076	6.976985012482664e-05	background
TPM3	3.944733475507973	6.972362341600308e-05	CAP_up
LRRFIP1	1.5721946682509051	6.969543222892399e-05	CAP_up
DDB2	-0.3622534319871816	6.967380312490565e-05	background
HES6	-0.0310292060538654	6.966754738866636e-05	background
TDRKH	-4.495068457523925	6.965049411308362e-05	CAP_down
DBT	-1.2400370200335198	6.963006798223007e-05	CAP_down
HNRNPLL	6.6484897992675815	6.96146583850638e-05	CAP_up
SLC25A22	-0.3909104606379271	6.960403544150968e-05	background
ZNF282	4.111551468184756	6.957311717189004e-05	CAP_up
PLP2	11.069293337436202	6.956010904897526e-05	CAP_up
F11R	3.985165866444736	6.955400610076528e-05	CAP_up
TNFSF9	-0.0876816968118539	6.951042366817958e-05	background
RPS27A	-2.7966399911588047	6.949402127764575e-05	CAP_down
PDHB	-0.1750619714008581	6.94689045429156e-05	background
NUP98	0.744854167581078	6.945411172638726e-05	background
INO80C	-0.0027776004117728	6.943353184740434e-05	background
XPNPEP3	-0.4091711798362024	6.938074833793085e-05	background
GALNT4	1.5059189083643771	6.935807185997809e-05	CAP_up
GZMH	-3.8042614926612903	6.935108617821294e-05	CAP_down
OSBPL3	-4.445733333660529	6.93484796848646e-05	CAP_down
E4F1	-0.100478901191708	6.931450293162723e-05	background
UBE2D4	-2.524678850650942	6.930826559267267e-05	CAP_down
ADGRG6	-11.692609891467317	6.929858796726326e-05	CAP_down
ERV3-1	0.4069592172463478	6.921921567168429e-05	background
RADX	-5.605787106957907	6.91570318221772e-05	CAP_down
OPLAH	26.715598271348505	6.91391295554284e-05	CAP_up
FANCD2	-0.661418465531606	6.912681822293795e-05	background
PIBF1	-1.0680010715009127	6.90408135949611e-05	CAP_down
CARD8	1.6000825165173522	6.900755734751284e-05	CAP_up
LIMS2	-0.0779582837227546	6.90036637706864e-05	background
PRF1	-4.2826706983770535	6.897185577612072e-05	CAP_down
ZKSCAN7	0.406434887937889	6.895107924716989e-05	background
ZNF230	5.222861492060298	6.894062644395025e-05	CAP_up
SHTN1	-0.0499149894023594	6.888583485548829e-05	background
TAF10	0.5727542514866376	6.88739297242902e-05	background
ZHX2	-0.3392308389423836	6.885906795318648e-05	background
GIGYF2	0.0947422530117902	6.880604099153148e-05	background
ERAP1	-0.4680912970551317	6.876427235451483e-05	background
MARCHF7	1.5694591647751732	6.875487333277426e-05	CAP_up
MPHOSPH8	0.1051676683816314	6.875096482347253e-05	background
KIAA0753	0.2124264051090463	6.871854001451722e-05	background
BMP8B	0.1723935248718416	6.869260001093927e-05	background
ADNP	-0.5103242901846634	6.868245193993088e-05	background
SLC12A2	-1.867006681924398	6.867063636583696e-05	CAP_down
USP16	-0.00243501566478	6.865776631557609e-05	background
PLPP2	2.1588025466726646	6.86155553761413e-05	CAP_up
BEGAIN	-0.8871261186963946	6.857694578471225e-05	background
CD300LF	2.708209401211401	6.848542157269404e-05	CAP_up
ICAM4	0.7888102385478161	6.847572861125531e-05	background
TTF2	-0.4247116140895513	6.84742373660989e-05	background
COL9A3	6.2826238140830295	6.844796999321539e-05	CAP_up
CEP44	-0.1700477048527433	6.84448467504849e-05	background
RHNO1	-0.2110508028265774	6.843266968655672e-05	background
GPR19	-0.5721709453179333	6.841975116012608e-05	background
FAM8A1	4.688933447047359	6.840164448048836e-05	CAP_up
RBM15	-0.0835415178327592	6.839284170370469e-05	background
PRDX4	0.2824364845620857	6.83377619563384e-05	background
BLVRA	0.6206631778443609	6.833726858012874e-05	background
KRT8	0.3445033601502905	6.832455760389519e-05	background
TLE5	-2.230774986575039	6.832060526279402e-05	CAP_down
XPO5	-1.11582489494103	6.830523248710862e-05	CAP_down
CRELD2	0.0389090607118357	6.829705181580958e-05	background
GZMK	-6.335550782386243	6.828022040947194e-05	CAP_down
PLEKHM2	1.4316620468323322	6.827648835974213e-05	CAP_up
KRIT1	-3.127096630254937	6.826948076609739e-05	CAP_down
TSPAN32	-3.524091540892617	6.826849035250455e-05	CAP_down
ATP2A3	0.6507936199090697	6.824594969025736e-05	background
METTL3	-1.5554670634738934	6.819482418775799e-05	CAP_down
PLEKHA3	-0.1898593162952252	6.816186193408086e-05	background
MGAT1	2.669555029700091	6.814108144024353e-05	CAP_up
C5AR2	4.527716602974961	6.812920454633332e-05	CAP_up
SLC22A17	-0.9886893622730684	6.81222958702938e-05	background
ATP2A2	0.282904735754085	6.812185241948428e-05	background
KCNAB2	0.0540929297728638	6.811097086251272e-05	background
TAF4	-1.7546679917130612	6.81036895385505e-05	CAP_down
C6ORF120	0.0434649322086479	6.810133259274351e-05	background
BTN3A3	-0.2621388377006086	6.809629631807909e-05	background
SUCLG1	0.8511660596862273	6.808036732071864e-05	background
CDC42BPB	-0.0915965014446481	6.807354684228745e-05	background
JAM2	-0.5385441013182756	6.806793901036531e-05	background
SLX4	0.1015919726829029	6.804918959730304e-05	background
RGMA	1.727776316945243	6.798326187582397e-05	CAP_up
GGNBP2	0.6089572003491458	6.797067715355509e-05	background
KDM2B	-4.701546982488847	6.795363931036577e-05	CAP_down
SPINDOC	-0.3951194493769768	6.7925115767671e-05	background
RGMB	-2.091745460783262	6.789958925450442e-05	CAP_down
TP53INP1	2.305955162097644	6.788963780883161e-05	CAP_up
CD70	0.2358128461146652	6.785989716555901e-05	background
OR52K1	1.5252343753092854	6.78449365469658e-05	CAP_up
LRRC45	-0.5801184449747137	6.784306844224868e-05	background
XAF1	1.092816063919394	6.78428560730926e-05	CAP_up
PAFAH1B2	2.2620454258616283	6.780394995862328e-05	CAP_up
ELL	3.807576717317111	6.774767707875754e-05	CAP_up
LAS1L	-2.640806949972654	6.774706768603049e-05	CAP_down
STK35	0.8190585748999262	6.773054061205416e-05	background
ALG12	0.0187002907047223	6.771649584234493e-05	background
STK3	9.39510428483474	6.770996256533848e-05	CAP_up
MYH9	2.415242559859048	6.770061570947119e-05	CAP_up
TMEM175	-0.2029801898518357	6.770017811816081e-05	background
CNN2	4.505733981406677	6.767758862828938e-05	CAP_up
BTN3A1	-0.0257736156217198	6.766618965041148e-05	background
ARHGEF11	10.440733954232122	6.764018375956115e-05	CAP_up
TMSB4X	1.4033833639778546	6.763297524891207e-05	CAP_up
NRCAM	-21.995436513877813	6.760553725486394e-05	CAP_down
IPO4	-0.000591581968818	6.759601688642086e-05	background
MYLK3	2.136747217861184	6.75907941497331e-05	CAP_up
TAF6	-0.0509512567514253	6.757431707000452e-05	background
PLPP3	6.895458998763836	6.755563443235565e-05	CAP_up
LMNB2	0.0072566297354416	6.754299361322738e-05	background
NPEPPS	2.7806545929015662	6.754153125840899e-05	CAP_up
EEF2KMT	-1.0849986268772709	6.753375349552953e-05	CAP_down
COL9A2	0.4237035318994829	6.749835898753558e-05	background
SCAP	-0.1126919677183122	6.748587622669608e-05	background
MAU2	0.9132633077321134	6.748013253890022e-05	background
PAGR1	-0.0262808530476873	6.747519280208512e-05	background
OIP5	4.192439944735193	6.740735953363259e-05	CAP_up
SORBS1	0.0073930482124719	6.738050759686617e-05	background
TIMD4	-0.7055157441246631	6.736202004874033e-05	background
LAMTOR5	4.020987346598119	6.734646310545014e-05	CAP_up
CYB5R1	3.19539375424176	6.731886833527911e-05	CAP_up
SPATA2L	3.009795976417984	6.722914467898973e-05	CAP_up
LGALS9C	2.1192860950712338	6.720139905299903e-05	CAP_up
YY1AP1	1.6343107214850412	6.713705225232163e-05	CAP_up
TRIM26	0.2610445733275698	6.712543303819443e-05	background
PRRG2	0.3037632483139896	6.710429784968776e-05	background
DHRS3	-14.50630642028954	6.710163461444512e-05	CAP_down
MLLT3	-3.034243746746116	6.710135663295867e-05	CAP_down
ISOC1	-0.5272523932036728	6.708348690526647e-05	background
DOCK10	-4.76440052527801	6.707828922564496e-05	CAP_down
QSOX1	11.088459923398323	6.706572626130337e-05	CAP_up
WTIP	-4.336517619172432	6.704069330894364e-05	CAP_down
SIAE	1.2937853139309397	6.702669669575844e-05	CAP_up
JAG2	-2.668511673763859	6.702645925354789e-05	CAP_down
SH3GL1	1.5003736052423564	6.691793064539225e-05	CAP_up
COL23A1	3.0974248520347074	6.687074429325045e-05	CAP_up
WIPF1	0.7315181894520744	6.6868635327023e-05	background
TRAK2	-0.0555680623220492	6.685726572218139e-05	background
SCAF1	0.6539235934956213	6.685381851132308e-05	background
COL11A2	-0.2077427586918977	6.684381770573355e-05	background
GALNS	4.040594198591201	6.683112998409388e-05	CAP_up
TMX1	0.7038087195095084	6.682356833697375e-05	background
ADAT1	-0.0820052032295836	6.676768446705962e-05	background
NCKAP5L	1.1148564588794605	6.670729851075975e-05	CAP_up
JAML	1.1615040529472025	6.670216543544731e-05	CAP_up
PTP4A1	2.0739792356298974	6.668341715772764e-05	CAP_up
PAWR	-0.888691761314838	6.665936943947078e-05	background
GCAT	-1.554358761698682	6.66185693895463e-05	CAP_down
TBC1D1	1.7163097034149972	6.653047373551589e-05	CAP_up
EIF4EBP2	0.0750311681049477	6.649010715779132e-05	background
RDH10	-0.0001354095965748	6.645106330101984e-05	background
TAGAP	-1.9173571800241616	6.643705915434535e-05	CAP_down
HDLBP	1.5958729557754208	6.6436025121383e-05	CAP_up
RRAGD	13.080029950664036	6.639415695074147e-05	CAP_up
MICB	3.660384647437346	6.637118078777657e-05	CAP_up
PNPLA7	-3.05141510026732	6.636192496005496e-05	CAP_down
LTO1	-1.5894346205819387	6.634334340767346e-05	CAP_down
KCNMA1	1.94430491842672	6.632969701560697e-05	CAP_up
RACK1	-0.4949277854446707	6.63271706154949e-05	background
MLX	4.599261847516063	6.625598371625216e-05	CAP_up
RIF1	-0.4585308000415045	6.62456746441127e-05	background
EDEM3	2.0477406099644515	6.623274901497965e-05	CAP_up
PPIB	0.7011206105076168	6.621581476866228e-05	background
KIF3C	3.9266743385576026	6.621052234198358e-05	CAP_up
SLC25A29	-0.26392813073034	6.620634081601903e-05	background
FBXO42	0.324157669726117	6.61842450202565e-05	background
BAMBI	14.539171005264793	6.618076797210765e-05	CAP_up
CNPY2	-2.063927271782707	6.616054294739198e-05	CAP_down
CD53	6.978279733303653	6.615931438207425e-05	CAP_up
LFNG	-2.2499864178182603	6.614535410473715e-05	CAP_down
RALGAPB	0.2068192579393397	6.610985068610004e-05	background
PSMF1	-1.016680800043735	6.60776544824768e-05	CAP_down
CLIP2	0.20748094317858	6.603237434934123e-05	background
EML2	0.1846825566994821	6.601370446743199e-05	background
CYREN	-0.0160961770021295	6.598744051347387e-05	background
FAM193A	0.0578172173057578	6.597637645522682e-05	background
RAB40B	-6.053198959981226	6.593280934459581e-05	CAP_down
BCL2L13	0.2241225506606656	6.590781169438628e-05	background
LLGL2	-4.84878586515171	6.58799989666659e-05	CAP_down
PLEKHO1	-0.3520054814679813	6.586367096224104e-05	background
SPIN1	-1.858485468121556	6.58396816756397e-05	CAP_down
KREMEN1	35.288482146199286	6.581053564524117e-05	CAP_up
WDR73	-0.383284615291418	6.579800894899904e-05	background
PDIA4	0.2145473760175782	6.579703221025112e-05	background
SLC45A3	-5.353236770060196	6.57954817927025e-05	CAP_down
KLHL20	-2.087397528507588	6.57829667802799e-05	CAP_down
SSH1	8.695563717842454	6.577304003168242e-05	CAP_up
NCR3	-13.917908631175628	6.577099184492927e-05	CAP_down
RELT	2.9317832581087995	6.576483240453644e-05	CAP_up
TES	-0.2659234873401889	6.575322656858321e-05	background
TAF7	3.0313779765189945	6.573555006246696e-05	CAP_up
GALNT12	-9.12674456707928	6.572774502891308e-05	CAP_down
TNFSF15	0.0316540770214351	6.568799185781735e-05	background
QSOX2	-1.7237791388701362	6.568506518227503e-05	CAP_down
EIF4E	0.4838888253423872	6.56166736014114e-05	background
KLRB1	-14.87525451767283	6.558683969132834e-05	CAP_down
MZB1	1.1306005602335063	6.55700094803464e-05	CAP_up
INHBB	11.849763552488252	6.554894949715752e-05	CAP_up
MIS12	-1.00065806580057	6.554309563243721e-05	CAP_down
KLHL9	-0.0417903318494838	6.55400060672096e-05	background
FIBP	1.2900707678659449	6.553203124731182e-05	CAP_up
DCLRE1C	0.1580619247410995	6.547739070195699e-05	background
CDYL2	0.4591850653999424	6.546977252406251e-05	background
ZNHIT1	0.8095041619475193	6.545799075112262e-05	background
INPP4B	-7.917558375455275	6.542181026940227e-05	CAP_down
TCP11L2	0.3058848132369664	6.536313484735623e-05	background
CTU1	0.0542611888029877	6.536031094183716e-05	background
CNIH2	2.641302797809048	6.534120199744761e-05	CAP_up
RASSF7	-2.8354205730600595	6.531817884649435e-05	CAP_down
DAAM2	13.16635750482356	6.53051351042078e-05	CAP_up
SYN2	17.55215385934576	6.526489418031828e-05	CAP_up
IDNK	0.5986964200856632	6.525601361329002e-05	background
KNSTRN	0.4796251970105559	6.523393124300238e-05	background
CHTOP	0.077054207243275	6.520429445126294e-05	background
ACO2	0.1262985606676221	6.51879980093391e-05	background
ARSA	0.8700941041538848	6.517817914105695e-05	background
KIFAP3	-0.5314828363597482	6.516267269017897e-05	background
CYB5R2	4.636812528810205	6.51550949180069e-05	CAP_up
RECQL	-0.1183382248356822	6.513365542296409e-05	background
ARL5B	0.3807389245268079	6.511345272386505e-05	background
OTUD1	2.902047317810412	6.511170500814206e-05	CAP_up
UBE2L3	1.127698170401267	6.498842382894447e-05	CAP_up
HLA-F	0.2815900182596432	6.498540475454645e-05	background
EYA3	0.6231503860429198	6.494329109495573e-05	background
CYTH1	-0.0753812830058289	6.494226189409993e-05	background
HAT1	1.1574256661347857	6.486768348682023e-05	CAP_up
ARL4C	-4.483831962471158	6.481679102774511e-05	CAP_down
SENP2	2.010426527895123	6.480450425765978e-05	CAP_up
STEAP3	0.3729129968937675	6.478332272350189e-05	background
OLFML3	0.7911308836728365	6.477923615228812e-05	background
PPP1R3D	13.89313917431894	6.47386504594527e-05	CAP_up
UBE2W	1.5955689900824706	6.473654634181392e-05	CAP_up
CAPNS1	1.2032074214518862	6.469231707275862e-05	CAP_up
KIF21A	-5.932718949108796	6.465984508163262e-05	CAP_down
PURB	0.3378129343833386	6.463771503973217e-05	background
FGGY	0.5510127491224959	6.460610758070538e-05	background
TRIM46	-1.435347677647842	6.460177818257281e-05	CAP_down
USP21	-0.0790785347336016	6.459864807650234e-05	background
EPM2AIP1	-0.0882686578400865	6.459603171276871e-05	background
CLTC	2.8464837882168954	6.459211536401693e-05	CAP_up
MANBA	2.8403325384526243	6.456847691311704e-05	CAP_up
MPRIP	-6.600439299735481	6.455075875537538e-05	CAP_down
FSIP1	-0.0713067062934178	6.451222200688195e-05	background
RNF138	0.7057301428588909	6.450888454976996e-05	background
MCRS1	-0.2966232883737223	6.448760183925768e-05	background
CYTIP	0.3271395668421946	6.447023342116452e-05	background
EPS8L1	-0.0658277151348919	6.444698097059471e-05	background
RBX1	0.1478402230719452	6.43882246497023e-05	background
HMGXB4	0.2783266265442867	6.437322682239061e-05	background
GNMT	0.6127565159580378	6.432712510937667e-05	background
EDC3	-0.0913271277223929	6.431741160352556e-05	background
TMBIM4	0.8576629968984264	6.430602324871422e-05	background
KATNA1	0.2345488219571195	6.423172550603134e-05	background
SCRN2	-0.3617497035738808	6.416977023326546e-05	background
PBX4	-4.10681781924045	6.415395533020835e-05	CAP_down
INPP4A	0.1911437238892614	6.414441717924592e-05	background
LYPD3	0.0070967325083924	6.414434689081126e-05	background
FBXL13	7.515005676653306	6.414337386403653e-05	CAP_up
DNAJC1	0.5134682816692815	6.413590081008075e-05	background
KIF13B	0.030338259752994	6.407767133331526e-05	background
NCR1	-0.2410831284170313	6.404192447266199e-05	background
LGALS3BP	0.5485636193078317	6.399189917471601e-05	background
TAF9	-0.2382406009061772	6.393804597397256e-05	background
SCAMP3	-0.6083702667281797	6.393747472673635e-05	background
EDAR	-14.316631404286234	6.392367412164261e-05	CAP_down
PASK	-7.185573480692345	6.39008406155045e-05	CAP_down
PRICKLE1	-0.0015798220328726	6.387034526337308e-05	background
P3H3	-5.573608294692423	6.383782819212724e-05	CAP_down
PTOV1	-0.0388471910979385	6.382908299283425e-05	background
NSL1	0.164571589187094	6.382419471714398e-05	background
RAD54B	-2.376869468379582	6.38085948776267e-05	CAP_down
XPO6	5.306085856847987	6.38055689778742e-05	CAP_up
USP8	1.1913400351622006	6.380346905506741e-05	CAP_up
FBXW8	-2.76478525907891	6.37873590456673e-05	CAP_down
GORASP1	1.0638307586919526	6.376732498332657e-05	CAP_up
EID3	-0.2940732859558713	6.374979776197973e-05	background
H4C14	2.365371999090677	6.374221408361961e-05	CAP_up
STK36	-0.0579062837890303	6.372545585695128e-05	background
ZNF621	-2.92065429759819	6.369314379309394e-05	CAP_down
ATG3	7.071523516332561	6.369047752129586e-05	CAP_up
AMBRA1	0.0124250348106245	6.363459182011217e-05	background
FBXO6	5.96853121463691	6.360427674559498e-05	CAP_up
CCNL1	2.3608732970412003	6.357714258971286e-05	CAP_up
PALB2	-1.9810746953566336	6.355203084274514e-05	CAP_down
H4C12	1.992157020404174	6.35121572011258e-05	CAP_up
H4C15	1.9633901004423653	6.351167345568687e-05	CAP_up
HSD17B4	0.0052916824699873	6.347052128563518e-05	background
DNLZ	-0.8139218672031228	6.345296015158715e-05	background
SRI	1.594887416392164	6.344166447089605e-05	CAP_up
PPP4R3A	-0.0006407717214713	6.342603688696653e-05	background
EEF1AKMT2	-4.416556546107564	6.342488418597987e-05	CAP_down
IDS	0.7624171968378785	6.340768491514328e-05	background
CTDSP1	1.8843092704706728	6.33768548894364e-05	CAP_up
H4C8	7.106829415102824	6.333602988278431e-05	CAP_up
HLX	11.083351131308472	6.332413156078624e-05	CAP_up
TMEM187	0.462133896443725	6.331694699662432e-05	background
GDPD5	-1.520583318389918	6.328427896386751e-05	CAP_down
PDCL	-0.1169892016992698	6.326144845580852e-05	background
H4C5	0.9924236341714988	6.323851120184207e-05	background
H4C4	2.8949076652909724	6.320241400348187e-05	CAP_up
H4C11	1.327249995764403	6.320221271872547e-05	CAP_up
H4C3	2.49657994639588	6.319723761680075e-05	CAP_up
BRD3	0.1689199094594903	6.318650798203399e-05	background
LAPTM5	3.5098042731878607	6.30775897905795e-05	CAP_up
MINPP1	-0.0261203393291978	6.30768294506849e-05	background
SRGN	13.36368710938202	6.29421145552398e-05	CAP_up
TMEM230	-0.42177391042684	6.294104065705623e-05	background
GTF2B	4.081554447767308	6.288667322427172e-05	CAP_up
PLXNC1	10.18141310087129	6.285432023251449e-05	CAP_up
TLK1	0.7594349997505423	6.282370909822442e-05	background
METTL14	0.0132125000365706	6.277754355172414e-05	background
DYRK2	-10.44274024073471	6.27408231137469e-05	CAP_down
CAMSAP1	-1.209228950122067	6.270637385357293e-05	CAP_down
PHACTR1	1.004062555467864	6.269403756324863e-05	CAP_up
HADHA	0.1708868394644392	6.267919298855735e-05	background
ATP6AP1	5.037695719889215	6.267009823633939e-05	CAP_up
NPFF	0.1789861563029418	6.26610355068589e-05	background
DLG5	-8.744182295261282	6.262126555467842e-05	CAP_down
EDARADD	-5.99453516842948	6.26009273684148e-05	CAP_down
FOXRED2	-1.3940724835329	6.256176089035245e-05	CAP_down
CASP5	12.446224693067034	6.252145125772145e-05	CAP_up
PRX	-1.819802125901854	6.251999352629035e-05	CAP_down
ATF7IP2	-7.058214105188226	6.249687357834458e-05	CAP_down
STAG3	-0.0199785125449358	6.249671811873256e-05	background
MS4A6A	2.328735989440593	6.244004911438405e-05	CAP_up
CEP290	-6.832326209226877	6.243212034650288e-05	CAP_down
RALGAPA2	6.907268266180463	6.241540013241794e-05	CAP_up
HEG1	-6.1437816456439664	6.240600707699071e-05	CAP_down
DGKZ	-0.3483431957678497	6.236182601466016e-05	background
ASPH	10.819281172552085	6.23554085908725e-05	CAP_up
PYHIN1	-8.828034382677055	6.234670212818186e-05	CAP_down
UBE2M	1.889703654232944	6.229908463163163e-05	CAP_up
RAD54L	3.889334933602436	6.22752952998108e-05	CAP_up
NECTIN1	0.0545848473481201	6.224758919226517e-05	background
TSPAN15	-6.386546122548666	6.224285659048027e-05	CAP_down
CISD3	-0.2534982423201622	6.220055612528324e-05	background
TP53I3	12.765141051942614	6.218810608260264e-05	CAP_up
P2RX7	-0.1985173279199238	6.217391462104126e-05	background
CAB39L	-0.2034751378092123	6.216967019231651e-05	background
USP11	-3.153733477602461	6.216141327809904e-05	CAP_down
DIAPH3	2.6267111747466414	6.214347955505027e-05	CAP_up
MAD2L1BP	6.104928451881732	6.214134260230143e-05	CAP_up
PGGHG	0.015099226642084	6.210612706361434e-05	background
GART	0.0985636343480934	6.210226867148039e-05	background
NEMP1	-4.157319401492142	6.209834677807262e-05	CAP_down
AFF1	1.6557223562854757	6.209094142228713e-05	CAP_up
HBP1	1.3953299429873214	6.20878635498224e-05	CAP_up
CHAMP1	-0.0103677679446403	6.204840188191181e-05	background
COL24A1	0.2809580416392829	6.192738818619698e-05	background
DNAJC27	-0.0370079064407649	6.191869320759666e-05	background
RAB11A	3.297514739383938	6.190421933237896e-05	CAP_up
TRIM17	-1.9962082704523367	6.189787049002718e-05	CAP_down
GBP5	0.5379678870539849	6.186377341192672e-05	background
TKFC	-0.003615191223602	6.185527775382811e-05	background
HIRIP3	-0.1817446500906321	6.184976227353825e-05	background
SDHD	0.780983710623245	6.182872943361681e-05	background
GMNN	3.5603058640109206	6.182772789481887e-05	CAP_up
SDHC	2.195651712665738	6.182678077754464e-05	CAP_up
BRAT1	0.0141250867501865	6.182004773653201e-05	background
MYOM2	-4.75198553441578	6.175764784637046e-05	CAP_down
LACC1	0.4053891571063929	6.17144635439666e-05	background
TRO	-1.8206873733636817	6.171392570132692e-05	CAP_down
SLTM	0.2642753555684871	6.169652504438777e-05	background
IRF2BP1	-0.4753813119968385	6.168282280119547e-05	background
GNB1L	-0.2809537388402877	6.166364518372223e-05	background
VPS18	4.638929083818381	6.165456787079613e-05	CAP_up
COL8A2	1.0538399036330983	6.15872350472717e-05	CAP_up
SDHB	5.411988579786878	6.155050268927706e-05	CAP_up
STARD8	0.3697783069426317	6.15415681753119e-05	background
ASXL2	0.4566914522615597	6.153976865325565e-05	background
KATNB1	1.801330534123834	6.15288382784508e-05	CAP_up
ZDHHC9	-0.2437086169862724	6.14845053940405e-05	background
RCAN2	-1.3668983301238822	6.143622483667269e-05	CAP_down
XBP1	0.6282059901057032	6.141652069816396e-05	background
RCAN3	-8.681547528012002	6.140272460725444e-05	CAP_down
LRPPRC	-3.3779095622317343	6.139841532354689e-05	CAP_down
STARD13	0.7249985201740559	6.139387617353607e-05	background
MYLK	0.314656998368041	6.138171999019632e-05	background
TTLL5	-0.0351960090804442	6.13304048107262e-05	background
EPS15	1.238746908609835	6.132036828205893e-05	CAP_up
POGZ	-0.4645024256742666	6.131671082789243e-05	background
MTMR1	-0.1155475652407759	6.129609738745566e-05	background
EIF2AK1	1.1469249860434108	6.129250595921683e-05	CAP_up
CEP350	0.3332382982711418	6.127634544019099e-05	background
PI4KB	0.3757440199805741	6.127536839718113e-05	background
RNF170	-0.6364249067610126	6.12558018571115e-05	background
PANX1	-0.0096264067417865	6.125338771598294e-05	background
TSNAX	0.7068610279850338	6.124789854848657e-05	background
IBTK	-0.4627444323156127	6.123771416565607e-05	background
ABCB9	0.0522862999799598	6.122460532776535e-05	background
SERTAD3	3.536922736316436	6.118962995238454e-05	CAP_up
H2AC6	3.10591441410286	6.115748887786846e-05	CAP_up
MSRB2	10.978952232016436	6.115343399009454e-05	CAP_up
C1QA	2.6266151303334464	6.114034201663229e-05	CAP_up
ACAT1	0.4237868614885846	6.113466355158475e-05	background
DCAF5	-0.0076993261508054	6.11209411327798e-05	background
ZSWIM7	-0.6096158292601934	6.109051246491847e-05	background
SUCLA2	-0.5375674634484137	6.107580283193923e-05	background
JAM3	0.0241777889014892	6.106638828856711e-05	background
TFCP2	0.0551170470517778	6.103515358846894e-05	background
SLC35E3	0.0515002722160679	6.103282617744087e-05	background
SH3YL1	-9.480336354112303	6.0991515090315845e-05	CAP_down
KIF27	0.5761638423235274	6.097683818420958e-05	background
SIGLEC14	4.830443686638756	6.096079928535091e-05	CAP_up
NUP42	-1.4660721232061371	6.0952166849882985e-05	CAP_down
MINK1	0.0164756788020798	6.092388807259969e-05	background
SYN3	-4.712453311697667	6.0888859964424355e-05	CAP_down
CTDSP2	0.4547168530949543	6.088332888780624e-05	background
OTUD4	-1.8059889089284984	6.08749885152656e-05	CAP_down
STIM1	0.7016173799388501	6.0856774069142864e-05	background
ABCC6	1.0460728779404445	6.084957141095394e-05	CAP_up
DMC1	1.5968354005884402	6.084110224057932e-05	CAP_up
INPP5E	-2.407153128210596	6.0817089525908467e-05	CAP_down
QKI	2.161681225815914	6.079989892236063e-05	CAP_up
DOCK7	-2.316539936018954	6.077478878851577e-05	CAP_down
ZNF436	0.0859718211870267	6.075820001697074e-05	background
ZNF763	-0.0671034945810998	6.074876824051047e-05	background
PKD2	-0.881489498086898	6.0744044407102785e-05	background
AHCTF1	0.3691620473402627	6.0742008184343627e-05	background
PNPLA1	16.259971856841137	6.0738003775478065e-05	CAP_up
ATG16L1	-1.3369899604073403	6.07285198132051e-05	CAP_down
ELOVL4	-10.891712331888002	6.0728446987000987e-05	CAP_down
DEDD	4.023739338791291	6.07005545631502e-05	CAP_up
PJA1	-2.523546252162798	6.067672306523635e-05	CAP_down
L3MBTL3	-0.6245264141832939	6.066859855466959e-05	background
GABPB1	0.0530906843256587	6.066623250424995e-05	background
WDR97	-0.1579562968235552	6.064028991638052e-05	background
WTAP	1.1571891144746096	6.063616434312012e-05	CAP_up
EVC	-0.1496548680915366	6.063441918844532e-05	background
EVI2B	6.5437030138476056	6.06271845620388e-05	CAP_up
BTN3A2	-0.0648463797855767	6.057660782673455e-05	background
EPB41L2	-3.306036500737279	6.056925773732913e-05	CAP_down
FMNL1	2.7895592103644025	6.056627207527353e-05	CAP_up
RNF144A	-6.121985849406103	6.051323352619638e-05	CAP_down
ABCA2	2.265030884776944	6.051306217689495e-05	CAP_up
GALK1	4.886402312771416	6.046889463793816e-05	CAP_up
STIM2	-1.540487559263682	6.0454277550119634e-05	CAP_down
ASRGL1	-0.0003130612611656	6.044549329598979e-05	background
ST14	6.293569438511331	6.043606452340744e-05	CAP_up
TLCD3A	-0.4697768491606491	6.043577416205425e-05	background
PNPLA6	2.278338491370661	6.0428641238281805e-05	CAP_up
BIN2	2.469847925086761	6.040962329041842e-05	CAP_up
WIPF2	2.465593254188041	6.035336755802396e-05	CAP_up
DLST	-0.4255411293059531	6.034474490516084e-05	background
FBXL16	-5.334957691474865	6.034325230104237e-05	CAP_down
ZC3HC1	-0.1004024146516248	6.033979004805852e-05	background
MTMR2	-1.1084046418141695	6.03269542837812e-05	CAP_down
INPP5A	0.6790911254591129	6.032073186105967e-05	background
PI4KA	-0.1315304934053175	6.030766197711978e-05	background
ERCC2	-0.4821781617132277	6.027873785266464e-05	background
RPH3AL	0.12741089007289	6.026854735698622e-05	background
CCDC61	-0.2012810045552533	6.02426050634457e-05	background
FBXO41	-1.3956607877387648	6.022302263707698e-05	CAP_down
SETD5	-0.1584447766185985	6.0210487191585104e-05	background
NDRG2	-11.426084358956595	6.018472862309555e-05	CAP_down
FBXO46	-0.1742344804084792	6.015455615283003e-05	background
FBXO9	1.434350021019534	6.0129380121575214e-05	CAP_up
NLRX1	5.539833217868538	6.0124533300503085e-05	CAP_up
RASSF2	6.8742316935456085	6.0121805552513044e-05	CAP_up
NEDD8	0.6034295707302942	6.0118791837947014e-05	background
HOXC4	-1.815706506322345	6.011590621214214e-05	CAP_down
KCNRG	0.0477139560668034	6.0099149461470505e-05	background
ABCB6	0.7764791301383154	6.0093176957003327e-05	background
FBXL6	-0.708235414882715	6.009034199994547e-05	background
FBXO28	0.0520913253649186	6.008307279587969e-05	background
PSMA4	1.4093782055726007	6.007355021206772e-05	CAP_up
ARHGAP4	0.0493745149443378	6.0069161941470464e-05	background
UBR4	1.761778000534402	6.002083353516447e-05	CAP_up
NAGS	0.0380313391899868	5.998769866991267e-05	background
MAP1A	1.0787222680128157	5.994362399956498e-05	CAP_up
FBXL20	1.9080568901757584	5.993918193468452e-05	CAP_up
LYPLA2	-0.5126268422846296	5.988908103021971e-05	background
TRIP12	1.9628404377009037	5.983448769166954e-05	CAP_up
ASH1L	0.0006751054938246	5.9729533465371924e-05	background
OVGP1	-7.250758236595408	5.9724422566712964e-05	CAP_down
GCKR	10.869777392261913	5.965715806796435e-05	CAP_up
CNIH1	-0.2958940924390612	5.9656718868781254e-05	background
MTM1	0.2400213913724972	5.9641971946776006e-05	background
PPP4R2	6.075940411772205	5.963439623600824e-05	CAP_up
PDLIM5	1.880407210650883	5.9585587201662694e-05	CAP_up
MTMR3	10.215379143787027	5.958068702382649e-05	CAP_up
MYO1B	1.00425569453456	5.9560283082083605e-05	CAP_up
ARFIP2	0.0141972481101374	5.9552185276806425e-05	background
ABCA7	2.5032690723248407	5.952504761768277e-05	CAP_up
FBXL17	-2.292758998029453	5.9501912247095604e-05	CAP_down
WDR20	0.0275796204270868	5.9453213707648706e-05	background
FBRSL1	-1.1674550611402523	5.945273435134792e-05	CAP_down
ANXA2R	-2.851566209780774	5.942994582465742e-05	CAP_down
DIAPH1	0.7984070361345097	5.941997278813375e-05	background
OSBPL5	-3.2554253174281502	5.939181045330271e-05	CAP_down
TRAF7	0.6837477396029218	5.9353920144022546e-05	background
ATMIN	-1.3097185190429077	5.933438879741757e-05	CAP_down
HSD17B10	-0.0173127999240754	5.933056264989054e-05	background
MMP11	-3.126913657384333	5.9326999103948724e-05	CAP_down
AMOT	-9.310294098224198	5.924670227714035e-05	CAP_down
RPAIN	-4.038087699300036	5.916712070439667e-05	CAP_down
CGAS	6.680544666763323	5.9153781602368576e-05	CAP_up
RFWD3	-0.0175007384502317	5.91396861223041e-05	background
ROPN1L	13.277846150826942	5.912395942054276e-05	CAP_up
CARD16	8.674576120607083	5.910002602141411e-05	CAP_up
LAMA2	-12.158477042666036	5.909983176449818e-05	CAP_down
C1QB	9.328845441223104	5.905088644098597e-05	CAP_up
SLC27A2	1.9534581880112367	5.904261111929838e-05	CAP_up
NEK8	-0.3942394534315251	5.902246657519749e-05	background
ATP23	0.7976701849011651	5.901876950943455e-05	background
POMT1	-1.405158913407484	5.901532890861623e-05	CAP_down
NAT9	-0.9054580687752714	5.899605950589101e-05	background
ZBED3	-6.246417426660259	5.898061931219296e-05	CAP_down
MAGEH1	-1.2914375575753072	5.892098613186353e-05	CAP_down
PLXND1	-1.2370925605236474	5.890474543321279e-05	CAP_down
DLD	2.5931060034260014	5.8898229208591876e-05	CAP_up
CCNC	-0.4823578072996461	5.8867957032215e-05	background
PPM1F	0.545846637307691	5.881901478534997e-05	background
CORO1B	0.1547160463477638	5.881538776816118e-05	background
SPTAN1	-0.5994640415793461	5.8813501975677084e-05	background
MX1	1.2702491947253751	5.880836988009088e-05	CAP_up
ZNF683	-5.482930178477041	5.879248666164881e-05	CAP_down
ZBTB20	-0.6554537094532854	5.875636424142991e-05	background
AGO3	0.1591228547368047	5.867096541394115e-05	background
TSPAN5	-2.429486763429954	5.864712753713917e-05	CAP_down
NKIRAS2	3.439149810710415	5.857853847340068e-05	CAP_up
ABI2	-4.668567261656045	5.852378004302284e-05	CAP_down
SDHA	-0.4501204578680617	5.851121400549839e-05	background
SNW1	0.7479671278853228	5.850909876230578e-05	background
UBA3	2.3503990582830028	5.850742346325661e-05	CAP_up
CDC42EP3	7.656563408353607	5.85047584650267e-05	CAP_up
ANTXR2	3.908671797143555	5.848368444322825e-05	CAP_up
CLTCL1	6.835862675967582	5.847576977970173e-05	CAP_up
MOCS1	-1.5681266928536064	5.845927887420622e-05	CAP_down
OBSCN	-7.307074558267573	5.8441607460806366e-05	CAP_down
PPP1R15A	2.972935020643774	5.844133710646038e-05	CAP_up
DHRS4	-0.1692580801530387	5.842463276667278e-05	background
DDB1	-0.4799375976114772	5.8420559425260774e-05	background
SPG7	-2.1207210262640595	5.8404086374643446e-05	CAP_down
ARRDC1	0.6649235579328081	5.8390561872543374e-05	background
CERT1	4.099774587518833	5.839049212294941e-05	CAP_up
ERH	0.1178537192205347	5.838447694357711e-05	background
ABRAXAS2	-0.0048013435223622	5.828227060352019e-05	background
TRIB2	-3.822838867029181	5.823123525645427e-05	CAP_down
TNFRSF25	-8.31986608675051	5.822821968337651e-05	CAP_down
KLHL22	-2.2761536033995995	5.818470040616003e-05	CAP_down
PSMC3	0.0069353337213725	5.8183085208897936e-05	background
TAF12	4.722041188809837	5.817385011086185e-05	CAP_up
NARF	5.796392242997012	5.8164358656782015e-05	CAP_up
ZNF239	-7.723201710071485	5.8164358656782015e-05	CAP_down
LYPLAL1	-0.0071854732059998	5.8135131884008636e-05	background
ATP6AP2	0.4294176555699637	5.8101050408983836e-05	background
SEPTIN6	-3.271544942409484	5.8032781676013837e-05	CAP_down
PTPMT1	-1.0737306178682586	5.80313406272753e-05	CAP_down
UCK2	-0.0556156240292714	5.7974301672052265e-05	background
MATR3	-0.6098217539834037	5.796514626971213e-05	background
TCIRG1	6.812582804271077	5.796447208956122e-05	CAP_up
MCMDC2	-0.1007317502752554	5.7892049901776715e-05	background
ZNF827	-7.77916062429751	5.787343252630206e-05	CAP_down
XKR8	1.7902414767050052	5.7870877456052336e-05	CAP_up
ZNF330	0.0728759991849112	5.783770363107106e-05	background
SCMH1	-2.859483076148477	5.782786662007189e-05	CAP_down
RFFL	0.3824079998645722	5.782374042486402e-05	background
PDIA6	0.4938857850178517	5.7808096409314335e-05	background
GPCPD1	3.687070443094368	5.780780554669594e-05	CAP_up
GPC2	-3.7194177368640537	5.77568145999687e-05	CAP_down
SYNCRIP	-3.032576882422521	5.7751694180040195e-05	CAP_down
UBE2T	0.5820868983607752	5.771984360917663e-05	background
FGD3	1.6810654632254938	5.770712356791438e-05	CAP_up
DAD1	1.3063660377361832	5.768282465375775e-05	CAP_up
TMEM127	4.3268285255295655	5.7676598408985146e-05	CAP_up
CDK10	-1.394148567196306	5.7671742751607856e-05	CAP_down
AHNAK	-1.4662255697900008	5.765405637931376e-05	CAP_down
SESN1	-1.7130607762473864	5.761548457149094e-05	CAP_down
TRIM9	1.7334213241477503	5.76060404813086e-05	CAP_up
TTL	-0.1499628289515815	5.759474433503289e-05	background
SWSAP1	0.6586505268085866	5.757699553188451e-05	background
KIAA0319	4.651865126917666	5.7573724356956516e-05	CAP_up
ITPKC	6.413164982875984	5.75666320197193e-05	CAP_up
ARHGEF9	-7.398892773684267	5.755735873240275e-05	CAP_down
CNOT4	0.0927652111455788	5.7554884368884674e-05	background
RBM45	-1.8078737267638767	5.753317270705894e-05	CAP_down
CD59	6.612163078126816	5.748416669370746e-05	CAP_up
WDR91	-0.057670809067684	5.747630624063618e-05	background
SLC1A5	0.0263970135893891	5.747441265816578e-05	background
EEF1A1	-1.3108165411613353	5.746968009342674e-05	CAP_down
PLXNB2	-0.4545721241149136	5.74377042464797e-05	background
NEBL	-0.6998307284043459	5.7422852209847294e-05	background
FTH1	5.898187267370947	5.739099179576546e-05	CAP_up
PPP1CB	1.066766893289108	5.7380497932631545e-05	CAP_up
DSC2	8.291300945803577	5.736365758250336e-05	CAP_up
MMUT	0.4571335364486699	5.734808689957809e-05	background
FXYD6	0.3520588040553238	5.734760530703644e-05	background
HENMT1	-0.0085806597058915	5.7333673890489325e-05	background
SART3	-0.6807167915612983	5.7302725613056383e-05	background
PCYT2	-0.893894883119998	5.722336730441523e-05	background
SLC25A44	7.163902891628432	5.722299104542757e-05	CAP_up
EVPL	-9.270983327486332	5.721786822405176e-05	CAP_down
ELK3	-0.1855916628640814	5.715894874963234e-05	background
MCOLN2	-3.847676190765812	5.711664882474794e-05	CAP_down
TAF15	0.2018338862562958	5.71054501852584e-05	background
RDH11	-0.0019500576248046	5.7098701454004244e-05	background
SRGAP2	0.8115495181887897	5.7089832851179835e-05	background
PTMS	0.2541931174502285	5.7087289691657006e-05	background
HLA-DRA	-3.65807679293765	5.708506371212515e-05	CAP_down
NUP88	-2.358792157792669	5.7055963862333455e-05	CAP_down
ORC4	0.1131267172575002	5.704266535350272e-05	background
RYK	-2.5536265192793506	5.703701205242361e-05	CAP_down
BEX1	4.153163207581924	5.7031599271398845e-05	CAP_up
MCOLN3	-0.9300115371797356	5.7023358805532106e-05	background
DDX11	-0.0327315550232218	5.699896258299189e-05	background
SLC39A7	0.8422812627339381	5.6992804415402764e-05	background
TMEM86B	0.4748257246645905	5.698423577355367e-05	background
BEX2	-2.392358672457615	5.683912823035421e-05	CAP_down
NUDT2	-0.0159529608097048	5.680596881902261e-05	background
PYCR2	-0.243109407307812	5.6786452281097565e-05	background
DAG1	-0.6562418161510101	5.677837496388712e-05	background
CLHC1	-0.016357691378206	5.677487452189838e-05	background
FBXW5	0.5265581659009392	5.676620465197001e-05	background
CRCP	0.4836493361115693	5.6762091930563256e-05	background
ATP5F1B	0.5362189855060415	5.6743506965646155e-05	background
TNFSF14	7.358431648084983	5.671767453200071e-05	CAP_up
DLEC1	-3.337480676567492	5.667808716182449e-05	CAP_down
TOP3B	-0.5424218908431204	5.6665608149011713e-05	background
ORC6	0.4701599676647581	5.665013410369528e-05	background
RHOQ	1.0340868899848474	5.6643391117350495e-05	CAP_up
UCK1	0.5640570495500505	5.663983721519548e-05	background
ADD3	0.201166864986286	5.663595412031815e-05	background
PPP1R9B	0.0518065962762027	5.6625328130948534e-05	background
PSMA1	0.0048057244215711	5.6613341730296365e-05	background
CDH23	0.503250796429537	5.6596760437069696e-05	background
DIAPH2	3.479170721240316	5.655523643063423e-05	CAP_up
CCNH	0.1093520562003539	5.651174425524942e-05	background
NMT2	-10.230826313205862	5.6506019514987544e-05	CAP_down
THAP7	-1.8322834281218816	5.650243563045638e-05	CAP_down
CSRNP2	0.0792903451372097	5.646933301450948e-05	background
SESN3	-1.4947262480649497	5.646898527489038e-05	CAP_down
TBCA	0.0264322257288902	5.646067442279524e-05	background
ARF3	1.6277964236734888	5.6358984683705354e-05	CAP_up
RPE	-1.110488549165767	5.635011565196668e-05	CAP_down
MPV17	-0.4588085276355121	5.6324294849714514e-05	background
UBA52	-0.6986247644081617	5.6291380814362425e-05	background
PRIMPOL	-0.8884545859173819	5.625700536352072e-05	background
FAAH2	-3.1843569877785067	5.6254264351315584e-05	CAP_down
UBTD1	10.63453699919559	5.624449358499053e-05	CAP_up
TOM1	9.825648738049972	5.621358303201629e-05	CAP_up
ZNF687	2.630168848338165	5.620863192593419e-05	CAP_up
LRIF1	0.3523541023891021	5.6208150522696766e-05	background
UCKL1	-0.8930600885205029	5.618007630409711e-05	background
ENTPD2	0.1973918616286001	5.616154211121523e-05	background
DPPA4	-0.2742757679967685	5.6138629280648156e-05	background
RSU1	0.3680625177747137	5.6122276753318466e-05	background
CDC42EP1	-0.7109501875342767	5.611250771597096e-05	background
C1RL	10.259123942392876	5.611155870775944e-05	CAP_up
SERPINF1	-5.03097816911663	5.608737493902424e-05	CAP_down
H2AJ	6.101816364415141	5.6043099248108096e-05	CAP_up
CRBN	-0.0353895062085935	5.603739414074814e-05	background
SSTR3	-2.1145447890577094	5.600935777445876e-05	CAP_down
MAN2B2	0.1799177454669564	5.597014872900423e-05	background
TMEM97	-0.4443150564467081	5.594915257906626e-05	background
ABCD4	-0.5062715413842094	5.5946265465941224e-05	background
MED16	3.1134434828841946	5.588705292182304e-05	CAP_up
ASB2	-2.397557498528536	5.588368198843599e-05	CAP_down
F13A1	0.1135867375570188	5.58442675142469e-05	background
ERO1A	7.088297880285605	5.581769525301942e-05	CAP_up
CD160	-18.853525878554372	5.579097969787892e-05	CAP_down
CDADC1	2.9245463240960343	5.5777613499302715e-05	CAP_up
IPMK	1.85080870827738	5.5757193044241496e-05	CAP_up
KLHDC1	-7.6721170031549795	5.57229910925724e-05	CAP_down
SEM1	-0.4741318114631616	5.5721381811148206e-05	background
DCP1A	0.0617083162646655	5.5710542428853557e-05	background
H1-2	12.154502727959237	5.5697129194809004e-05	CAP_up
PJA2	2.9588920920220048	5.5665637104313516e-05	CAP_up
SGPL1	-0.0703972716723568	5.565776897617871e-05	background
MOK	-0.5435310521058971	5.5656164667876716e-05	background
TBCB	0.2380681324349342	5.565090041128213e-05	background
ERCC6	-0.6907280413559016	5.5644762686496814e-05	background
TAF2	-0.1116694519043816	5.559914276492766e-05	background
CUL4A	-0.2336103393939048	5.556549933752511e-05	background
SLC25A6	-0.4361021532837205	5.5539452149348925e-05	background
MED15	-0.0120708807288366	5.5538070574849366e-05	background
MYO1G	-0.0576396294218694	5.5534613721154775e-05	background
FMNL3	-9.487586726701672	5.5530922589080434e-05	CAP_down
HIVEP1	0.2205187565999618	5.550656180784603e-05	background
TCF19	0.0793954985163892	5.549595001226827e-05	background
PLEKHA4	-0.2446655444458373	5.549583060549085e-05	background
SRGAP3	-4.0091120836100576	5.548401635592064e-05	CAP_down
KPNB1	3.134790795974013	5.5477992723222044e-05	CAP_up
NSD1	0.5722788515459128	5.546379101336085e-05	background
ASNS	-2.339525900941708	5.544796699363956e-05	CAP_down
LEPROT	2.0518787860884697	5.542837909421552e-05	CAP_up
RPIA	-0.3038012957559004	5.539612472328499e-05	background
STAB1	3.592117005711604	5.539283397804869e-05	CAP_up
HLA-E	2.7587945866457413	5.538006137204665e-05	CAP_up
SPOCK1	-0.0165942631625331	5.5362261363389376e-05	background
AGTRAP	13.483162756079626	5.535738470712077e-05	CAP_up
OTULIN	-0.0823216167783892	5.5351640737332656e-05	background
RHCE	3.19580120002482	5.533134033169558e-05	CAP_up
SNPH	-3.027622013153032	5.531875393813467e-05	CAP_down
NECTIN2	13.138757909139173	5.529720513842734e-05	CAP_up
POFUT2	-0.3388208615024332	5.529213040925799e-05	background
MAP4K4	4.52938688458007	5.5289690829331124e-05	CAP_up
SPSB3	-0.1449885289790234	5.52891525421855e-05	background
AP4M1	-0.2106656593807737	5.52815195968969e-05	background
NAP1L4	-0.406069929262876	5.52660844750464e-05	background
SYCP3	-0.2872047421672948	5.517782009663119e-05	background
GABARAPL2	4.874701723920805	5.5156786927846465e-05	CAP_up
LIPH	0.7072342555958953	5.513227063978905e-05	background
ANKRD40	-0.4496988734517773	5.510639830722148e-05	background
C1QBP	-0.2209651015252907	5.508677936233578e-05	background
CUTA	-0.7152744935344523	5.5074090260199666e-05	background
PQBP1	-0.2979233475757555	5.506241852920774e-05	background
TAF5	-0.016817258950697	5.505604218746047e-05	background
ASCL2	-0.3585719242387544	5.501956247685035e-05	background
MCAT	0.4530114796822905	5.500437924609093e-05	background
EOGT	0.3157237599232423	5.499310815936789e-05	background
MLH3	-4.092296735271184	5.4951861505067286e-05	CAP_down
ADGRE5	3.746983629806041	5.4934003534911824e-05	CAP_up
CLTA	0.7010637841329639	5.493134894775404e-05	background
ADGRE2	9.860227532902922	5.49256671573738e-05	CAP_up
INF2	-0.1627293534246864	5.490295923361002e-05	background
ASGR2	4.951181622781933	5.489064963761521e-05	CAP_up
RUBCN	0.8093338146507176	5.487661982465761e-05	background
SLC4A1AP	2.106465324821606	5.4853099353667876e-05	CAP_up
USP3	3.2357971421941976	5.4833576365777244e-05	CAP_up
INVS	-0.3972552275911739	5.479818764255138e-05	background
PHACTR2	0.6834571001607599	5.477595003763382e-05	background
NUP107	-1.5910118621913336	5.477577389890714e-05	CAP_down
SETDB2	-2.428578666070997	5.471784834558e-05	CAP_down
PDP1	-0.1159506241714706	5.467939891563581e-05	background
MNAT1	-1.3747647915642318	5.459610101328546e-05	CAP_down
CORO1A	2.615517712968237	5.4521689236983034e-05	CAP_up
MACF1	0.1752368969281076	5.44640073438366e-05	background
MSH5	-1.978510705665029	5.4425362380647985e-05	CAP_down
DICER1	2.575667113509768	5.4398793762804376e-05	CAP_up
JCHAIN	0.4748086301809996	5.4357208398576866e-05	background
PRKCSH	0.2213224808739672	5.434916932686893e-05	background
HOOK2	2.182984968101858	5.4300478987287434e-05	CAP_up
ADARB2	-0.0756884970816183	5.427318338362982e-05	background
USP48	0.4912091416659039	5.4257918390686503e-05	background
PSPH	1.1143479032188648	5.423537496427651e-05	CAP_up
TAGLN2	2.535385349761545	5.421637371415751e-05	CAP_up
MLLT1	2.0387981783382303	5.42115648835113e-05	CAP_up
ITPKB	-1.9873520340876436	5.417255278035534e-05	CAP_down
AQP3	-0.9729684465880064	5.4170047154602385e-05	background
HLA-DQB1	-2.09888985404022	5.4117529009971296e-05	CAP_down
ANXA4	1.1436187907341786	5.411061025884342e-05	CAP_up
GET4	0.6496705581943638	5.400559136770586e-05	background
EDEM2	8.141187093985717	5.399755579443283e-05	CAP_up
PPP1R11	3.0807578125658783	5.3983456658742546e-05	CAP_up
MYO1A	-0.4918687580057362	5.397747218492708e-05	background
FBXO11	0.9439281376553484	5.395948397649721e-05	background
USP5	-0.3788702865613387	5.394451114612269e-05	background
SLC7A5	1.0811811239926927	5.393848039605822e-05	CAP_up
CDR2L	0.0057741052347297	5.3925111396963244e-05	background
ADAP1	1.34125302320449	5.390567021390661e-05	CAP_up
SAV1	-0.243708372697104	5.3901127203341364e-05	background
PGLS	0.4006017133710168	5.3842635381412866e-05	background
SYNE4	-0.5341659887901165	5.379995593748103e-05	background
RETSAT	0.5239035564894319	5.379169544494096e-05	background
RTN3	9.724296994304652	5.3784521693380375e-05	CAP_up
MEAF6	-1.1920324590630318	5.3782019653592496e-05	CAP_down
ST3GAL5	-3.5998801478848304	5.372385819935285e-05	CAP_down
CD96	-9.67446040835021	5.372349917390085e-05	CAP_down
WFS1	-0.1646997437824753	5.369824745637565e-05	background
RNF216	-1.6339096149218255	5.368804824393633e-05	CAP_down
SLC3A2	0.7996649973114703	5.3684206884985356e-05	background
ENPP2	-1.749759513049877	5.367815608504196e-05	CAP_down
SERPING1	6.448844604251882	5.365299561156648e-05	CAP_up
CISD1	0.0720053721320087	5.363701568751656e-05	background
PPP1R3E	-2.8945617519007274	5.361947442422895e-05	CAP_down
PDE6D	0.6685479325724091	5.3614236407961273e-05	background
LIN7A	16.42009926873556	5.361001869285393e-05	CAP_up
CEMP1	0.0555983056054713	5.3598857618772864e-05	background
CAD	-0.6110886869326345	5.356745802521089e-05	background
BRD9	-1.0490194955442889	5.3559761782744476e-05	CAP_down
TBC1D25	-0.6767583985162523	5.3541669970908186e-05	background
TMEM179B	0.3449211359923346	5.354165750279265e-05	background
CAP1	9.140579689678006	5.354060352052082e-05	CAP_up
DAAM1	-0.3104087484272199	5.3487451660229526e-05	background
MAK	3.4835572224769087	5.348008912665591e-05	CAP_up
TMC8	-1.5496070591155329	5.343813546335348e-05	CAP_down
GPANK1	4.01263176897243	5.342149886178055e-05	CAP_up
PCMTD2	-2.7703196455421306	5.332600682994086e-05	CAP_down
TULP4	-3.0874902154391237	5.332600682994086e-05	CAP_down
ASB13	-1.16491411946962	5.332600682994086e-05	CAP_down
CLC	-3.290312287309773	5.330804460039026e-05	CAP_down
INPP1	0.3821263751879472	5.3297549096962006e-05	background
XPNPEP1	0.029728092977109	5.327495722729147e-05	background
CAB39	6.223016970244003	5.326909489801858e-05	CAP_up
TRIM23	-0.7789623443469688	5.3220246599003453e-05	background
NUP50	1.0775971388684995	5.3215094486458084e-05	CAP_up
CD226	-1.0634541311404102	5.320480477378209e-05	CAP_down
LRR1	-0.0010799385451644	5.3203220088290154e-05	background
HUS1B	-0.1115755992651172	5.318142348881293e-05	background
SHLD2	-0.6994704594028239	5.313841870028094e-05	background
NUP153	0.7451479077138975	5.312006911873753e-05	background
MTMR14	1.0341840268943372	5.3099314403154994e-05	CAP_up
MTFR1	-0.080757488164311	5.3089219846206214e-05	background
GOLGA2	1.3622267496417853	5.30805744605008e-05	CAP_up
MAN2A2	8.45124923349068	5.3068532619410064e-05	CAP_up
CD46	1.6476732410364967	5.305851768546975e-05	CAP_up
MAP1S	4.032305677520997	5.305283540158121e-05	CAP_up
CEP128	-0.0734171885695942	5.299459915041288e-05	background
MBD5	0.0453221998226962	5.296869871116634e-05	background
MYBPC3	14.77207136172404	5.292474261787825e-05	CAP_up
SSH3	5.363465323361912	5.29100208691812e-05	CAP_up
MYO9B	1.2898026024568312	5.289838162737935e-05	CAP_up
STING1	0.0126885042624626	5.287012654570236e-05	background
FBXW4	-0.7482240728672941	5.2860071366950244e-05	background
SLC35B1	1.4998987027049595	5.279041121035198e-05	CAP_up
RBAK	-2.175771922867769	5.276070454677481e-05	CAP_down
MARF1	0.5961870746876703	5.275658216858765e-05	background
SH3GLB1	12.665247290765128	5.2750000712822455e-05	CAP_up
ZCWPW1	-0.263313684999947	5.2748956882891544e-05	background
WHAMM	-0.5375978930693147	5.2746726515010213e-05	background
CDC42EP2	0.0024733781935109	5.270584290254252e-05	background
KCNAB3	-0.0806954702965916	5.2693886610466276e-05	background
CDC42BPA	-0.0104888116832982	5.268239077287471e-05	background
DGKA	-2.2092656673606403	5.267825474909437e-05	CAP_down
SS18L1	-0.293041240804836	5.267767692889627e-05	background
TRIM6	16.601831504177536	5.266886559149124e-05	CAP_up
ADARB1	-2.268416855776764	5.2642675519362394e-05	CAP_down
WDFY3	8.570213974487242	5.2614628136425924e-05	CAP_up
FIG4	1.9099515221047223	5.2600951488721984e-05	CAP_up
SLC35C1	0.0649477641338395	5.259726879544187e-05	background
KHNYN	0.4519247769771108	5.258084256020229e-05	background
BAZ2B	1.7803221937376426	5.256758501323941e-05	CAP_up
EPC1	-0.0114380883413553	5.256544354065524e-05	background
RMI2	1.0137778633359529	5.251243077376268e-05	CAP_up
XRCC2	0.2175886654954045	5.250663270549971e-05	background
FBXO45	0.0809858736876946	5.249854062020132e-05	background
F12	9.546233465189284	5.245326154001459e-05	CAP_up
AK9	0.0382172286992423	5.245259056513909e-05	background
MMS22L	-0.4624946444027188	5.2427456696502614e-05	background
RHOT1	7.252351293514881	5.241873290866848e-05	CAP_up
GBP3	0.3788906175726235	5.237770397734193e-05	background
HLA-C	4.693480947797724	5.236084187711849e-05	CAP_up
NFX1	-1.8911687076742216	5.230899326345438e-05	CAP_down
CRYBG1	1.9409480792297436	5.2294790251120995e-05	CAP_up
ADD1	0.4895424517104476	5.225351595974204e-05	background
CACNA1E	26.18225512289161	5.221326005423525e-05	CAP_up
FBXL12	-0.056492065685956	5.217672268573432e-05	background
SPTA1	1.5960301672027497	5.214928513141811e-05	CAP_up
PCSK5	-2.016471505646406	5.209255779951643e-05	CAP_down
GIGYF1	-0.0808219824808927	5.2079702552576384e-05	background
CYB5R3	2.474670422209136	5.204665673947123e-05	CAP_up
FAH	1.6840600412557445	5.202110841514184e-05	CAP_up
IAH1	-0.0694274260984605	5.2020346286764386e-05	background
FTL	4.240688936594092	5.196242699209187e-05	CAP_up
PABPC1	-0.3677070410658835	5.195657936045027e-05	background
FBXO3	-0.0484733259208413	5.191668930675238e-05	background
RUSC1	-0.4351035725057384	5.1898659291384016e-05	background
ZNF496	-0.254457390974879	5.189249431007965e-05	background
DZIP3	-3.332572306239138	5.188444636860794e-05	CAP_down
TMEM250	0.0490492639894913	5.180270307091501e-05	background
VAMP2	-0.2227317713058787	5.180006761323693e-05	background
NUP62	-0.1336915329063313	5.178861250815224e-05	background
L1TD1	0.1613979102101553	5.176383584432925e-05	background
RHAG	6.162118085402394	5.174092340163134e-05	CAP_up
LEMD2	0.1268924391036287	5.169109830957098e-05	background
TREML1	1.2896316356801258	5.16693416835527e-05	CAP_up
NUP155	-1.0197198391381013	5.1636547283780176e-05	CAP_down
PDCD10	2.0263037013574263	5.162071524661747e-05	CAP_up
MSI2	-3.158444372323621	5.1615691246049366e-05	CAP_down
FZD3	-5.369162567616085	5.16005231601157e-05	CAP_down
ACAA1	7.115039364215513	5.156553287549637e-05	CAP_up
SVBP	0.547192145088789	5.15507305624794e-05	background
CDK5RAP1	-2.2495995960191117	5.1489866181042874e-05	CAP_down
ORAI2	5.63401824965326	5.1476749822773675e-05	CAP_up
AQP9	17.22322576440815	5.1475135645775175e-05	CAP_up
MYO1E	-1.2690618529559978	5.147314308245741e-05	CAP_down
ST3GAL4	10.30554406373414	5.1462419458088776e-05	CAP_up
STRADA	0.6533210282883195	5.146157862220926e-05	background
IRX3	0.3294375937968808	5.144478827890614e-05	background
TFF3	11.992375133141428	5.143825422993874e-05	CAP_up
MYCL	-3.2453742922931346	5.1425979877302863e-05	CAP_down
DBN1	5.269937003659703	5.142521064826929e-05	CAP_up
BCL7A	-4.144924135800723	5.140697459412723e-05	CAP_down
RNF115	-0.69911998829716	5.1395792105476186e-05	background
UBL3	0.3166928758870987	5.1393915681293885e-05	background
CAPRIN2	-4.057475382445555	5.1370587968934416e-05	CAP_down
NIBAN3	-3.113650331252493	5.1351940517657275e-05	CAP_down
SSH2	2.381949688223922	5.132343627977724e-05	CAP_up
BCL7C	-0.3608631590259484	5.1311808080184666e-05	background
GLIPR2	9.004893557410824	5.1301585476972454e-05	CAP_up
MYL12B	4.842997993684397	5.1290308170021496e-05	CAP_up
CSNK1G1	0.651094861974207	5.1287514674055434e-05	background
KPNA6	0.3661972025923481	5.128277776220497e-05	background
ZNF326	-1.22906338894095	5.128070383100015e-05	CAP_down
ERP44	3.773545388523059	5.124679487207604e-05	CAP_up
ERCC3	-0.314017316688957	5.1200732315726354e-05	background
NCKAP1L	1.9211795284361732	5.117795740337094e-05	CAP_up
TUBE1	-4.50584517585635	5.116770267308515e-05	CAP_down
FBXW2	2.497070510679241	5.1151610025497644e-05	CAP_up
CEP162	2.6811273730337684	5.114906211436806e-05	CAP_up
WASF3	-0.2097017893022861	5.1138734849805224e-05	background
LYPLA1	2.4619983373164294	5.112888223349354e-05	CAP_up
CMPK1	-0.3288893080915288	5.110258952700834e-05	background
SMARCAL1	0.0467782225063566	5.105742198884468e-05	background
HELZ	0.589339567339806	5.105575783927297e-05	background
NTAN1	-0.1244649082279208	5.102762812022869e-05	background
RUBCNL	0.0049364492991043	5.1008408607661904e-05	background
NCKAP1	0.0964767774951876	5.1002334733592126e-05	background
SYCP2	2.0476259838002355	5.098892545980507e-05	CAP_up
USP24	-1.0362907536423376	5.098028076981028e-05	CAP_down
TMSB10	-0.0269137564353465	5.095369798377818e-05	background
MTHFD2L	-0.2172749446303256	5.0933231540125026e-05	background
TFG	0.454740918871874	5.092926629249641e-05	background
DPCD	-0.906499372305486	5.0921729723195616e-05	background
ATP7A	0.2004739767056418	5.091632544165496e-05	background
FBXL18	0.6424055227951804	5.091463374302341e-05	background
PPP1R15B	2.826665823725913	5.0913398489946565e-05	CAP_up
MMRN1	1.920601877704867	5.0902449068470596e-05	CAP_up
ARL14EP	-4.530855288179579	5.090145792788577e-05	CAP_down
ATAD3A	-0.1112395763206145	5.0897339472593256e-05	background
REPS2	7.303833372514465	5.0816447293453906e-05	CAP_up
SRR	-0.6492232064512007	5.0811763140245975e-05	background
LACTB	5.714756908533011	5.079780091458354e-05	CAP_up
DGLUCY	0.1570349241922218	5.0769168021808294e-05	background
ZNF346	-0.0412616945868504	5.075747825018621e-05	background
LAMP3	0.3846976929183376	5.0748751850006145e-05	background
MYL9	2.287029031495403	5.074441053109564e-05	CAP_up
TRIM16	-1.6722732534808211	5.072709907389003e-05	CAP_down
TSHZ1	-5.8393452145010585	5.072414606099717e-05	CAP_down
ZDHHC6	0.0466690012635352	5.07093311261713e-05	background
ARID2	-0.322782019023494	5.06959634634039e-05	background
GYPE	0.7939957059488121	5.057173483829841e-05	background
GBP4	-0.00767502558584	5.054828220321283e-05	background
GHITM	2.636764294790979	5.054457702335202e-05	CAP_up
MAL	-4.5686456047129775	5.05326657944276e-05	CAP_down
ROM1	1.7285410304004656	5.05326465084888e-05	CAP_up
CCDC14	-3.923882570332009	5.05189228392191e-05	CAP_down
CFDP1	0.040499351998012	5.051293047275285e-05	background
OTUD5	0.9206704798591498	5.045786575907164e-05	background
STRADB	-1.1545445845343585	5.045625327988096e-05	CAP_down
RNF126	-1.5137734078484968	5.045347058492592e-05	CAP_down
ANKAR	-3.068661330296209	5.0442124720481524e-05	CAP_down
SPSB1	0.6265492117079147	5.0420846380296254e-05	background
CRB3	-5.024959991317573	5.037898141583545e-05	CAP_down
CETN3	-0.7686691881952543	5.0376370130424106e-05	background
UBE2E1	0.0643505921397346	5.03526362318584e-05	background
CAPN12	-0.6929129069578732	5.033851705725019e-05	background
PLD6	0.1051986501396762	5.0318766180735334e-05	background
PSKH1	-0.0063070622106864	5.030237972558066e-05	background
CCDC59	0.0455036654031257	5.029486005103228e-05	background
PHF10	-2.571499513350364	5.025681217312568e-05	CAP_down
MED17	-0.0075279650529797	5.021753655954003e-05	background
MAP1LC3A	4.599161999475019	5.0203038180729344e-05	CAP_up
TBRG1	-0.4253717593678678	5.019228225899128e-05	background
GGA2	-1.5650826926848045	5.014252081346933e-05	CAP_down
TRIM14	0.419618847706608	5.0137687408755e-05	background
ULK2	-4.472481186853326	5.0133306795601364e-05	CAP_down
PPP6C	1.0573304633458849	5.010042817062038e-05	CAP_up
HNRNPC	1.3236693254589078	5.007516841397174e-05	CAP_up
CHPT1	5.758780869566785	5.007269958937577e-05	CAP_up
SLC15A3	2.662355263970465	5.006518946256797e-05	CAP_up
HCCS	1.0891885969823725	5.003364904774543e-05	CAP_up
KANK1	-1.3565696227319892	5.0017953970898186e-05	CAP_down
ZBTB2	-0.2342762886336718	5.0005185344540076e-05	background
UBE2G1	1.0018594699018055	4.999781458718132e-05	CAP_up
DOCK9	-8.502862215400558	4.996714378732808e-05	CAP_down
HPSE	13.637565871351892	4.993794540718649e-05	CAP_up
UNC13B	0.3717511922117735	4.992331513212593e-05	background
TRIM45	-0.0706187135074802	4.991977406064389e-05	background
GPS1	-0.128609966511141	4.9870008960688916e-05	background
MYO5C	-0.5053030683165534	4.9796104891459954e-05	background
GNE	-0.2007253568920589	4.9761374153135876e-05	background
RUFY1	0.8448168750960724	4.9729807730462686e-05	background
RAB7A	7.158820247791681	4.971163372815224e-05	CAP_up
MARCHF8	-1.9589724879357668	4.9701922449406604e-05	CAP_down
ANAPC11	0.2555614480753095	4.969660030022577e-05	background
NUP54	-0.6432997756923606	4.967895090403826e-05	background
FEZ1	-12.139452801901722	4.966966940932077e-05	CAP_down
ASB6	0.434191063086015	4.966819977593859e-05	background
MRFAP1	0.2260524001353603	4.960924535526377e-05	background
TRIM39-RPP21	-0.3636119217828272	4.9509283614916264e-05	background
GALT	-2.882275224151946	4.9494477376335074e-05	CAP_down
SSX2IP	-0.0001759163646621	4.949410152466291e-05	background
NRBF2	10.755777298834536	4.948679516215189e-05	CAP_up
ASB3	-0.2088456407002346	4.9482097946068816e-05	background
BICRA	0.0749080040771572	4.946978640734448e-05	background
MUL1	3.5588460649418128	4.9459987594825535e-05	CAP_up
NAA80	-1.5460548009554484	4.944852537084732e-05	CAP_down
GOLGA7	1.6968314696869005	4.944571903204384e-05	CAP_up
PDP2	-0.7624514796394846	4.944373078526801e-05	background
ATXN10	-0.7990782112346424	4.941259350728038e-05	background
ASB8	2.635107073227923	4.939224003301481e-05	CAP_up
SPSB2	-0.0290119392916755	4.9346682352786956e-05	background
BICRAL	1.1379933383314929	4.929305227200073e-05	CAP_up
LST1	1.1370918154168823	4.925879561174658e-05	CAP_up
ASB1	-0.102857411670664	4.921866875252743e-05	background
SS18	-0.0661276113780508	4.917845763868635e-05	background
GCSH	-4.099102837161031	4.915902798801233e-05	CAP_down
HIPK3	1.0201176540463563	4.914868367214964e-05	CAP_up
SEPTIN2	0.0427497686238747	4.911811823631379e-05	background
TRIM37	-0.2907652718706077	4.910797206473295e-05	background
PPP1R2	-0.3827337911956954	4.909803905330297e-05	background
NSMCE3	-1.8015638647583316	4.9077250365990755e-05	CAP_down
SESN2	7.746404708717761	4.905073362140812e-05	CAP_up
PPP1R3F	-4.546033414694088	4.9047967599848504e-05	CAP_down
SIKE1	-0.0008640051321908	4.903749154761602e-05	background
FNBP1	-0.001024933306391	4.903324081642784e-05	background
NXN	1.1975795123508437	4.903320593348896e-05	CAP_up
VPS72	0.1966778692966515	4.8997913912286464e-05	background
HLA-B	2.8176505230643207	4.899718940020406e-05	CAP_up
KIF21B	0.141100854484916	4.89871770278073e-05	background
PPP1R12B	-0.7129746026895771	4.897182249991242e-05	background
TMLHE	1.667867812307012	4.896942339041283e-05	CAP_up
PSRC1	1.5092679935946758	4.895567745712204e-05	CAP_up
PSMC3IP	2.030325186985315	4.8900819631098814e-05	CAP_up
WNT10A	-1.1492649975654792	4.8890692530165065e-05	CAP_down
MED6	-0.3050590528988717	4.888509729184429e-05	background
FAM3C	-1.8884393253602092	4.887608364343811e-05	CAP_down
TONSL	0.0031693572191676	4.887513946061834e-05	background
GRIN3B	2.581606641467275	4.8855236416799405e-05	CAP_up
DHX9	0.0057681899989746	4.884541756256784e-05	background
HERC3	0.2091446389325848	4.883946571517575e-05	background
WBP2	3.4065815724177813	4.8818992568519806e-05	CAP_up
SPATA20	-1.8219859583749376	4.8792446456622326e-05	CAP_down
UAP1	0.073095429411858	4.879019033497196e-05	background
TRIM3	-0.3742092014097207	4.877218911284375e-05	background
PSMD4	5.417498109969172	4.876698241902803e-05	CAP_up
MRFAP1L1	-1.1658864034165537	4.876418808321857e-05	CAP_down
VSIR	7.714326292477468	4.874070561130216e-05	CAP_up
OLIG1	-1.0566730125760568	4.873250092158626e-05	CAP_down
BTD	-3.339091041945593	4.871925071864198e-05	CAP_down
RMC1	0.8226773900747223	4.869842293010699e-05	background
RBM14-RBM4	-0.1820396587659319	4.869592185941237e-05	background
SHLD1	-0.3731805104191245	4.868314542466503e-05	background
TAF1	-0.2012707933799765	4.860239186346735e-05	background
UBR5	0.7942678712017864	4.856334356119962e-05	background
NUDCD2	-1.4797762155464589	4.8550697055508354e-05	CAP_down
USP46	-3.0143277601732685	4.8547219505093966e-05	CAP_down
SRA1	6.005703634888055	4.8521614743817366e-05	CAP_up
ERP27	-0.0937576413996107	4.851441044796699e-05	background
OLIG2	-3.6734192218391897	4.849998648553191e-05	CAP_down
SUMF1	0.3947131047693609	4.849168952138983e-05	background
TTN	-6.57411656709716	4.8482356222330246e-05	CAP_down
COQ2	1.834309092332196	4.8478092063858916e-05	CAP_up
MSRB1	15.28735027576698	4.841134526505612e-05	CAP_up
JMJD6	7.135891656815383	4.840039360701349e-05	CAP_up
DGKD	0.4424078954832082	4.8386177481109894e-05	background
IPO13	-0.0086692340160627	4.836744955057709e-05	background
PDLIM7	14.93755275013078	4.8366848313401605e-05	CAP_up
BABAM2	1.2944558197872715	4.833490194498918e-05	CAP_up
NDUFS8	-0.0205451466949365	4.830316095485841e-05	background
EPC2	0.0495430125050032	4.829000787054167e-05	background
HOOK3	3.84656635434127	4.827623627669883e-05	CAP_up
TBC1D13	0.3305927598449778	4.8258267532644866e-05	background
TRIM10	-2.339247276865186	4.824319800469339e-05	CAP_down
ZNRD2	0.0257598767315605	4.822671293058063e-05	background
C15ORF40	-0.8769909309635953	4.820533566953617e-05	background
WNT2B	-3.860548111704437	4.817128029424413e-05	CAP_down
ULK1	5.129741180838059	4.816682121779118e-05	CAP_up
ADD2	-2.2088146326453675	4.815680988243926e-05	CAP_down
ADAP2	1.114856074620409	4.814485160975366e-05	CAP_up
SIX5	-0.1223454305845113	4.813982779162845e-05	background
FBXL15	-0.0231478329090555	4.813684921085055e-05	background
CNTNAP2	-6.297439766605975	4.812224457456447e-05	CAP_down
HACE1	-1.7548199646214295	4.8110308957271305e-05	CAP_down
ATG101	0.4115428570740663	4.809953564534361e-05	background
TFAP4	-5.913396419475666	4.809602597585746e-05	CAP_down
KLRC3	-16.11203380111761	4.8066719954741295e-05	CAP_down
SPTBN2	-1.1225379865742946	4.806161927299692e-05	CAP_down
RNASE1	17.315771361061866	4.80419809592885e-05	CAP_up
USP45	-5.569414050245896	4.8008043204049264e-05	CAP_down
BCL7B	0.3349401979873703	4.7989553833124954e-05	background
KIAA0586	-0.6906168257483761	4.797520412052014e-05	background
RAB32	10.49411437410809	4.792776110186979e-05	CAP_up
SEPTIN11	-0.4082028290495568	4.790726415587473e-05	background
GAS2L1	1.2344366187025593	4.7893867897399026e-05	CAP_up
NUP160	-2.3687130588385337	4.789342878020891e-05	CAP_down
MSL2	0.4032992301000199	4.788426317474793e-05	background
FLCN	2.062522578830112	4.787719557322342e-05	CAP_up
CASK	-5.29834632124463	4.78501334291329e-05	CAP_down
PVR	0.0044029187692868	4.7838640505405826e-05	background
DYNLL2	0.0160630358698246	4.783222084614219e-05	background
RAP2A	-0.849852357859512	4.782933424871059e-05	background
ARPC1A	4.318167284008609	4.7811466153634214e-05	CAP_up
SERP1	1.7675931122540771	4.78097128345049e-05	CAP_up
SHFL	-0.035424464025367	4.780603072079376e-05	background
PSMD2	1.6016206160117803	4.778489280835131e-05	CAP_up
MARCHF1	-0.0474814090534149	4.776333740105528e-05	background
SV2A	-0.0295144225981771	4.7741770218917734e-05	background
TMEM208	0.8568649556240534	4.77181291516109e-05	background
NAGK	1.420784722578721	4.770484065593929e-05	CAP_up
ZMPSTE24	3.674476723503684	4.770331485888684e-05	CAP_up
NBR1	1.6331637725388868	4.7701510735135996e-05	CAP_up
BCOR	-1.1694559521110568	4.770049247996213e-05	CAP_down
THAP2	0.317461876408758	4.769624929284976e-05	background
WNT16	-3.0767366448709907	4.768130967955556e-05	CAP_down
VSIG4	4.439367846603008	4.7677316333720914e-05	CAP_up
MBD6	4.67126996927831	4.7653430015832695e-05	CAP_up
RER1	0.9947776355747814	4.7651203923338266e-05	background
RNF125	-5.187912832432268	4.765015068846829e-05	CAP_down
TP53RK	-0.8693760879819562	4.764691425013907e-05	background
FBXO34	1.0984060032459069	4.763602051009234e-05	CAP_up
MTMR6	2.97098453692346	4.762688557459418e-05	CAP_up
ZPR1	-0.1428273547237367	4.759772890119682e-05	background
SWI5	0.0893340867937967	4.757306266488798e-05	background
ITSN1	0.3121637716326726	4.756609390448736e-05	background
PARL	0.0426114171354996	4.756297721041723e-05	background
METTL23	-0.5496548759587454	4.756280779177675e-05	background
SEPTIN8	-1.750295471112634	4.7540683543504895e-05	CAP_down
HNRNPUL2	0.6657456378767537	4.753510984179836e-05	background
NUP93	-1.330464404579467	4.753046472452739e-05	CAP_down
TREML2	9.049167264772825	4.749751352660968e-05	CAP_up
HMBS	-1.966005277293413	4.7487748697209055e-05	CAP_down
SQOR	14.63644172307939	4.746129347639855e-05	CAP_up
TSPO2	3.421400212648247	4.7432182226315535e-05	CAP_up
YLPM1	-2.657292721584905	4.742670759794861e-05	CAP_down
EHBP1L1	3.547955566577481	4.738512407014497e-05	CAP_up
ZXDC	0.3648393801770792	4.73510884953416e-05	background
C19ORF12	-0.3084444979007879	4.73332370160653e-05	background
STRN3	1.4900324432127316	4.7329490711994605e-05	CAP_up
UAP1L1	0.0729392013213659	4.732573692869131e-05	background
CYP4V2	-4.895628952476285	4.731600584382472e-05	CAP_down
ZRANB1	1.25620141717089	4.7290980195867963e-05	CAP_up
TBPL1	1.8656427255012724	4.726911116533901e-05	CAP_up
MPZL3	1.109613380599876	4.726131300370284e-05	CAP_up
SLC20A1	-0.1567065050522875	4.725816987106223e-05	background
KLRF1	-17.541017868245625	4.724192035248249e-05	CAP_down
GLE1	1.2248429248749493	4.724157457437734e-05	CAP_up
HNRNPA1	-0.8415652857614763	4.7225347160228925e-05	background
TRIP11	-0.1503760319459499	4.7220805447446476e-05	background
MORN4	-2.041229311505959	4.720396757967656e-05	CAP_down
RNF19A	-0.0938668768914415	4.719657821774706e-05	background
CLEC2D	-5.92971288081369	4.718733337138159e-05	CAP_down
MSRA	2.68861818658659	4.717907470127647e-05	CAP_up
SLC44A2	1.7361317994860466	4.715413518622446e-05	CAP_up
NEURL1B	-0.0882792424781675	4.712535667761123e-05	background
LEPROTL1	-2.982269550270427	4.709925725218502e-05	CAP_down
AFF4	-0.0099292594606658	4.709214830698337e-05	background
CAAP1	-2.346743407858035	4.706944363756034e-05	CAP_down
OXLD1	-0.357858076514535	4.7067495475099834e-05	background
B4GALT5	18.343591011465904	4.706443063386514e-05	CAP_up
HLA-DQA1	-2.7062400504687023	4.7036922663445736e-05	CAP_down
CAT	0.942505257155901	4.702472232279888e-05	background
EME1	0.9230251598171844	4.702098170945013e-05	background
STRN4	1.6946731461686018	4.701234293876181e-05	CAP_up
VBP1	1.5505481930454967	4.699375567359206e-05	CAP_up
PSMD14	0.0069878289222553	4.6971916200636607e-05	background
UBE2G2	-2.3485195059056188	4.696361769870068e-05	CAP_down
MSL1	7.250277466372618	4.6951390637959254e-05	CAP_up
SLC25A1	-0.0261703805008074	4.694006183706929e-05	background
CDON	-7.785055480566381	4.693668986539203e-05	CAP_down
GBP2	4.302752900970442	4.690475770467549e-05	CAP_up
KANSL3	-0.5140889397148801	4.6894596155833224e-05	background
MTFP1	-0.9005009354783247	4.6886326191361226e-05	background
GALK2	-0.0134616035958463	4.6875539213020664e-05	background
WWC1	-1.2568758726710552	4.6862554823635764e-05	CAP_down
HSDL2	5.3943835150331285	4.682946144835979e-05	CAP_up
KANSL2	-0.8054439015408688	4.677679358925038e-05	background
OPA1	-0.1116125376439712	4.6771313618730124e-05	background
AMDHD2	-0.019328430890923	4.676161819009813e-05	background
SLMAP	2.407150680984885	4.675214024569683e-05	CAP_up
DFFB	-1.1141629953928722	4.673314541666748e-05	CAP_down
JAZF1	0.568084284931599	4.672426218115804e-05	background
MMD	0.009365185041377	4.6714319378437996e-05	background
SEL1L3	0.0605977784117509	4.6693661885716125e-05	background
ADM5	-3.107970091517707	4.6678548650019414e-05	CAP_down
RAB8B	3.712532079963614	4.667587313044609e-05	CAP_up
NUS1	-0.0911039619993795	4.6672980593963806e-05	background
VRK1	-0.3334067917090997	4.659684509958236e-05	background
ANKRD9	3.8078398650324488	4.657809933331514e-05	CAP_up
PPP1R37	-0.354261793259596	4.654898063357661e-05	background
ERMARD	-3.93971459216796	4.653478052354924e-05	CAP_down
RNASET2	0.9327877427389066	4.652216994045725e-05	background
KDSR	-3.680651998084497	4.6504773340103585e-05	CAP_down
TOR1AIP1	3.993625967526028	4.649097364834384e-05	CAP_up
CUL9	-0.1067437312341128	4.646048193524486e-05	background
STK24	0.2780788820204373	4.639681102048731e-05	background
KCTD15	-2.107460613943091	4.633300059398227e-05	CAP_down
TTC14	-0.8335577574587991	4.6318883072735574e-05	background
MICU2	0.4821664112281628	4.63117115063426e-05	background
LMTK2	3.8734164691156407	4.626539820078038e-05	CAP_up
PSME4	0.013455839506472	4.625782097254232e-05	background
CRYL1	-2.220595531157524	4.6248779612303535e-05	CAP_down
PLOD2	2.924703658437159	4.624326059834562e-05	CAP_up
FBN2	2.7548346898160845	4.623507355199665e-05	CAP_up
SELENON	0.0467051981848508	4.621004161078126e-05	background
HAUS1	-0.4051867131640614	4.6208517344255145e-05	background
DOCK8	1.6668608139238978	4.620159540280565e-05	CAP_up
MOB1A	4.934226149432151	4.618518134835126e-05	CAP_up
ACRBP	0.4462214966471383	4.618272421737128e-05	background
H1-10	0.009861423245046	4.616798532640569e-05	background
STX1A	-0.0261436914389997	4.6158861983097416e-05	background
MOB4	0.8091679507296917	4.615045430839185e-05	background
PBX3	-0.1608277939864835	4.6129479327271964e-05	background
HINT3	1.9152427786594493	4.6127009656046105e-05	CAP_up
NRDE2	0.5614944357880379	4.6125449525280934e-05	background
DMTN	-0.4032673569134147	4.610868747276133e-05	background
KIF1B	17.49432227829811	4.610043773579472e-05	CAP_up
SPEG	-11.271416750570078	4.609417932441458e-05	CAP_down
WDR48	0.0725328048792886	4.607601173745726e-05	background
MYL5	-0.6687605432920062	4.607589401298055e-05	background
MRGBP	0.4198219923014049	4.603922004993534e-05	background
HAMP	0.1614032021918169	4.603361882709477e-05	background
UBN1	3.880252740649624	4.598218353026505e-05	CAP_up
POFUT1	-0.2881407768798127	4.596136928000807e-05	background
ARFGEF2	-0.5765582230453644	4.59524172718224e-05	background
ORM2	9.214295044281949	4.593946364863331e-05	CAP_up
ADAMTS13	-0.7618254150873024	4.587784846572775e-05	background
C1QC	10.244751919439624	4.586828610278584e-05	CAP_up
MSH4	0.0089970342865055	4.5867744601958704e-05	background
WSB2	4.400166563411261	4.586056999704525e-05	CAP_up
PPP1R18	6.052524418467063	4.584442021109383e-05	CAP_up
FBXO33	1.7750873946538932	4.584404590463216e-05	CAP_up
RAB23	-0.1675470626250683	4.582543092023096e-05	background
USPL1	-0.976051918421642	4.579876338419128e-05	background
PLOD1	7.7711123164058975	4.579385209676712e-05	CAP_up
R3HCC1L	0.6788665098330876	4.579378686898075e-05	background
TAGLN	-1.5150435932744917	4.5772534181721875e-05	CAP_down
POC1A	8.11558461785171	4.57593975775022e-05	CAP_up
NPC2	0.6887795115804034	4.57534293666764e-05	background
HOXA1	0.016177413252939	4.573728290570637e-05	background
USP30	0.9125572566077604	4.57175924150888e-05	background
TRIM4	-0.6282756134508416	4.5704041995804466e-05	background
ACER3	4.991189754131415	4.569766283406169e-05	CAP_up
EIF2AK4	-0.1963563875369989	4.5673054013449625e-05	background
OTUD7B	-2.523988634554923	4.5672505014674765e-05	CAP_down
LAPTM4A	3.251731245124461	4.5664218998995955e-05	CAP_up
PFDN1	-0.1681410891459683	4.5628466177495536e-05	background
LTBP4	-3.4366218365397185	4.558471324539848e-05	CAP_down
PDXP	-0.8156966871676159	4.5566305393908415e-05	background
TGM1	-0.1373072586759615	4.55475823564695e-05	background
CMAS	0.0994460340562451	4.553011894482122e-05	background
WBP1	-0.3293957536869936	4.549303020262228e-05	background
RAB21	2.3837348253430646	4.548144038399725e-05	CAP_up
NME4	-0.0177139547351755	4.547969443602414e-05	background
HORMAD1	4.311102844902358	4.545803316658561e-05	CAP_up
CAND2	-5.122745221919651	4.5446755054392394e-05	CAP_down
COP1	3.003006588239658	4.54298624044979e-05	CAP_up
CTDNEP1	0.9216103047393608	4.541125767273421e-05	background
ATG4B	-0.3280650799935924	4.537431889026393e-05	background
HOOK1	-8.895338079128418	4.535648253538241e-05	CAP_down
PLPBP	0.992524277765512	4.5354924453638694e-05	background
UBR3	0.0294261582995769	4.532679992237616e-05	background
FBXW9	-1.2988349071110554	4.532592512439325e-05	CAP_down
ACTR3C	0.1393919612247271	4.529391294193351e-05	background
ARID3B	2.315842898066264	4.528328276070681e-05	CAP_up
FAHD2A	-4.584362715627075	4.528153172710596e-05	CAP_down
DECR1	3.114725984226327	4.5277128086028255e-05	CAP_up
H1-3	0.6544995465681779	4.525937883073693e-05	background
MSL3	3.925883185173557	4.5246733712108044e-05	CAP_up
LPCAT1	0.0096507605384945	4.5234478733935606e-05	background
MCFD2	0.2401058878570844	4.521283893398377e-05	background
DUSP22	0.3969661681741564	4.51811547306185e-05	background
ILF3	-1.4269749909100742	4.5168825021429875e-05	CAP_down
COPS4	0.0216486802040572	4.5129710107232945e-05	background
SLF1	1.071894301914826	4.5103609521203656e-05	CAP_up
RTEL1	-1.988951694828939	4.510019188860758e-05	CAP_down
SH3BP1	0.0060232330709977	4.50956371618572e-05	background
ARHGAP17	-0.2979952272306256	4.50814901487191e-05	background
DDX6	-0.0298294792486931	4.505864931924947e-05	background
SELENOT	6.6334548230136186	4.505055208049217e-05	CAP_up
NME6	0.3332104003874195	4.5027510596523606e-05	background
RAE1	1.5530506114219194	4.5026542202312425e-05	CAP_up
COPS7B	-2.141879122040142	4.5017557403494055e-05	CAP_down
UBE2R2	4.288209220165481	4.5007897447745944e-05	CAP_up
DRAP1	0.4199042071434222	4.500694616595766e-05	background
JPH4	0.7839941961940274	4.497889769666511e-05	background
PPAT	-1.2756493500594013	4.496282536057201e-05	CAP_down
TRAF3IP3	-1.0362920583808128	4.495452293266622e-05	CAP_down
WNT5B	0.4861150598889184	4.494634309724894e-05	background
LPCAT2	8.454865608101281	4.490883547463468e-05	CAP_up
FXR2	1.5443677259125124	4.490714100501987e-05	CAP_up
LZTR1	-0.3184616258946603	4.487544945292765e-05	background
TMX2	-0.0764952901129605	4.485817684405712e-05	background
API5	-0.3862934245231955	4.484634020534838e-05	background
LONP1	-0.3560946246611622	4.482854457186423e-05	background
COPS8	-0.6779805963407822	4.48283866884041e-05	background
TSC22D2	0.0231117974995742	4.482367105390906e-05	background
CFAP298	-3.467132486209429	4.4775103792257935e-05	CAP_down
WDR1	1.6294221777742537	4.4760493499661416e-05	CAP_up
GOPC	-0.7303954100008968	4.475854202050713e-05	background
FAM184B	-0.0926735897147064	4.4720234790649405e-05	background
ANKRD22	19.793640964058163	4.468468686947865e-05	CAP_up
ZFAND6	1.729400763741602	4.4608869375702495e-05	CAP_up
COASY	1.0696768071392186	4.460743827184869e-05	CAP_up
TPM4	2.3137096214103763	4.460521467744001e-05	CAP_up
PRPF19	-1.1809694866172489	4.459566301983992e-05	CAP_down
LRRC41	-0.0044092193456301	4.458637015706705e-05	background
COPS3	0.4420684262113346	4.4577009575229515e-05	background
HLCS	-4.505691689195688	4.455960478161984e-05	CAP_down
SLX4IP	1.1511510989275109	4.455125490233519e-05	CAP_up
DYRK4	-0.189447391946647	4.4550478565728575e-05	background
SELENOW	-0.0829572009882091	4.4534745768361485e-05	background
OSBP	0.0558215842416776	4.449809771229795e-05	background
WDR81	-0.8465096189873218	4.449115847383137e-05	background
INO80	-0.9316417323204512	4.443840351894314e-05	background
ANKLE1	2.030063179597933	4.4428628903932846e-05	CAP_up
RHOT2	-0.2089275758102219	4.440276716102443e-05	background
AP4B1	-0.1316619101379061	4.4395713085455306e-05	background
PSMC1	3.319521364841051	4.435973786467687e-05	CAP_up
ARHGEF19	-1.6559442363997314	4.435674551343674e-05	CAP_down
NME3	-2.1258609523533787	4.4339312976561866e-05	CAP_down
ACTR3	4.076326415865549	4.433808485914611e-05	CAP_up
MICA	-0.2290175250230895	4.4326670187546784e-05	background
TRPT1	-0.5910404640853978	4.431418415818715e-05	background
FAM89A	5.628294903429786	4.428950295169518e-05	CAP_up
FAM89B	0.1941205908566938	4.427860696714486e-05	background
FXR1	0.0962887590531471	4.4266566704584666e-05	background
RNF114	0.5320779972141085	4.42590243358982e-05	background
HAUS8	-0.0346679730988842	4.4245495081010226e-05	background
CDC42EP4	5.232190655203313	4.42084252447381e-05	CAP_up
DSTN	-0.0230113568184843	4.420686164168865e-05	background
TAP1	5.75315476023366	4.417410948942768e-05	CAP_up
ZBTB14	-3.507876894397729	4.414657453617296e-05	CAP_down
GPHN	-0.7848960870657065	4.4146300409132534e-05	background
HIP1R	-4.2903202089466514	4.412390988037429e-05	CAP_down
GALE	0.7176126092270134	4.4099282880939904e-05	background
IFITM2	14.387665551757102	4.4078498569837386e-05	CAP_up
PAICS	-0.0443089415989617	4.404747663165322e-05	background
COPS2	0.0623855963159646	4.404501838260716e-05	background
CDC73	0.5283201791836375	4.403847225205849e-05	background
ZDHHC3	3.5861319753697405	4.4037907162771455e-05	CAP_up
PSMB2	0.2879028710279055	4.402864982784276e-05	background
EPB41	-1.0710964146115949	4.402799991318631e-05	CAP_down
DHX58	0.2197212685967179	4.399894384543463e-05	background
PSMB6	0.9555221807559696	4.398974079191002e-05	background
ARPC2	4.414720807391957	4.398376465886692e-05	CAP_up
NSMCE4A	-1.8488508292419	4.3977936835436805e-05	CAP_down
DGKG	0.5542009702198447	4.3971596315615806e-05	background
PATJ	-7.5413648285013055	4.393191099790794e-05	CAP_down
BRCC3	0.0462633981679034	4.392067705612778e-05	background
MFF	1.792128218513581	4.391548615386617e-05	CAP_up
UCHL3	-0.2253969192256203	4.3910279776542006e-05	background
FHDC1	7.705547381376874	4.383191989928211e-05	CAP_up
RNASEL	5.5248915760978505	4.3811222848930496e-05	CAP_up
F8A3	-0.1522580239942407	4.38094002276162e-05	background
MYO18A	0.5046631631796669	4.380658314465341e-05	background
RSRC2	0.3986593207235097	4.379993777052179e-05	background
FSTL3	2.9676551073775954	4.378229133063727e-05	CAP_up
ITSN2	0.8847559980516569	4.377598348642901e-05	background
PPP1R16B	-2.9690175494987385	4.37424742829971e-05	CAP_down
ARPC1B	4.4951167048458505	4.3737230728492605e-05	CAP_up
EIF4G1	0.7198949335263755	4.3729680362300075e-05	background
EMP3	-0.1665412247255164	4.371245150600445e-05	background
TBCD	-2.365065854474423	4.3690846858099e-05	CAP_down
NRBP2	-0.8091440130408712	4.365934420057586e-05	background
CAMTA2	3.83903016995054	4.3634593129662e-05	CAP_up
PFDN5	-2.3656732378193714	4.358821988117565e-05	CAP_down
SPTLC1	3.0991314925148665	4.3578469342963455e-05	CAP_up
INSC	14.483584792093742	4.354745951941085e-05	CAP_up
UBR7	0.105191331057329	4.352650574056797e-05	background
ACTL10	-0.3761685333975776	4.347014043815716e-05	background
RNF185	4.254907684536335	4.344392848462727e-05	CAP_up
AQP1	0.9161262173670384	4.3441092581312645e-05	background
MR1	1.863402691954295	4.34324807272016e-05	CAP_up
SPRYD4	-3.596376344154	4.3422353141921533e-05	CAP_down
RAB5B	1.5303681739869814	4.34057854776402e-05	CAP_up
UCHL5	-0.5494509228423251	4.3395954410784644e-05	background
NPAT	-3.2635585862565715	4.3381409130186805e-05	CAP_down
CELSR2	-3.7944613483966574	4.338033983917265e-05	CAP_down
RGPD1	-0.4446602187812838	4.337977405203036e-05	background
RGPD8	-0.684135880011938	4.337977405203036e-05	background
CLPX	0.1010137246833184	4.336269807225942e-05	background
ACAD10	4.237841933006081e-05	4.333807935423208e-05	background
CFH	-0.7700364449013509	4.332419527772538e-05	background
HGH1	-1.2537916521845978	4.3294575448008854e-05	CAP_down
DCAF1	-2.160661800905465	4.328696518403599e-05	CAP_down
PSMC5	0.0060908676836977	4.326563992960887e-05	background
MMAB	-4.580118267335396	4.3253147416074635e-05	CAP_down
TRIM58	-0.2080836010317321	4.321241266139523e-05	background
HHEX	5.213849005907861	4.317191817866474e-05	CAP_up
FNBP1L	0.3641627867138924	4.316502137186811e-05	background
FAAP100	-0.5925786127384898	4.3159890098091293e-05	background
MARCHF5	4.206152589927613	4.31301523171014e-05	CAP_up
UNC5CL	-2.107527572043425	4.312140501408035e-05	CAP_down
ADGRA3	-9.893237437648494	4.312140501408035e-05	CAP_down
CTR9	0.3470344914990707	4.3066237865874184e-05	background
AMACR	-0.1692890627867916	4.305396350047978e-05	background
RIPOR2	1.7923812308757578	4.3027278279889536e-05	CAP_up
ACTR3B	-0.5486930632986746	4.3020111159289264e-05	background
SESTD1	4.111176019428687	4.301996644165654e-05	CAP_up
CEP104	-0.6907670894658448	4.296422798403799e-05	background
LOXHD1	4.74268464548556	4.2962824849847306e-05	CAP_up
DDI2	-1.2481630187401536	4.295717080061222e-05	CAP_down
KIF3B	0.0109504020788542	4.295010844258426e-05	background
KCND1	10.530230229086737	4.291822537500351e-05	CAP_up
UBR2	2.740744330957672	4.2917014217999115e-05	CAP_up
FGFR1OP2	2.254874306155237	4.2912505317292e-05	CAP_up
ZBTB48	0.4471820592783974	4.290691234065415e-05	background
SLAIN2	0.0467002106973775	4.289177614790454e-05	background
BRD8	0.1704473014880068	4.2859432040919165e-05	background
HIP1	7.091999675988956	4.285443974228944e-05	CAP_up
HSF4	0.3569363599293111	4.280637478795505e-05	background
IFITM1	9.04457362422555	4.2790928087358296e-05	CAP_up
STK17B	2.97479982116594	4.278562617023487e-05	CAP_up
STK17A	-0.1689946336723327	4.278562617023487e-05	background
FAN1	-5.4213075439479725	4.275583945268085e-05	CAP_down
UGDH	-0.2486487652485353	4.2743959683443005e-05	background
WDR82	-0.3814070944969699	4.2736181070448795e-05	background
RFX7	-3.982542430344535	4.27336078408561e-05	CAP_down
TTC5	-2.9549363529044035	4.2723477578358435e-05	CAP_down
TJP3	-7.162996367610357	4.271056476404218e-05	CAP_down
HAUS3	-0.2052667323273777	4.270531920754015e-05	background
TSC22D1	-0.1726093451607847	4.269998554486727e-05	background
LONP2	-0.0433178478789007	4.268979771804779e-05	background
HAUS5	-2.09815645598917	4.2681910868331465e-05	CAP_down
WRAP53	-0.0835373068535891	4.26744626254988e-05	background
F8A2	0.8067675357988678	4.266290762975779e-05	background
NOCT	2.6860917530722777	4.2643613669219124e-05	CAP_up
CAND1	-0.9465872174019014	4.263750885509579e-05	background
UBE2O	-0.2086337286667778	4.262444150977966e-05	background
ALPK1	8.887797207790015	4.260054138059139e-05	CAP_up
RTF1	1.714433880268666	4.259231950551727e-05	CAP_up
HLA-DPA1	-5.123381857940931	4.2591802733559053e-05	CAP_down
TRIAP1	-0.0134689772918272	4.2583259467164885e-05	background
INO80B	-1.151416682850124	4.257261025195126e-05	CAP_down
SRSF2	0.0836697845785829	4.2571655479439515e-05	background
NXT2	0.392566830078154	4.255978656394449e-05	background
PDCL3	-1.0538153571489837	4.2508598000314076e-05	CAP_down
SASH3	2.5279534172934786	4.250091801935473e-05	CAP_up
REPIN1	-1.2624645364011369	4.247661610799192e-05	CAP_down
NME2	-0.9586238969616084	4.2460816429329345e-05	background
NCR3LG1	-7.711805172776186	4.2436341987024106e-05	CAP_down
C2CD2	-3.4357963112645447	4.240174020450866e-05	CAP_down
CNTNAP1	-2.9048371235706147	4.2396347839941406e-05	CAP_down
USP35	2.0284274369762936	4.2393478936186404e-05	CAP_up
PRPS1	-2.154443818595371	4.235336625659647e-05	CAP_down
RRAGA	4.100069322543152	4.234917202338936e-05	CAP_up
PPP6R1	0.7064131483581324	4.23449007692343e-05	background
KLHDC2	-0.8112494066573284	4.233997693514482e-05	background
POGLUT1	-3.265729651715907	4.233240719501442e-05	CAP_down
SARS1	-0.0046994144178737	4.232691212465151e-05	background
DSC1	-16.236565222591764	4.232601053060639e-05	CAP_down
SYNJ2BP	-7.158903626469807	4.2325504481412576e-05	CAP_down
PSMD11	0.2737158460824175	4.231621163608835e-05	background
SLC23A2	-0.1154109850522009	4.2314332842593705e-05	background
SLC23A1	-0.1025628148994481	4.229686116846351e-05	background
UBL7	-1.5171025489953964	4.228380101490544e-05	CAP_down
POC1B	1.0637734380221102	4.227152635097416e-05	CAP_up
PACSIN1	-7.248102240688505	4.2261477724323764e-05	CAP_down
NME7	-0.2701269227668757	4.225500998826825e-05	background
PDIA5	0.2212907858135373	4.225479833174799e-05	background
HEXB	3.0675641240612723	4.2246171121901556e-05	CAP_up
DDX21	-0.0681508044903476	4.2231236504719295e-05	background
NDUFS2	0.7569283591618062	4.2213304547311025e-05	background
CD302	0.3267595550336419	4.220373412971896e-05	background
VMP1	4.441213196193426	4.219421293414363e-05	CAP_up
CEPT1	0.1729485346041669	4.218127802978234e-05	background
POLR2A	3.820707117832685	4.2179129413323696e-05	CAP_up
GM2A	3.798953321020271	4.215522667606344e-05	CAP_up
PSMB4	0.7134360885978269	4.2139200219419295e-05	background
MYORG	-0.8811439913140916	4.2126769118326735e-05	background
MYO1C	0.0122912221444743	4.209150671142973e-05	background
NSMCE1	-0.0032366696462261	4.2084373274536564e-05	background
C4A	2.629265827815394	4.202443446451467e-05	CAP_up
UBL4A	0.1415326814069657	4.2013969648656825e-05	background
P2RX5	-0.6262662394868498	4.19955293790617e-05	background
MYL12A	6.6960233541817535	4.198733552952454e-05	CAP_up
MMAA	-2.816743548770751	4.198593746443591e-05	CAP_down
MKKS	0.3504926515906427	4.197322444240176e-05	background
C16ORF74	-6.633340694047226	4.196338369173344e-05	CAP_down
ALS2	-0.003348056204792	4.195714249659887e-05	background
TMEM116	-6.022300958566869	4.1947803241173075e-05	CAP_down
ACTR5	-2.9027302843800444	4.193463970423632e-05	CAP_down
GFER	-0.295908196499321	4.193098698700647e-05	background
KCNA6	-2.631652649675148	4.1930106470543184e-05	CAP_down
FNTA	-0.7268164552634545	4.188933125781477e-05	background
BLZF1	1.4583080384012648	4.188332825357202e-05	CAP_up
ABCD1	3.6925852816650098	4.187844843625433e-05	CAP_up
ARL2	-0.03307161015321	4.1864801575802666e-05	background
ARL8B	2.7637741481036806	4.180648356471896e-05	CAP_up
ATXN7L3B	-0.9342030705683992	4.179318133876402e-05	background
CASQ1	-0.4031173517823767	4.1783585673747906e-05	background
PSMD3	0.0470698137851355	4.177957029738233e-05	background
FHOD1	4.702560373817642	4.177130966873039e-05	CAP_up
WDR6	-0.5675449774625212	4.176064052391469e-05	background
VGLL4	-0.0760482476757873	4.17576664649408e-05	background
STRIP1	0.058843115687768	4.175392119463725e-05	background
HROB	3.668355894881471	4.174413602432173e-05	CAP_up
F5	17.540718667096524	4.1699406118464685e-05	CAP_up
ZFYVE1	2.369583302168309	4.168966383515631e-05	CAP_up
NIT1	4.526245743384828	4.168363504537595e-05	CAP_up
ENPP4	-0.9496700325910892	4.168363504537595e-05	background
GABARAP	2.2128203762502507	4.1665620080588874e-05	CAP_up
OTUD6B	-1.5296629777173611	4.1662317206461187e-05	CAP_down
RO60	0.4577308333372445	4.162159818715578e-05	background
PGRMC1	0.4793481509747661	4.161446465542779e-05	background
DET1	-9.673382984463938	4.16067400404793e-05	CAP_down
TUBGCP5	-6.0660448932307744	4.156684495399262e-05	CAP_down
UBE2L6	2.52453624525495	4.156392310466768e-05	CAP_up
PAIP2B	-9.208001086564748	4.155505162445623e-05	CAP_down
TRIM41	0.7239821830896102	4.1549045097767966e-05	background
STEAP4	7.134018671676429	4.151532242075677e-05	CAP_up
HIRA	0.482861275514474	4.150938182763567e-05	background
PSMA6	0.7444107257481931	4.150012771555416e-05	background
PSMA3	0.1650786021606451	4.148151226583827e-05	background
PACSIN2	4.640555170627609	4.146674345230038e-05	CAP_up
DGKE	-4.625063503414582	4.146276386780242e-05	CAP_down
FBXL14	-1.0726635373883526	4.1445425889305275e-05	CAP_down
MAN2B1	0.1032044378954589	4.1441491533391035e-05	background
ACTR10	2.713445327941792	4.144118714940178e-05	CAP_up
TUBGCP4	-1.5821321602215217	4.1419358840422855e-05	CAP_down
FLT3LG	-7.19690622099233	4.140270069404816e-05	CAP_down
FBXO8	0.9328951681723698	4.134993552526515e-05	background
CPD	5.359074178477906	4.134408313484316e-05	CAP_up
TMEM43	1.511784255813109	4.134362231849971e-05	CAP_up
DHX36	-0.1241687034296408	4.1336844267785835e-05	background
TUBGCP2	0.0031656708450876	4.1318085147868296e-05	background
PPP1R35	0.141140171400747	4.1309745981956194e-05	background
BTAF1	-1.6861447843046409	4.128198701957279e-05	CAP_down
CAMLG	0.1371643671831343	4.127587018289367e-05	background
DGKH	-0.0042653661099767	4.124993138656082e-05	background
LRP3	0.7063844436702273	4.122657182893392e-05	background
FBXO44	-0.6810957109504349	4.122138359250491e-05	background
RABEP2	-1.3620252576536522	4.120472260234551e-05	CAP_down
GDAP1	-0.6676036550605593	4.1189350185852424e-05	background
PURA	-4.0218818186511225	4.118589221848273e-05	CAP_down
TESMIN	1.873641572277667	4.117971915207825e-05	CAP_up
CRAT	0.1164437680976343	4.116366855769018e-05	background
TASOR	-0.0687116041362414	4.111855919355911e-05	background
RNF38	0.1115583086568169	4.110914064142593e-05	background
PDPR	-1.170695232685314	4.1108930540011955e-05	CAP_down
MARK4	1.9495791277178385	4.108569041051885e-05	CAP_up
NSUN2	-0.4108154826137328	4.108275045322539e-05	background
PSMD6	2.313800355002221	4.1072603542615796e-05	CAP_up
CALCOCO2	1.4687120951395265	4.1072218030829294e-05	CAP_up
MINDY2	0.55328908397456	4.1057148522766775e-05	background
MINDY1	5.915057308411571	4.104408046809642e-05	CAP_up
HACL1	-3.1564159236296216	4.103681723046344e-05	CAP_down
PSMG1	-0.0467667051197354	4.1021809025762675e-05	background
ATG9A	3.611923312294831	4.101249100684926e-05	CAP_up
CACNB4	-0.4408710675654879	4.0979619320611974e-05	background
ASB7	2.405655619813917	4.0968169907978696e-05	CAP_up
P3H1	-0.0668644250034014	4.096652278391122e-05	background
B3GNT4	-0.1746368277020285	4.0966181837508715e-05	background
DYNC1LI1	1.549038144744347	4.095106250434142e-05	CAP_up
AKAP8L	0.0398645178273493	4.0942941398234406e-05	background
CENPL	-0.2106357177896493	4.0920887764285405e-05	background
REXO1	0.2639254463563895	4.0918331213695885e-05	background
PSMD8	0.5505877515503558	4.0901097731865305e-05	background
SPTLC2	5.61110272700772	4.089718928685988e-05	CAP_up
ZBTB22	0.1615467502363037	4.088701946820053e-05	background
PSMD13	1.2290474168340246	4.0882328240504383e-05	CAP_up
HNRNPL	0.0654509909309805	4.085969219607039e-05	background
DIP2B	2.0679616700183496	4.085260737009528e-05	CAP_up
TOX4	2.067308687064892	4.08525697989402e-05	CAP_up
KIFBP	-1.2128562329656445	4.0832406979755775e-05	CAP_down
DKK3	-7.761689673333366	4.082768420442015e-05	CAP_down
UBE2E2	-1.622061300574165	4.081258206343406e-05	CAP_down
NDUFA6	-0.2454235940556172	4.07912974754309e-05	background
ICA1	3.16451199116877	4.077134553803449e-05	CAP_up
SLC9A9	0.1246833945274364	4.074752057823871e-05	background
ANKRD11	0.0883809718432084	4.073932884673068e-05	background
MAP1LC3B2	5.402126313606708	4.070771581948869e-05	CAP_up
RRP8	-1.3124624302326686	4.0702770500394225e-05	CAP_down
MMADHC	7.1025893881507045	4.068485066841926e-05	CAP_up
TPRN	-0.3640666462652166	4.0663858579521166e-05	background
HEXIM1	0.8500256383108241	4.0655216820514765e-05	background
HNRNPR	-0.8358045681019813	4.0609174128825796e-05	background
ZNF398	0.1534542921296942	4.058572899893897e-05	background
ATG13	1.1735002018202505	4.058456586063428e-05	CAP_up
NELFB	-0.0021598642481761	4.0582997641866605e-05	background
VASH1	-1.3209556223185408	4.056787945763474e-05	CAP_down
BRK1	0.1763877663062197	4.055994307388815e-05	background
NUDT9	-1.0097351979988507	4.055564219342652e-05	CAP_down
MZT1	-0.1349027644358181	4.0532815960251396e-05	background
SPTB	0.7722788771720436	4.052606168878061e-05	background
FCN1	1.347137466318079	4.052071824191392e-05	CAP_up
MIEF1	-0.2388546439589857	4.0501386694569395e-05	background
EXT1	7.545629439678486	4.048368794195629e-05	CAP_up
NLGN2	-5.134280145341975	4.048028656407131e-05	CAP_down
OXNAD1	-11.283849949573495	4.045752976041146e-05	CAP_down
SFR1	-0.2874465681455552	4.04237850729189e-05	background
MZT2A	-0.8087692817189389	4.0410383708961165e-05	background
PSMD7	0.5134958404823754	4.040629942895771e-05	background
NDUFA13	-0.7190334845326871	4.037893293716647e-05	background
ERO1B	-0.1404354465443917	4.0378598156633835e-05	background
MED4	0.0674675188110514	4.037337293914064e-05	background
RAB14	1.038647457012336	4.0371369402520424e-05	CAP_up
CNEP1R1	4.673059168126197	4.0329439332332415e-05	CAP_up
PLS1	-0.4640471232930125	4.032876815047114e-05	background
HBB	1.0697507571024374	4.031096060716418e-05	CAP_up
FEM1A	0.0682228054118294	4.029874136179735e-05	background
ZNF608	5.12837061863869	4.0294126219477115e-05	CAP_up
PDIK1L	-0.4477332377461122	4.028953476480952e-05	background
TUBGCP6	-2.7052990626883338	4.0284987738215156e-05	CAP_down
RBMX	-2.085690812500519	4.027296163179694e-05	CAP_down
ATXN2	0.0608346226139448	4.0271193313317456e-05	background
PEMT	-1.5880952223508713	4.025324743494385e-05	CAP_down
PHYH	-0.7227095814973867	4.025170179908817e-05	background
TRIM22	3.770650413725733	4.0238566905536684e-05	CAP_up
ANP32E	0.1034840099579693	4.0223001076234565e-05	background
FBLN2	-15.545158285506265	4.022101418533122e-05	CAP_down
SEPTIN5	5.758609124672565	4.0215021697194795e-05	CAP_up
RNASE6	-0.2615130965164924	4.020232703208666e-05	background
PTBP2	0.3335458379472555	4.018748793510219e-05	background
PCOLCE	-0.1951103834496828	4.017878144766688e-05	background
ATAD1	-1.235933910889728	4.0170627775970324e-05	CAP_down
PYCR1	3.209342136029357	4.016674357637315e-05	CAP_up
RANBP6	-0.6767903170387275	4.010930973516026e-05	background
QTRT1	-1.4908008582959515	4.00719437756804e-05	CAP_down
RAB29	-0.0955142247708426	4.0057865089985344e-05	background
PDRG1	-0.1274982863181092	4.000671656874962e-05	background
LDLR	3.520302680955901	3.994583379165788e-05	CAP_up
LRWD1	3.0001425834043625	3.9889605563904153e-05	CAP_up
MICU3	-9.337295825822451	3.986551200778587e-05	CAP_down
KRT1	0.2455304723352787	3.986396326395732e-05	background
PSMA5	0.0049401912562361	3.9856681710283193e-05	background
STK25	-1.0708504322971086	3.982883241681047e-05	CAP_down
CHN2	-1.3443547588782945	3.982417962562407e-05	CAP_down
GCNT2	0.082417740455486	3.982290464663372e-05	background
SH3BGRL3	2.018999582540332	3.9813879351635256e-05	CAP_up
DYNC1LI2	1.2046503367268393	3.9811786648017825e-05	CAP_up
ARF1	4.804221764344452	3.98041242485243e-05	CAP_up
NUDT6	-1.6468329493192184	3.979538968906525e-05	CAP_down
SNX18	2.75580431808884	3.9775205339397806e-05	CAP_up
MYL6	4.159931896899185	3.977056373833662e-05	CAP_up
AP2B1	0.3686619565921588	3.975542858178772e-05	background
CD55	10.159217796502222	3.973310946395882e-05	CAP_up
GARS1	1.100174215375397	3.9696392059474527e-05	CAP_up
RNMT	-2.737782701320703	3.9688732194178596e-05	CAP_down
MYO1D	0.0042483271105855	3.96102174381907e-05	background
ATG4C	-0.1576119770346161	3.960529843509802e-05	background
VPS35	0.6437330337771631	3.958608470613775e-05	background
GOLT1B	-0.2735674834425378	3.954798303664543e-05	background
NIPSNAP1	-0.1426043193813809	3.9518619588522215e-05	background
TTLL12	0.5922583346884945	3.9513506396162476e-05	background
MYO5A	0.7665115800429698	3.9498223821389354e-05	background
ZFYVE27	0.043895382852923	3.947646979968278e-05	background
TCEA1	-2.200334871730149	3.9440096238483344e-05	CAP_down
GON7	-0.0626195577944041	3.9432487670111736e-05	background
CLDN12	0.0848869912479227	3.9416746522021077e-05	background
GGACT	-4.113500844535906	3.9378801471668e-05	CAP_down
NFIA	-1.1223788442155531	3.9371061400915236e-05	CAP_down
IFIT1	2.3449029629495337	3.936545606624303e-05	CAP_up
PSMC4	0.4275428119203875	3.9364796027065415e-05	background
ROBO3	-9.180954832637386	3.934402912714722e-05	CAP_down
DOCK11	0.8940900114142607	3.927142568430364e-05	background
NRBP1	1.8501910424156605	3.926829733083903e-05	CAP_up
FANCL	-0.0252852328313922	3.926383208746391e-05	background
KPNA5	-6.946499205701728	3.922981180693347e-05	CAP_down
PSPC1	0.1965143155825459	3.9229393027296946e-05	background
ACTR8	-0.2907403560444838	3.9183560282514917e-05	background
TFPT	0.1385304971800419	3.918330192696693e-05	background
UBN2	-1.2287920342318417	3.917326740078928e-05	CAP_down
DGKQ	-0.4800041348006677	3.914653030707141e-05	background
CLPTM1L	0.4266830419937004	3.913099445393932e-05	background
FBXO30	2.401362018006698	3.9119564499296695e-05	CAP_up
GXYLT1	-0.2834517642787797	3.911459200946862e-05	background
G3BP2	0.0139451702947602	3.910084850931601e-05	background
STAMBP	0.1712058433129279	3.9066447526681554e-05	background
CHCHD2	0.7557115468568911	3.905558863494209e-05	background
CYFIP1	0.2427410524285134	3.9049159805456206e-05	background
FDX1	-0.7175978151015772	3.904480620477505e-05	background
TAF1A	-1.9897413942783075	3.9018050269213344e-05	CAP_down
FAM167A	-4.844450739659418	3.901787804524012e-05	CAP_down
FANCB	-0.0186937000522241	3.9015300321183386e-05	background
ATP5PB	1.0435694906870945	3.8996860867300626e-05	CAP_up
MYL6B	1.9029538805029167	3.8996067700419046e-05	CAP_up
THAP1	0.8609681529155258	3.8966362069327576e-05	background
RGP1	0.1952885884910068	3.894756705565286e-05	background
USP53	-7.2478015703786385	3.889108190108677e-05	CAP_down
YME1L1	2.445777789778223	3.888341525375127e-05	CAP_up
LGALS2	-8.16380301743439	3.8857764028695756e-05	CAP_down
HLA-DMA	-1.286061093844175	3.8830452109416297e-05	CAP_down
PPP1R10	2.8412856283402306	3.881594623113938e-05	CAP_up
GNPTAB	-1.2248448014330475	3.881493248291505e-05	CAP_down
NUDT5	0.6541983283655672	3.881234677932245e-05	background
DIP2A	-0.4172867132977309	3.879392163874096e-05	background
ATXN2L	-0.2762914517231203	3.878898075307467e-05	background
LRRC46	0.5243276994003118	3.8774009604970524e-05	background
PRPS2	0.026256182204575	3.876869524135425e-05	background
DIP2C	-9.987400322623827	3.876059650316782e-05	CAP_down
VAPA	6.510736554850624	3.875646600743097e-05	CAP_up
PCSK6	0.4898943809660083	3.872587030211562e-05	background
TWF1	1.8179773383552065	3.8717892333472706e-05	CAP_up
ATG4D	0.7102939356118765	3.871784810100919e-05	background
NBPF11	-0.9794635855353596	3.8716313117289855e-05	background
CENPX	-0.7081335214708978	3.871199759696408e-05	background
PPP6R3	0.0436077589145705	3.870542711933856e-05	background
STRIP2	0.5073314180031724	3.867367720800769e-05	background
HEMGN	-3.8957496598383297	3.866475229217253e-05	CAP_down
WIPI2	1.1136505584965102	3.865767614554982e-05	CAP_up
TOMM40L	5.182228038280829	3.864889861876786e-05	CAP_up
DCAKD	-0.8719046149967877	3.863324968293318e-05	background
ABI3	-3.447635956644473	3.8614371650511256e-05	CAP_down
MCU	7.019525027210569	3.858628542228453e-05	CAP_up
ESPN	-0.0846653446601775	3.858457793566489e-05	background
CLDN9	11.70315560601217	3.858354617111739e-05	CAP_up
SUN1	-4.158402120927265	3.85673153872917e-05	CAP_down
FYCO1	-2.769342367476182	3.854777939882978e-05	CAP_down
DNAAF1	8.752470370040305	3.8543173097766196e-05	CAP_up
FCHSD2	0.1118408368100736	3.8542201863243296e-05	background
TSPOAP1	-2.6948210283044114	3.8535839388107045e-05	CAP_down
C2CD3	0.0196980705399757	3.8534817351020376e-05	background
TENM1	0.1777936303562084	3.852598726049879e-05	background
TMED8	3.737412610871394	3.851948401498875e-05	CAP_up
PDLIM2	0.2949384683074507	3.851520501328218e-05	background
TRAM2	0.1059637768374487	3.8488841850198176e-05	background
COPS7A	0.6747578789409749	3.846238583456164e-05	background
CLDN23	-0.1657295151538605	3.845191187174755e-05	background
CELF1	0.0899273899475738	3.843331601236908e-05	background
HNRNPA2B1	0.4331655258321734	3.8409472896087385e-05	background
CASZ1	0.5497035785946667	3.840929349522421e-05	background
B3GNT2	7.093816325522591	3.836817439448729e-05	CAP_up
SNTA1	-2.1752710406708538	3.8365770937931017e-05	CAP_down
NRXN2	-2.139097047160373	3.836446469653347e-05	CAP_down
TAF1C	-0.5458269289863764	3.833100359135342e-05	background
DMD	-2.516473881608408	3.83244148348173e-05	CAP_down
COPRS	0.1865099763440307	3.83070483240188e-05	background
ASNSD1	0.0713137003791138	3.8285606011608635e-05	background
SNX15	-0.2978349864701011	3.82687997215731e-05	background
ACOX2	7.392782424429714	3.823178051495087e-05	CAP_up
RNLS	-0.1635078425974622	3.8227803001133684e-05	background
TLK2	-0.9330285251331824	3.8226372427374086e-05	background
BIVM	-2.053399782603432	3.8211944371642204e-05	CAP_down
NUDCD3	-2.1905857427441715	3.82043210661655e-05	CAP_down
MTHFS	1.3492030505173105	3.818594585415518e-05	CAP_up
UQCRB	0.1653992196992431	3.8170377423849486e-05	background
CLEC2B	1.5458526062474742	3.816749529178678e-05	CAP_up
ITFG1	5.028742249177842	3.81321647992266e-05	CAP_up
RRBP1	6.127241356504685	3.812511207608564e-05	CAP_up
USP34	-0.0055906046335062	3.8112824351865914e-05	background
LTN1	-0.014352051101227	3.811176076085055e-05	background
CORO1C	4.454424300780824	3.8111095086052376e-05	CAP_up
HEXA	-0.1910000517844711	3.80962078077718e-05	background
LIN7C	-0.2943266220441942	3.807764202617163e-05	background
IQCB1	-1.6379422483389492	3.804127230709076e-05	CAP_down
ACAA2	-0.0920637059042239	3.802912612149065e-05	background
F8A1	0.8615924169590577	3.801642635039303e-05	background
GRAMD1B	0.4155688450341467	3.80110772025565e-05	background
CEP89	-0.5329514182073631	3.8005028986329504e-05	background
TBC1D17	-0.2473290600867636	3.795213393549465e-05	background
UBE2E3	-0.1903586810693497	3.795102216232753e-05	background
PSMD12	2.808297011613522	3.794483717316521e-05	CAP_up
CDK17	-0.0177906962517091	3.792727816422585e-05	background
BSCL2	0.2960825857598126	3.791771641986411e-05	background
NAGLU	-0.2317981561450732	3.79141392776673e-05	background
LAMTOR1	5.492380796817151	3.7893200886343135e-05	CAP_up
STRBP	-4.649350841245251	3.789156231903212e-05	CAP_down
TMUB1	-0.0321251332460389	3.788122792955273e-05	background
DCTN5	-0.028770456362681	3.78715322869013e-05	background
SMCR8	1.2865934100622087	3.7862150138527314e-05	CAP_up
C1ORF198	0.0198547194012992	3.785665835447967e-05	background
SPTY2D1	2.637783920711076	3.7833710537583925e-05	CAP_up
NME8	5.991577666385707	3.78280095079537e-05	CAP_up
IFIT1B	2.9627442755506275	3.782021466958341e-05	CAP_up
CARMIL2	-2.8224723141884995	3.781535361875787e-05	CAP_down
INO80D	-0.0357175470121966	3.780663932076778e-05	background
POC5	-0.8904056276515999	3.779610261469721e-05	background
CYC1	0.0732267717025882	3.777746094132352e-05	background
MOSPD2	5.8235132550112265	3.7752349146879486e-05	CAP_up
SUOX	3.306086653081204	3.7748589501812794e-05	CAP_up
COX5B	1.2128521991909431	3.773972091985616e-05	CAP_up
FAM161A	-4.312808641242032	3.772312392854093e-05	CAP_down
DYNC2H1	-7.948816566262151	3.76880875349758e-05	CAP_down
COPS6	-0.0217871451138032	3.768050840666379e-05	background
TXNDC17	3.2863300735545296	3.768020994029361e-05	CAP_up
SUN2	-0.5734978985854282	3.767573644728785e-05	background
TMEM126A	-0.0233023497345055	3.76537962612412e-05	background
ATP5PF	0.923558966211068	3.7652551032976496e-05	background
P4HTM	-4.743614379012109	3.7629229515337605e-05	CAP_down
MTMR9	-0.4903164279363103	3.7627776217146966e-05	background
TRIM36	0.1643015666290863	3.7623862786913435e-05	background
ADO	-0.4718097405554848	3.761770242633144e-05	background
TRIM56	0.2165790055042309	3.7600005911057836e-05	background
HADHB	3.0755516353904264	3.758412543250389e-05	CAP_up
SRRT	-0.0433476067529573	3.755837301806533e-05	background
RAB38	0.1838588917402794	3.755481322358779e-05	background
AHI1	-4.26322844114415	3.752399620599112e-05	CAP_down
ZNF276	-0.1874701366988962	3.7514644305602733e-05	background
RCN1	-0.6158243243324552	3.748586575992341e-05	background
RNF13	6.196234128685594	3.7456061175537674e-05	CAP_up
SLAIN1	-1.5881493106216658	3.7452244505902084e-05	CAP_down
PLPP5	0.0287755115751041	3.7439006429986675e-05	background
MYO19	-0.918106657976873	3.743002901733134e-05	background
PRKX	-2.9386943341660268	3.742778113954388e-05	CAP_down
RRAGC	5.409911714478884	3.742657872764349e-05	CAP_up
MADD	-0.7588600775763353	3.741208559688321e-05	background
INO80E	-0.2273214445447009	3.7405087876433816e-05	background
NFRKB	0.0208207349354742	3.740103704992296e-05	background
YRDC	0.5167042619806881	3.7370023919215786e-05	background
PLAG1	-3.2737166194377654	3.72564938982647e-05	CAP_down
DCTN6	0.0001563967468755	3.723606498925966e-05	background
DESI1	1.450272238763747	3.7222113785042224e-05	CAP_up
RRAGB	-0.0457294793675554	3.7188752909829084e-05	background
RAB2A	2.587636542639904	3.7171385320611214e-05	CAP_up
OSBP2	1.271932987357738	3.711220128530584e-05	CAP_up
AGGF1	0.1112313796416698	3.709768521747062e-05	background
SLC30A1	5.1409126028384335	3.709449603945656e-05	CAP_up
STARD3NL	2.534940902699852	3.709378894141402e-05	CAP_up
NXF1	0.5290398596599741	3.7090345177175206e-05	background
GTF2H3	-0.7951103590139371	3.707735521806635e-05	background
DYNLT1	4.538607181222609	3.704568038882841e-05	CAP_up
CDKAL1	-1.3807153567892327	3.703027276548641e-05	CAP_down
UBE3C	-0.001803252812825	3.70208009906343e-05	background
FNIP2	-0.3060235336951407	3.699998467570029e-05	background
METTL5	-0.113097101728443	3.699755336313944e-05	background
MYO1F	5.688757168961728	3.6997460323550326e-05	CAP_up
SRSF1	-0.0021415864813274	3.6969021585227886e-05	background
IFRD1	7.436073334192542	3.696003467311662e-05	CAP_up
ZNF746	2.473190186247144	3.69510678225308e-05	CAP_up
STK26	-0.3939763495386237	3.694740073139202e-05	background
GCA	13.711543910689644	3.694373313441812e-05	CAP_up
CACNA2D3	-17.77811296389115	3.6928283509808e-05	CAP_down
U2AF1	1.6767584795695336	3.6867527958950306e-05	CAP_up
S100PBP	-0.1323343168702032	3.6827920244470475e-05	background
PSMD1	1.8248299039281235	3.6827323408407854e-05	CAP_up
MCCC1	-3.050326513110457	3.681265246107419e-05	CAP_down
CDC5L	0.8769691140132057	3.6796847913073757e-05	background
SLC7A8	-1.3509435163561458	3.678648386378176e-05	CAP_down
SYNE2	-2.789038977208341	3.6771421929644236e-05	CAP_down
KLHL5	0.1798240688941086	3.6753411783852193e-05	background
KLHL18	2.072870534902206	3.6753411783852193e-05	CAP_up
BTBD10	3.6742001028238462	3.6753411783852193e-05	CAP_up
BTBD6	-0.3960701743246185	3.6753411783852193e-05	background
KBTBD2	1.8795280597228736	3.6753411783852193e-05	CAP_up
KBTBD4	0.1358813415211468	3.6753411783852193e-05	background
RCBTB1	-0.1293472610271805	3.6753411783852193e-05	background
KLHL17	-0.2048847433548747	3.6753411783852193e-05	background
RAB13	6.924878085582379	3.672575109219078e-05	CAP_up
F8	2.214142597316329	3.671169915947815e-05	CAP_up
ATG10	0.8826741147585234	3.6710784916359406e-05	background
RALY	1.6892584993123467	3.6705204807671814e-05	CAP_up
MBNL1	-0.104297938372759	3.668097524730719e-05	background
PSMC2	0.2081379748145684	3.665743178818791e-05	background
DKC1	-0.4072751009708111	3.665672968135244e-05	background
ACAD11	-5.987862917116495	3.663124777597033e-05	CAP_down
PHOSPHO2	-7.921039808189903	3.661123802951212e-05	CAP_down
CLCN5	-0.051581999164964	3.6608607900451364e-05	background
NOLC1	-0.668661087579906	3.660650538383525e-05	background
LTBP3	-6.948059714544952	3.659631300238878e-05	CAP_down
CCNB1IP1	-2.116997226457814	3.659161898381698e-05	CAP_down
TRIM65	-1.7570329061995769	3.6567928241879524e-05	CAP_down
TPRKB	-0.2847494749125657	3.655168337194408e-05	background
RNH1	0.0031375103888776	3.652015467598381e-05	background
IMPA2	7.416973327445947	3.651943909235861e-05	CAP_up
SSBP3	-1.832062205401956	3.650616683903561e-05	CAP_down
MT1E	0.8446246023525479	3.649934457319226e-05	background
SLC25A3	0.127738783593516	3.647094987791959e-05	background
SLC25A46	-0.059330684270367	3.646089587872883e-05	background
DHX33	-0.0924676038927896	3.645756503612226e-05	background
ACTR6	-0.3437595429990354	3.64482078507333e-05	background
CEP83	-1.776966808304859	3.64396750615375e-05	CAP_down
MYH10	0.0224731836628448	3.642711933314684e-05	background
SYTL1	0.0113437186715934	3.640051329845439e-05	background
EIF4E2	0.5698897286670606	3.638661685547366e-05	background
RCBTB2	3.26125712481224	3.630978500039434e-05	CAP_up
DMWD	-0.5242530007067162	3.626564086530245e-05	background
HAUS4	10.435239036563429	3.62376329132916e-05	CAP_up
FGD4	7.547632610991449	3.623403803691214e-05	CAP_up
HAUS2	0.0528967245838621	3.620798805313712e-05	background
APOBEC3A	11.870890433663709	3.6207669283635695e-05	CAP_up
HBM	4.489497487475384	3.6202136242250985e-05	CAP_up
GAS1	-4.065553482501464	3.6195222361811433e-05	CAP_down
CDK18	-2.1168965379196725	3.618880993976474e-05	CAP_down
RSAD2	3.983212448485879	3.618795168945692e-05	CAP_up
ATP5F1A	-0.0085070270081021	3.618048394980185e-05	background
ATP5PD	0.4335907392355716	3.617834450034843e-05	background
HFE	-0.9279485798772802	3.617504746484349e-05	background
BIN3	2.535891162667777	3.6152579835476375e-05	CAP_up
ACBD6	-0.8114168137310859	3.612680359486284e-05	background
RENBP	2.798056074145324	3.6110574608655204e-05	CAP_up
IMMP1L	-4.286799180442324	3.60863227232825e-05	CAP_down
ATG4A	0.2247312648498245	3.605043090896053e-05	background
RAB40C	0.401649490775261	3.604741089808601e-05	background
EPN2	-1.8181411257427105	3.602309666321878e-05	CAP_down
SH3BP4	-2.589753421904076	3.600113106098067e-05	CAP_down
RHOF	-1.2171404295064423	3.5982055519118764e-05	CAP_down
DNAAF5	-2.1059638888212597	3.597553830505928e-05	CAP_down
CIC	0.3577962730938298	3.596900268472215e-05	background
STAM	0.0263448814870234	3.5956731674840255e-05	background
KCMF1	3.196835514587574	3.594345368169626e-05	CAP_up
SELENOF	1.4142287872748258	3.59370744233408e-05	CAP_up
NIPA2	2.5887004624429104	3.593031977179035e-05	CAP_up
GTF2A1	0.4014859558393606	3.59167689734938e-05	background
PRPF40A	0.9540873337428072	3.586965565529361e-05	background
SLC41A3	-2.2216044653718114	3.586908073464894e-05	CAP_down
WDR41	1.6039025869805088	3.5862615675981446e-05	CAP_up
PLEKHA2	0.2998087451758559	3.583886022054529e-05	background
GMPPA	0.0707799938709078	3.582247610221385e-05	background
PFAS	-2.4087978182289844	3.5780452760973745e-05	CAP_down
FUBP1	-1.9024730228677116	3.5769074061653135e-05	CAP_down
SLC35B4	-0.8733533236588162	3.57682401650084e-05	background
FAAP20	-0.1685336864854164	3.576543525742989e-05	background
C4BPA	4.967408930274198	3.574779088432416e-05	CAP_up
FEM1B	1.6402789918442875	3.574181914136724e-05	CAP_up
SP110	1.820222523654732	3.5734575319832566e-05	CAP_up
SLC38A9	-0.5493364504805494	3.5730836311965154e-05	background
UNC13D	6.497171750003711	3.5688941157638946e-05	CAP_up
C7ORF25	0.1569673368675279	3.568371412191649e-05	background
DHDDS	0.3008306874892514	3.5680097415926004e-05	background
AKIRIN2	9.353883806305555	3.567609862784343e-05	CAP_up
DCUN1D3	2.2787212683554583	3.565471096693988e-05	CAP_up
LAGE3	-0.2648475112594803	3.562048390059585e-05	background
FGFBP2	-7.601708594641221	3.561784853994528e-05	CAP_down
TBCE	-0.2380175889539076	3.559557085091576e-05	background
PORCN	-1.3957483778476576	3.55944589615009e-05	CAP_down
RABEP1	-0.6542657883036761	3.5549984909590396e-05	background
TBCCD1	-2.705916543172673	3.5548512834045174e-05	CAP_down
MEA1	0.3521621176657272	3.553796012592862e-05	background
FBXL5	11.20628002594801	3.553351318274048e-05	CAP_up
ATE1	0.3510549946806456	3.552477309114399e-05	background
PHETA1	-0.9828019256020472	3.551555560859852e-05	background
PPCS	0.6329508246067328	3.542838223318396e-05	background
DCUN1D5	-0.7167850624167154	3.5417354074844344e-05	background
TECPR1	0.0734721872854296	3.53985980734197e-05	background
SEMA4A	15.801971168933312	3.537086872230216e-05	CAP_up
GAPVD1	0.8010779471426595	3.5370254906833e-05	background
TMIGD2	-10.496555331422902	3.536411222654111e-05	CAP_down
IFITM3	23.77217038720229	3.536150705253147e-05	CAP_up
MFHAS1	-2.219899224178985	3.534218258045827e-05	CAP_down
KLHDC3	-0.0513494719527853	3.528836380370336e-05	background
WIPI1	7.794159575223325	3.528808886882615e-05	CAP_up
HLA-DQA2	-1.9997385885259156	3.5282961835612565e-05	CAP_down
DCUN1D4	-4.775923548490546	3.527680828026476e-05	CAP_down
B4GALT4	1.3053366966708784	3.525344479244384e-05	CAP_up
GRIPAP1	2.86788453820828	3.524491531317424e-05	CAP_up
EDRF1	-0.8995966832691861	3.524314041282029e-05	background
STRAP	0.3182931935104387	3.522696193713791e-05	background
DECR2	-0.376363057343497	3.5224107055846684e-05	background
WAC	2.384912340024929	3.5211880853534426e-05	CAP_up
CNNM2	-1.6173521883533022	3.5206656151477324e-05	CAP_down
ISG20	0.3652042582874571	3.518279054826134e-05	background
SCP2	-0.0052413641406696	3.513546914071919e-05	background
GUCA1B	0.0163358598520832	3.512436968427233e-05	background
ACTR1B	-1.665998458469656	3.5123612390580366e-05	CAP_down
YARS2	-1.1317855804522037	3.5119052369828004e-05	CAP_down
CAPZA1	7.086444477923393	3.5100206272143584e-05	CAP_up
KCTD11	0.197356278803779	3.509954120495125e-05	background
TMUB2	6.510429562090001	3.508224154305739e-05	CAP_up
CFAP410	-7.542063939329548	3.506463136688026e-05	CAP_down
COLGALT1	4.116200353591236	3.505655582574996e-05	CAP_up
GLRX3	0.280819542404742	3.5046008779065057e-05	background
MCCC2	-3.725485354491926	3.501132638543545e-05	CAP_down
PLSCR1	13.541693962043976	3.498494426506604e-05	CAP_up
TAF1B	-0.7645039286552052	3.496690337630531e-05	background
DCLRE1A	-0.0300930107626718	3.494640758835795e-05	background
ATG2B	-0.0127900853904133	3.494458722546235e-05	background
BTBD9	0.0734201287342212	3.4944509920196816e-05	background
PHETA2	0.3229557255228681	3.4929155164544046e-05	background
GTF2F1	0.1076851694754004	3.489563327382219e-05	background
PPM1G	-0.0080379848914835	3.487299065892721e-05	background
SGSM3	-0.4171013603437658	3.4866438120298444e-05	background
GSDMB	-1.4195899445582267	3.484883527613827e-05	CAP_down
PRMT7	-4.316307976971091	3.4842053919492145e-05	CAP_down
UTRN	-0.8912685311240258	3.48335698052979e-05	background
WDR11	-2.2656201072116366	3.482512798208649e-05	CAP_down
IFIT3	5.293163287343025	3.479097125238666e-05	CAP_up
PEX5	-0.178093606911987	3.47839797324043e-05	background
ETHE1	2.009158426783304	3.475779419817575e-05	CAP_up
TSC22D4	3.7520338763153567	3.474035395093503e-05	CAP_up
TOR1AIP2	10.190681332858675	3.4725003312279816e-05	CAP_up
TAPBP	3.23220322277291	3.4702180103946745e-05	CAP_up
SPART	1.3115902732010885	3.469075979337398e-05	CAP_up
GLMN	-3.5525288741332526	3.466666227361952e-05	CAP_down
HLA-DOA	-6.78118215465654	3.464242666154278e-05	CAP_down
LMO4	1.490768855516585	3.462831896777097e-05	CAP_up
FAM20C	4.388602109660445	3.462551007394669e-05	CAP_up
GBP1	3.2878821455631284	3.462507033064997e-05	CAP_up
CUL4B	0.4849526251891309	3.4613572274543416e-05	background
GPD1L	-2.9692041813052543	3.458454808672619e-05	CAP_down
MINDY3	0.3067057063519884	3.458259890242816e-05	background
TMEM109	-1.6145999359329903	3.455966367930014e-05	CAP_down
CD320	-0.2647692643274998	3.453189427676483e-05	background
SYNE1	0.9860385106443196	3.4529900782725463e-05	background
PTDSS1	-0.1271467812956723	3.4525053202597214e-05	background
LPCAT3	4.10868571099253	3.4506774557664905e-05	CAP_up
RALGAPA1	-3.613337794846335	3.449093136016486e-05	CAP_down
SMPDL3A	4.405945677154341	3.4485928391805306e-05	CAP_up
MPEG1	-0.973012388385258	3.4485928391805306e-05	background
UBE2F	1.9691084324557275	3.448098002923255e-05	CAP_up
TPBG	-2.370883263267455	3.447396282169591e-05	CAP_down
ENKUR	-1.1827932898776836	3.446736417642923e-05	CAP_down
GIMAP4	0.0017758004290317	3.445737793280776e-05	background
RUFY3	-3.258793523353108	3.4442917843744835e-05	CAP_down
SLC39A6	-0.2839019420557944	3.4434476563950685e-05	background
CAPN3	0.779054419592166	3.443017228468473e-05	background
RAVER1	0.2401066119527345	3.440036804028841e-05	background
SNAPC4	-0.0095509361937541	3.4391668135685846e-05	background
MPP7	4.853156765162038	3.439140137524424e-05	CAP_up
KCTD6	-0.1371156062816615	3.438835555435298e-05	background
RASSF3	1.357175967152468	3.4376269518200134e-05	CAP_up
YIPF1	7.158866351831473	3.4366207873686224e-05	CAP_up
SLC4A2	0.058540588699044	3.4335318379429383e-05	background
TIMM44	-0.5215683700374709	3.42812158388751e-05	background
SSBP2	-4.133005559675369	3.427537998812489e-05	CAP_down
CILP	-1.6581044939444116	3.427342442277378e-05	CAP_down
RNF25	0.1110946527333409	3.4254992347424016e-05	background
CMBL	0.2694333521848844	3.423395657419889e-05	background
ST3GAL1	-0.4469991018460061	3.422574905166529e-05	background
ENHO	-17.166863743644534	3.420987594095198e-05	CAP_down
SLC39A10	-5.515550453647147	3.419498468352338e-05	CAP_down
LPCAT4	-0.0005745577378985	3.4184773124625236e-05	background
ST3GAL2	4.947289210592969	3.417184010930118e-05	CAP_up
C11ORF21	-0.3500319291158306	3.413424545985815e-05	background
ACSM3	-2.753834281085213	3.4132148718304095e-05	CAP_down
MKLN1	0.1548946415782917	3.4124874837022e-05	background
LPGAT1	4.938572632951661	3.411867318982973e-05	CAP_up
BCKDK	4.395662199862782	3.411511683098345e-05	CAP_up
STAM2	1.383335370069703	3.408722659952172e-05	CAP_up
NIPSNAP2	0.0338785437402755	3.4086534413640916e-05	background
RIPOR1	0.049720878775693	3.4082899001125316e-05	background
TMEM18	-3.78113707390615	3.403964318665367e-05	CAP_down
SNTB2	0.3640419096253972	3.4028912637663094e-05	background
ST20-MTHFS	1.2800550966185262	3.401137979617694e-05	CAP_up
GTF2F2	0.9511666262680905	3.39867098917063e-05	background
SETX	0.2777507361967923	3.398283867966985e-05	background
VAMP7	1.8463610283792	3.397924140382714e-05	CAP_up
CLDN15	-0.0091014336512644	3.3970908420007046e-05	background
SPIN3	-7.538749932798392	3.3962558060747344e-05	CAP_down
IFT57	-1.3664099735618394	3.39472886290102e-05	CAP_down
SLC30A9	0.3463205589390078	3.394240992078809e-05	background
SELENOI	-0.8251399873618563	3.392753833600705e-05	background
PLD3	0.0223319012588939	3.3926892350115106e-05	background
OR52K2	1.451599653791667	3.3922468817512296e-05	CAP_up
PTBP3	1.2898555575818202	3.391690198289172e-05	CAP_up
DGCR8	-1.3979099903094088	3.390688950494289e-05	CAP_down
HEXIM2	-0.4185819582349689	3.388810460159532e-05	background
DENND2D	-4.159556290428161	3.38738385609495e-05	CAP_down
MOAP1	-0.5255486212137905	3.386793728959589e-05	background
GTF2E1	0.4630809356546684	3.3861681516246194e-05	background
HIBCH	-0.0804982855433697	3.3850378833917e-05	background
CCDC13	1.366595938140916	3.3848034843289514e-05	CAP_up
ZER1	0.6880388996590869	3.3847181183527914e-05	background
RNF212	-10.392427646988668	3.3825864443974175e-05	CAP_down
KANSL1L	2.3207466427594703	3.381215779395247e-05	CAP_up
AK6	-0.2898058329776549	3.380952639322074e-05	background
ZYG11B	1.212203063203823	3.380520563572755e-05	CAP_up
TCEAL1	-1.6810181238778823	3.377911914596266e-05	CAP_down
PKNOX1	0.4246071055604034	3.3762359258999414e-05	background
TAP2	0.2181561408416635	3.3761224318052954e-05	background
RSPH3	0.5623184201816499	3.375818924773786e-05	background
DYNLRB1	0.9854135878586474	3.373495379547976e-05	background
LDLRAP1	-4.992348255395848	3.372638593437873e-05	CAP_down
CTPS1	-0.6241543304656494	3.3720096956134326e-05	background
NIPA1	-2.235944499213772	3.3717214307775386e-05	CAP_down
UQCRC2	0.0866239313119131	3.3668975659489394e-05	background
TEX10	-3.0601355885752395	3.364357832073517e-05	CAP_down
TMED1	1.6843693210628172	3.3641524107127474e-05	CAP_up
VPS9D1	11.773073719376796	3.36145726972975e-05	CAP_up
NEMF	-0.0128732444434772	3.3567505557473386e-05	background
MS4A4A	8.285679891485927	3.352731282270897e-05	CAP_up
GPAT4	0.2248253228519305	3.352221594620947e-05	background
CASD1	-7.572580734410604	3.351334901758737e-05	CAP_down
DNAJC14	1.4600795664469697	3.343695681858645e-05	CAP_up
KLHDC10	0.050775712754733	3.34342545429404e-05	background
ARMCX3	0.6601426339388471	3.342863306834372e-05	background
DCUN1D2	-0.0920120709113714	3.34165385506871e-05	background
DNAJC15	-0.1248509385274107	3.3413957334305545e-05	background
RBM4	-1.6478981188684811	3.338939365633032e-05	CAP_down
SLC39A13	-0.0362208037843858	3.338188149591797e-05	background
WDR7	-0.1218873432856524	3.335465902135761e-05	background
CNOT7	-0.4917381302905318	3.3343231228891803e-05	background
ARL15	1.029345096300006	3.334170877522771e-05	CAP_up
HLA-DMB	-2.960616179862334	3.332472159374294e-05	CAP_down
SNAP29	1.4279936099644452	3.3308445932057495e-05	CAP_up
RASSF4	-0.797480733265726	3.330596100594981e-05	background
NUP85	-0.650337302460132	3.330210622581668e-05	background
C1GALT1C1	7.235912863389531	3.325450048476883e-05	CAP_up
SLC39A8	1.8201059019316363	3.321805036399465e-05	CAP_up
KEL	3.2862266717698194	3.321338582383791e-05	CAP_up
HLA-DOB	-1.572402780876778	3.320036416965884e-05	CAP_down
DDX19A	-1.7731944583104098	3.319483713599101e-05	CAP_down
DEAF1	-0.1880331357205989	3.3184058263425686e-05	background
PUM2	0.0083072895054877	3.3175314388345496e-05	background
CDK12	0.0506809183904851	3.315959274522421e-05	background
ZNF335	-0.0021419295476452	3.315861752800264e-05	background
REEP5	1.4800887086279098	3.315848679106154e-05	CAP_up
ATP5F1D	-0.2572113019019246	3.3141522610276696e-05	background
SCAF11	0.321434434185457	3.309715591908581e-05	background
HLA-DPB1	-5.443915828803828	3.3088322824854555e-05	CAP_down
GAMT	-2.522336993866646	3.308047312642396e-05	CAP_down
CD101	-0.1974255499017153	3.307965771818106e-05	background
TSPAN31	-0.2730488020374607	3.307965771818106e-05	background
HEMK1	-2.6037360779045784	3.307201859528258e-05	CAP_down
TIAM2	0.5355110245708674	3.3061187608738644e-05	background
TMEM131	0.5771812926204213	3.305492564509293e-05	background
FBLN5	-7.739792767996812	3.3007293606762124e-05	CAP_down
NAA15	-0.990651284484374	3.3004562526228436e-05	background
ERCC6L2	-0.1302153986889364	3.299372045169223e-05	background
CNNM3	-3.0921364934319406	3.297914002791937e-05	CAP_down
MX2	3.593150331866788	3.2952975964479764e-05	CAP_up
FRYL	-0.055058580041567	3.293339845431775e-05	background
TUBG2	-1.1385141882474952	3.292505035395235e-05	CAP_down
LZTS3	-3.954261035141786	3.290840907586021e-05	CAP_down
ZNF45	-0.3538583947785664	3.290085110957125e-05	background
PBX2	1.3323040846225518	3.2897645463620405e-05	CAP_up
SGSM2	-0.8279331227653495	3.287666858709305e-05	background
RSPH4A	-0.4029769664232582	3.287192182788691e-05	background
IFIT2	4.975982928747751	3.2867537679747875e-05	CAP_up
CIDEB	4.727966209549434	3.281768154976828e-05	CAP_up
ARF5	1.3492273023232828	3.2805561640180606e-05	CAP_up
TNRC6B	-0.5319955393919622	3.2802853743373484e-05	background
TBC1D10C	-1.1455181458876198	3.278838227040745e-05	CAP_down
BMP1	-1.2961712168261066	3.2787527688202734e-05	CAP_down
ERCC8	-2.6428078004228825	3.277487605303461e-05	CAP_down
SGSM1	-6.668709708841211	3.275773351005293e-05	CAP_down
FEM1C	4.209070133745975	3.2734526611371015e-05	CAP_up
PODXL2	-3.589509305437499	3.2709046508028394e-05	CAP_down
RPGR	0.0272517563972331	3.270546441637366e-05	background
B4GALT1	1.474675013437596	3.2686702124379096e-05	CAP_up
GIMAP6	-1.2964442651335408	3.267843595588579e-05	CAP_down
CAPRIN1	-0.6171421933547392	3.265576934425004e-05	background
RILP	1.823047471919811	3.2653370683478914e-05	CAP_up
EPN1	2.0088160203564005	3.264637479579251e-05	CAP_up
TIAL1	-0.0302157710464635	3.264281712462885e-05	background
FIGNL1	-2.4072634385635383	3.2626527506421284e-05	CAP_down
ISL2	5.607523368623057	3.262622249866466e-05	CAP_up
PDSS2	-0.1421700282144649	3.261905747185633e-05	background
YARS1	-0.0487702021350374	3.261265746226004e-05	background
SGTB	1.1025045960110194	3.2608897588248746e-05	CAP_up
PJVK	-7.075470999564817	3.2607931841095295e-05	CAP_down
ATG16L2	3.945208798018249	3.25818166576244e-05	CAP_up
CAPZA2	7.890001874781009	3.257992401872837e-05	CAP_up
EPS15L1	0.3599225295249695	3.2478241074673275e-05	background
DGCR2	2.1845611484160177	3.2475654381417275e-05	CAP_up
XYLT2	-0.3831831307434966	3.2472281371366605e-05	background
PPM1K	-2.248266932281675	3.245228339566161e-05	CAP_down
PECR	3.9630921677666553	3.2436269692959235e-05	CAP_up
NANS	4.583027229888302	3.241393324584929e-05	CAP_up
DCTN4	3.682240274264127	3.2410901210534336e-05	CAP_up
TPM1	1.0521316961729672	3.241041198294826e-05	CAP_up
PPIE	-2.476918532758813	3.2397580039867315e-05	CAP_down
STAU1	2.4793893225701824	3.239729493627478e-05	CAP_up
CAPN5	-8.622490464492564	3.23461578582569e-05	CAP_down
CAPN15	0.7125193762714137	3.23461578582569e-05	background
CAPN11	0.3937339497678717	3.23461578582569e-05	background
CTNNBL1	-0.0279708300653953	3.232851546674977e-05	background
TBL2	0.2048576808063068	3.2324444544288836e-05	background
ETNK1	0.0926618133210713	3.23037135875478e-05	background
SMAP1	0.0357066027440384	3.229605777876588e-05	background
SGSH	1.0657982069548504	3.2285107076477825e-05	CAP_up
SZRD1	0.6530357566740155	3.227372905797203e-05	background
SUPT6H	0.070039357474706	3.22729601948645e-05	background
TWNK	-1.7138756325272757	3.2217175883169296e-05	CAP_down
TMEM237	-4.463968462641415	3.220939314213826e-05	CAP_down
CAPZB	2.00123826392317	3.219497763063381e-05	CAP_up
PLD4	-15.45890736126248	3.218229303071911e-05	CAP_down
RBM14	-1.3830457631978104	3.2175324626397035e-05	CAP_down
TOR1B	5.766257886359695	3.214568245960566e-05	CAP_up
MPP1	2.986629699044443	3.212471900895765e-05	CAP_up
BBS1	-0.1743633790575181	3.211918510344836e-05	background
SPIDR	0.0007557024870828	3.2111380988313155e-05	background
TUFT1	5.176653112737537	3.2105398849675176e-05	CAP_up
HBG1	2.4749290119855583	3.210536897035489e-05	CAP_up
DNAJC19	-3.1797488399649283	3.2088616680754105e-05	CAP_down
SLF2	-0.1907593663263257	3.208719722826202e-05	background
SLC39A1	0.6751910588194976	3.208318324575171e-05	background
SUPT5H	0.00129614051876	3.20808127227024e-05	background
UBE2Z	0.0840588672362831	3.207663345882742e-05	background
RHBDF2	5.193676134975771	3.207380872671823e-05	CAP_up
GET1	0.0095824166683693	3.206546836907281e-05	background
B4GALT2	0.4991033002841517	3.205313703960881e-05	background
PCID2	-2.151551158796265	3.203159176685449e-05	CAP_down
HAUS7	-3.907882950979114	3.2028951091972356e-05	CAP_down
CCDC32	-0.046559138201038	3.202415042492252e-05	background
KIF1C	1.37248176046966	3.2021074836716235e-05	CAP_up
CTPS2	-2.348987085490445	3.2021014122191e-05	CAP_down
CACNG8	-5.730665167856984	3.201814772719363e-05	CAP_down
FOLR2	-3.148924335790148	3.2012444247844875e-05	CAP_down
MGME1	1.9097555803483257	3.2009972985350206e-05	CAP_up
PDSS1	1.5670195620383705	3.199194272218486e-05	CAP_up
FAM149B1	0.376870750956954	3.1975888306782384e-05	background
CMC2	-0.0041221609769789	3.1929421245091955e-05	background
EID2	-0.3118755784271125	3.18748991127051e-05	background
KTI12	-0.0018920341350371	3.1855969653517384e-05	background
DENND2B	-0.6091283381846649	3.1844175372333424e-05	background
SLC39A14	-0.1109653645190961	3.184260843465335e-05	background
GMFG	5.925331097842948	3.184101162067294e-05	CAP_up
EPG5	1.654609687821586	3.183627943317698e-05	CAP_up
FXN	-5.674970212394191	3.182988891704894e-05	CAP_down
BRWD3	0.4680242512235696	3.182835954911158e-05	background
ABCD3	-0.0592103200228006	3.178426246215106e-05	background
DAZAP1	-0.7845231610782162	3.177261262843675e-05	background
CLPP	0.0160224177303643	3.1766537119178555e-05	background
MYO9A	-4.143004962063069	3.171172194545779e-05	CAP_down
MT2A	1.0452638262056493	3.1689563825752635e-05	CAP_up
IGF2BP2	0.2615341706923711	3.1677841121137505e-05	background
HMGN5	0.1455352437163375	3.1673381143712254e-05	background
IFIT5	2.0521130523820807	3.16726967020237e-05	CAP_up
DELE1	-1.091848235587976	3.165612474265599e-05	CAP_down
ANKRD17	0.0035253238568763	3.164787858407214e-05	background
LRATD2	-7.322943871791251	3.1608623492934324e-05	CAP_down
ARSD	2.1470681150357342	3.1587502945579424e-05	CAP_up
CCDC127	-1.3140025434660445	3.1568614815384916e-05	CAP_down
CNOT8	2.4432021010639766	3.15538460880631e-05	CAP_up
TBC1D15	0.6425832358180724	3.153896132197762e-05	background
GNPAT	0.3709268742184824	3.15351216582489e-05	background
TMEM11	7.04990568167768	3.152138089717435e-05	CAP_up
EEF1AKMT1	-0.2779612409861718	3.1519474460673686e-05	background
PSME2	0.1039030662485629	3.1518849504798305e-05	background
GNPTG	-0.269919418413732	3.1479170634337173e-05	background
CLCN2	-0.3828613920516085	3.147584003650583e-05	background
CDAN1	-1.2912184278087555	3.146898436750546e-05	CAP_down
AACS	-0.7921903860148237	3.1464300586794505e-05	background
GALNT2	3.5318224291711267	3.1443827223441924e-05	CAP_up
CSPP1	-1.5218964727889217	3.143548215332229e-05	CAP_down
AGPAT2	9.062516263529844	3.1424451923087815e-05	CAP_up
RPS3	-2.5627503904009115	3.14221281255559e-05	CAP_down
CCNK	1.0904077239671794	3.138587787618761e-05	CAP_up
PHF3	0.0875970156962868	3.137025256379484e-05	background
STAMBPL1	-2.517902625916697	3.135024307495001e-05	CAP_down
ARL13B	-0.2917435174414829	3.134317745280381e-05	background
MCM3AP	-0.2859303025034375	3.1283303487729825e-05	background
TXNDC16	-0.7875485013482588	3.128088052748184e-05	background
MTX1	11.55811248102275	3.12646787450318e-05	CAP_up
TBC1D10A	-4.613240465731839	3.1261528603989544e-05	CAP_down
PHIP	1.76133338024257	3.124428658583536e-05	CAP_up
MED23	-0.0246709672155619	3.1239835954943164e-05	background
MEX3C	-0.8073730579348816	3.118572221650931e-05	background
ARF4	6.401095070453384	3.115094654279195e-05	CAP_up
TRIM39	0.7218652127846802	3.109464344290534e-05	background
ARL11	7.12296717330104	3.108695756003164e-05	CAP_up
GZMM	-7.843899938330855	3.1070494979167265e-05	CAP_down
EXOC8	1.3881963156221653	3.10566545004825e-05	CAP_up
CNNM4	-0.0950657763721611	3.105251848918588e-05	background
PI16	-7.12038978444662	3.105113438939799e-05	CAP_down
CRISPLD2	16.176753708851148	3.105113438939799e-05	CAP_up
CLEC18B	3.0311462332057717	3.105113438939799e-05	CAP_up
CLEC18C	3.0311462332057717	3.105113438939799e-05	CAP_up
ORAI3	3.38170027156279	3.100533475539224e-05	CAP_up
RAB10	6.223696158535258	3.098668658477281e-05	CAP_up
TMOD1	0.2291132323447789	3.0982810233610506e-05	background
WDR35	-1.6835261934365138	3.0982727244568124e-05	CAP_down
FAM184A	-3.252294872748205	3.095934699217927e-05	CAP_down
ECHS1	-0.2187022857807955	3.0930532394332786e-05	background
CCDC146	-0.0233160556690992	3.0913864156437475e-05	background
C1GALT1	0.7553141883657992	3.089896209337151e-05	background
SLC25A16	-0.538200999632173	3.0895799624580696e-05	background
RTN1	-4.219993419671802	3.088486129212463e-05	CAP_down
BAIAP3	0.5582982563076379	3.087632233066134e-05	background
UBE2Q2	-2.122726887682651	3.086899186325054e-05	CAP_down
LNX2	-0.3872486807235223	3.0867916004793136e-05	background
RAB3IP	-1.7353601207459426	3.085944036942751e-05	CAP_down
PRRC2A	1.2980160705336177	3.0852016088635106e-05	CAP_up
TMPRSS3	-0.452176793918304	3.0834677492465e-05	background
ANKRD28	0.4313256284221082	3.081930301643524e-05	background
LMBRD1	0.1819145395717729	3.081924330530952e-05	background
BMERB1	-1.2486183145763454	3.0775251242007636e-05	CAP_down
ZMYND19	-2.056197792924001	3.075425088170571e-05	CAP_down
CACNB1	-4.753571060809332	3.075316162295302e-05	CAP_down
STK38	0.1060047204444992	3.074817949152667e-05	background
APOBEC3C	-0.0374886254663027	3.07391892892009e-05	background
GPAT3	13.158049349239658	3.073237963126745e-05	CAP_up
ETV5	0.3956031694754046	3.072042380496115e-05	background
CACNA2D2	-9.255748802385478	3.0718725806622255e-05	CAP_down
FKBP14	-0.8378480765079579	3.070826017590885e-05	background
MYDGF	0.334000497719071	3.070826017590885e-05	background
TATDN2	-0.3030137820631102	3.070826017590885e-05	background
PAFAH1B3	-0.099782195348692	3.0695482744497734e-05	background
GCDH	-0.8419625117838108	3.0686849303164814e-05	background
YIPF6	-0.957544430612199	3.064532427491174e-05	background
APOBEC3H	0.0654764974861754	3.0642749019603e-05	background
UBQLN4	-1.5661512250009282	3.063728060128827e-05	CAP_down
PANX2	9.214238554369134	3.06266941250705e-05	CAP_up
MTCH2	-0.0303010497091035	3.0611268185024815e-05	background
TWF2	4.406441498015865	3.057247108110286e-05	CAP_up
DGCR6L	-1.7592942665683506	3.057101061961608e-05	CAP_down
TXLNA	-0.1244889157840454	3.056419045322064e-05	background
RAB35	2.3446440265704305	3.0559160181341596e-05	CAP_up
AGPS	0.8749830511463692	3.055295236608963e-05	background
DDX19B	-1.308246864076282	3.0551116560679294e-05	CAP_down
UBP1	-0.4791384617211379	3.0517576937413448e-05	background
BBS10	-0.0991566659752997	3.0509732540866845e-05	background
EIF4B	-1.486447784443969	3.0505545262422748e-05	CAP_down
NPHP3	-0.6263524173037499	3.050296652667137e-05	background
EIF2B1	-0.3980369865619351	3.0391644042429614e-05	background
TMEM59	4.660154727634377	3.0364260106682777e-05	CAP_up
BLVRB	-0.3418245304048891	3.0364151963189075e-05	background
LRSAM1	2.0397743349552204	3.0352540852941053e-05	CAP_up
RBM23	1.9476855293710469	3.0347545967841164e-05	CAP_up
CROT	-5.290234068320967	3.0344471889293045e-05	CAP_down
SAMD1	-0.0174940180999732	3.03342993737361e-05	background
THNSL2	0.531629890067175	3.0330635967151882e-05	background
TOMM20L	-0.3844922393903779	3.0330009700081422e-05	background
RPGRIP1	-1.097568248831776	3.0325242954787604e-05	CAP_down
CADM4	3.211723424665584	3.028462920465646e-05	CAP_up
DOHH	-0.1685003555766375	3.027592948582765e-05	background
THNSL1	-5.471977876262754	3.0267482610013178e-05	CAP_down
PISD	4.923383721584024	3.024771151535715e-05	CAP_up
KCNG1	-10.521086324564855	3.0239465373403492e-05	CAP_down
NDUFV1	-0.5865029895916919	3.0211967542822986e-05	background
STAC3	1.0152971958853614	3.0183354156675925e-05	CAP_up
NUP210	-1.6044883502042016	3.017625987515314e-05	CAP_down
OAS2	0.498826576988446	3.017160892422452e-05	background
HADH	-3.280481836072923	3.0165098395554735e-05	CAP_down
NDUFS1	0.1392063530124608	3.0158588996742094e-05	background
NDUFS4	-0.0805044556106564	3.014751281237383e-05	background
IFI30	2.887983102287207	3.014684599324084e-05	CAP_up
B3GALT4	2.2794161404460525	3.0135964290579893e-05	CAP_up
SEC62	2.516131175167664	3.0096580616905308e-05	CAP_up
TBC1D31	-3.427135387996562	3.0083362567269085e-05	CAP_down
C1S	-0.4331427975488606	3.0078351275630717e-05	background
PCBP2	-0.0537212766192665	3.0068932349452743e-05	background
SCLT1	0.5816657275557354	3.0041908717020867e-05	background
RTN2	8.049978872507218	3.0041340596502657e-05	CAP_up
ACADSB	-4.987712696846653	3.001190322970247e-05	CAP_down
MTMR12	0.1620551072735288	2.9995242434715366e-05	background
DTNB	0.033068984224315	2.9981092128696744e-05	background
TAPBPL	-0.0084314622685463	2.9975109550969777e-05	background
EXOC2	-1.5773674423052082	2.997492487912736e-05	CAP_down
FAHD2B	-4.6254289630321015	2.9947748999945192e-05	CAP_down
GORAB	-1.5160347687142175	2.9921129709108323e-05	CAP_down
CRTAP	-1.425767985441868	2.9919460097567802e-05	CAP_down
FAHD1	-0.120750847180239	2.9917319116614073e-05	background
IFI44	3.240101926257732	2.991353370329101e-05	CAP_up
TRIT1	-3.6508319179455073	2.9908079115583773e-05	CAP_down
AP2M1	0.1805776339987775	2.990082711779652e-05	background
INTU	2.018306295682039	2.9893050653304532e-05	CAP_up
RASSF6	-5.083451950374878	2.9875977578456378e-05	CAP_down
CMTR2	-2.26669265298478	2.9874937478129023e-05	CAP_down
APOBEC3B	2.858972663472244	2.98450307194981e-05	CAP_up
DCAF11	1.702133987984683	2.9834694633965158e-05	CAP_up
OAS1	2.987870249747692	2.9824034420136372e-05	CAP_up
WNK1	0.5267105184843333	2.978324380283858e-05	background
ADPRM	-2.7275501780727875	2.9781074642482087e-05	CAP_down
CD74	-2.4595572352419968	2.9761269256111566e-05	CAP_down
IPO11	4.123093527197428	2.9750078009657875e-05	CAP_up
CACNG6	-18.17580797511696	2.9747260307772037e-05	CAP_down
EXOC5	0.0434925333925443	2.9728591192053663e-05	background
INPP5K	0.4514689840205923	2.9720028094992455e-05	background
NAP1L5	-0.266421641637669	2.9696391009582583e-05	background
HGSNAT	-0.4436908024833387	2.969306078557615e-05	background
GIMAP7	-1.0015809206231976	2.9677442272298724e-05	CAP_down
AFF3	-5.479273348317366	2.9674392806478375e-05	CAP_down
OPN3	-5.392341038441675	2.966172886207951e-05	CAP_down
MOB1B	-0.0476502221770048	2.965974779682201e-05	background
RAB18	1.6921217311694812	2.9659447648615802e-05	CAP_up
EDC4	-0.0217870273134532	2.9655614300231668e-05	background
GATB	-0.5624951511448387	2.9640288873728182e-05	background
RNF34	1.29706188554899	2.962801778083155e-05	CAP_up
OXCT2	3.3322024826522205	2.961322893592317e-05	CAP_up
IRF6	-0.5848359529490073	2.960392740137385e-05	background
CACNB3	-0.7250880711653569	2.960390986797004e-05	background
EEF2	-0.9050101882668016	2.9550521489155942e-05	background
TCEAL4	-0.6018590293652079	2.9548777401393875e-05	background
GPR89B	-3.592295158924432	2.9541845771806906e-05	CAP_down
UROS	-3.00292712830084	2.9541734003162196e-05	CAP_down
OXCT1	-1.8104817985559187	2.9540636688902384e-05	CAP_down
UBA5	-1.040320862595595	2.9515299055600827e-05	CAP_down
ACBD3	0.2521802075848897	2.9511933411362433e-05	background
MCUB	-2.183032416019126	2.949848820469884e-05	CAP_down
LARP4	-0.160867992142873	2.9489454483238328e-05	background
WBP11	-0.7422513076902314	2.9451116354744002e-05	background
SELENOH	-0.2404869065633832	2.943837325931786e-05	background
COL5A1	-12.468306793158714	2.9328625588005594e-05	CAP_down
EHD2	0.0981912678799598	2.9303792525708946e-05	background
NUP133	-1.2020884291025178	2.930056506752047e-05	CAP_down
LMAN1	-0.1079133549042211	2.928530997001893e-05	background
ANXA7	0.880595627641358	2.9274847410703855e-05	background
PNPO	-0.416751014860153	2.9246688014607096e-05	background
HNRNPDL	-1.7854748553336526	2.9223257264172725e-05	CAP_down
ELP5	-0.4595243281583053	2.9222592257322255e-05	background
GPN1	-0.2844353674016577	2.9217328673810504e-05	background
SNX2	0.4267631753674663	2.9213017775790673e-05	background
DHRS4L2	-0.2882652371958709	2.9212316633503143e-05	background
LIPN	2.4439331227679286	2.9212199070784448e-05	CAP_up
CNOT1	0.1579730292986981	2.9200311525094117e-05	background
HECW2	4.49281618786515	2.9195281076919807e-05	CAP_up
NTMT1	-0.1919391837793218	2.9162627987198338e-05	background
THAP5	0.5544713082737843	2.9141135485834446e-05	background
RABGEF1	3.076723364789628	2.9133534305987086e-05	CAP_up
LAMTOR4	1.1733446572322603	2.9130761992399267e-05	CAP_up
SPACA9	-0.0272733119314771	2.912696203853448e-05	background
ATOX1	0.7204443978816911	2.9112292965701983e-05	background
SLC11A2	-0.5055685621015428	2.908466039769412e-05	background
GTF2H1	-0.2281591291142676	2.908043875345481e-05	background
HOXB4	-0.8377894634759995	2.9072804370915932e-05	background
L3HYPDH	-4.450051946417752	2.905841358714025e-05	CAP_down
SEMA4C	-9.144259212740538	2.9033458911660197e-05	CAP_down
ALG2	0.1041872304529599	2.9024181193141998e-05	background
KCTD13	-0.0068255228597837	2.901641007810593e-05	background
SAC3D1	0.033052546280964	2.899177097370232e-05	background
SUGP2	-1.4844659713739277	2.898257300858725e-05	CAP_down
SNRPC	-0.0994900809635745	2.8978103750757127e-05	background
GIMAP8	0.3088491150109912	2.8966717592007114e-05	background
HBG2	1.632859725351591	2.893400058715248e-05	CAP_up
DCAF16	-3.785066303995131	2.893396754128953e-05	CAP_down
WDR44	0.2289919572319185	2.8933206849504934e-05	background
NCALD	-11.508814769624683	2.8927603128397495e-05	CAP_down
NDUFS3	-0.0569238826011376	2.888629289127206e-05	background
WLS	2.378334049137328	2.888559092901031e-05	CAP_up
SERPINE2	-0.0033770919662161	2.8883081275733574e-05	background
NHSL2	1.6305215633675518	2.884383538820045e-05	CAP_up
CCNQ	-0.733643098686507	2.8835871546156775e-05	background
ATG2A	0.4588268351055705	2.8827785464790564e-05	background
IFI6	3.800250905333305	2.880489688947118e-05	CAP_up
IFI27	12.519270951276178	2.8791417978959132e-05	CAP_up
NUP62CL	-1.6683939369296803	2.87881146591619e-05	CAP_down
CACNA2D4	-0.1571100199059333	2.8751827339885464e-05	background
SLC6A19	2.4422769712258643	2.8737206602160736e-05	CAP_up
SEMA4F	-7.718265827166208	2.8718852616861006e-05	CAP_down
SEMA4G	-1.0633444411898716	2.8718852616861006e-05	CAP_down
C6ORF62	1.0112035145802734	2.869024917088113e-05	CAP_up
FXYD5	-0.3845460833656979	2.8673803089775072e-05	background
PRPF31	-0.1945587528880081	2.8639591688599065e-05	background
HERC5	1.3814352447521698	2.8629678552629714e-05	CAP_up
HBQ1	1.175633489395539	2.861350673334151e-05	CAP_up
GIMAP1	-1.7090467771580629	2.860528477005836e-05	CAP_down
STK38L	1.5316042052552126	2.858861590166025e-05	CAP_up
GTPBP1	8.898902146574223	2.8575937877407213e-05	CAP_up
RNF213	2.3463930563186803	2.8566572356875664e-05	CAP_up
TMOD2	-0.0709067015305734	2.8565130599643088e-05	background
OASL	10.760866349562368	2.8564534642919573e-05	CAP_up
DYNLT3	-0.2022157073193307	2.854324640062943e-05	background
NDUFV2	-0.1007828611616179	2.853185721349122e-05	background
PSME1	0.651031028778282	2.851930520978708e-05	background
PCTP	2.921520745656521	2.849352802116749e-05	CAP_up
FECH	-0.0386350678105293	2.8490491246101997e-05	background
CALCOCO1	0.1543564342701229	2.8480955920008147e-05	background
CFAP161	-1.1375183041808263	2.847331816515029e-05	CAP_down
GLIPR1	-0.0050563989040687	2.8467920185537438e-05	background
PSMB9	1.4519532471143657	2.8464013830290405e-05	CAP_up
UNC119	1.3404172152446283	2.845081700726126e-05	CAP_up
NPRL2	-0.7246743175959793	2.8445940285179182e-05	background
SELENOM	-2.934983305423016	2.844504852827893e-05	CAP_down
TRPC4AP	1.7583785581516993	2.8407604577097848e-05	CAP_up
NUDT3	-0.239564154617735	2.840298461108157e-05	background
TNFAIP8L1	-3.6637843023248617	2.8383102431707175e-05	CAP_down
TCEAL9	1.7657890354798962	2.8380795047271734e-05	CAP_up
P2RX4	0.0544494916938716	2.8351609839045917e-05	background
HYPK	-0.7581442853915082	2.833889380342836e-05	background
HSCB	-0.4176867437075017	2.8336070852085356e-05	background
PLVAP	-2.6518134537980624	2.8330371690188476e-05	CAP_down
MED13	0.5279626246756509	2.8325862098367246e-05	background
EYS	2.6015992335692046	2.8314473851614122e-05	CAP_up
TRIOBP	4.956941143674827	2.8313753125687175e-05	CAP_up
SAMD14	2.8097248500777443	2.831266436112047e-05	CAP_up
RHOBTB3	-4.700650269400772	2.8301594095216207e-05	CAP_down
SLC9B2	-2.764895187259554	2.829877533855317e-05	CAP_down
KCTD10	-0.1915788381316847	2.8273994918441126e-05	background
SEC13	1.0874600516334787	2.8262603203732133e-05	CAP_up
NDUFA9	-0.4013260390883212	2.8255486541019512e-05	background
ACBD4	-1.560375908237326	2.8249644005182034e-05	CAP_down
MBOAT2	13.636530008978516	2.8235732010582903e-05	CAP_up
ADRM1	1.4625715646632904	2.8234562408767267e-05	CAP_up
SMG1	0.0358393271643475	2.820232821988059e-05	background
RNF26	-0.2125009104895654	2.8192835852839163e-05	background
RAB3IL1	4.480737896126825	2.818877257176251e-05	CAP_up
MPV17L2	0.5676180959034316	2.816214755541142e-05	background
USP40	-2.312036973428167	2.814569028748845e-05	CAP_down
ANKRD13D	3.9064551409964263	2.814569028748845e-05	CAP_up
B4GALT3	-0.1853299309040196	2.814023649901267e-05	background
ZNF597	-0.1597698283196387	2.812757255555679e-05	background
THYN1	-0.3534162550078553	2.8108185887839666e-05	background
P3H4	-8.090235730618561	2.809851303249335e-05	CAP_down
GPAT2	-0.5740367456649162	2.80798960330642e-05	background
SNTB1	0.4136623605634926	2.804950445511073e-05	background
PTDSS2	-0.0391105447732742	2.8045676499893833e-05	background
ARL3	0.4446499758267608	2.8035029289327465e-05	background
WRAP73	0.4158217272972052	2.8026700696940353e-05	background
ZNF692	-0.0294835603297036	2.801869718530855e-05	background
ZFP91	0.329975806713579	2.801869718530855e-05	background
NUDT18	0.602198136831934	2.8008422610914332e-05	background
PRCC	0.5282202633491454	2.7998817723401946e-05	background
PYROXD2	-3.2945775819341514	2.7997141014039207e-05	CAP_down
RUSC2	0.0739205245851948	2.7991413396682148e-05	background
SCO2	4.957332809204004	2.7990551511959045e-05	CAP_up
COX8A	0.4206380536530967	2.7978227074946552e-05	background
KCTD5	1.1973180137507056	2.797265606221981e-05	CAP_up
IMPA1	0.973597148608136	2.795542960585378e-05	background
SUMF2	-4.26492629194627	2.7954484115843933e-05	CAP_down
NDUFB8	-0.1745679189924711	2.7952974161706057e-05	background
SLC40A1	9.155845801135408	2.7939458297543387e-05	CAP_up
DDX41	0.0834055184671203	2.7905802772738537e-05	background
ELP6	-1.938659749227974	2.79038896187895e-05	CAP_down
PPEF1	0.2146103302522057	2.7891702215981226e-05	background
FNDC3A	1.489675526467302	2.7888806930572967e-05	CAP_up
MAIP1	0.6393028248796064	2.788619740990637e-05	background
CLCN3	0.2457298020093047	2.786234672982187e-05	background
ORMDL3	-0.6970228389715896	2.7860337915999996e-05	background
CATSPERE	-0.1260756744530985	2.7853361019352074e-05	background
RABEPK	-0.0553752222643008	2.7844681176761e-05	background
P2RY14	0.3200377733663597	2.7843135354695596e-05	background
CFAP20	-0.1743878425870926	2.7834664731931356e-05	background
BCCIP	0.1156087177285743	2.7812629194881205e-05	background
FUBP3	-0.778128230509093	2.7800159672035096e-05	background
APOBEC3D	-1.4098940043462698	2.7798441348448145e-05	CAP_down
LEO1	-0.3641404624604414	2.779479267045301e-05	background
ZNHIT2	-0.1527820369186487	2.7793186484418134e-05	background
EPSTI1	2.773470915268081	2.777953067202443e-05	CAP_up
PSMB8	2.1011858329751134	2.7731259837086413e-05	CAP_up
RAB27B	0.4381235134061064	2.770927587404241e-05	background
C2	0.4910198133836708	2.7708398330567105e-05	background
PSMB5	0.6509789354035557	2.7678417372824854e-05	background
SLC35A1	0.4594682517701509	2.762690050694282e-05	background
ETFDH	0.4224961688011877	2.7626034858288408e-05	background
NDUFB3	5.205398081065425	2.7594944544882725e-05	CAP_up
SLC39A9	1.0011752459840553	2.7585271266731253e-05	CAP_up
BCAS2	0.373124696243321	2.75788470809641e-05	background
DEPDC5	-0.127957907744041	2.7566180757182087e-05	background
UROD	0.2145997937043763	2.7554680144160892e-05	background
TPR	0.0134680410590019	2.7552071935275424e-05	background
NAA25	-3.419231572338409	2.7550796015688923e-05	CAP_down
OMA1	-0.0012883684591274	2.754748882070861e-05	background
MBOAT1	3.895577927617333	2.7539697047239253e-05	CAP_up
CUTC	2.349059783162466	2.7537045190885018e-05	CAP_up
PRMT9	-0.1248349388829153	2.7526750776447176e-05	background
SRPRB	-0.2238995383368933	2.752412231447539e-05	background
NDUFAB1	0.0002608453022179	2.7489755927736443e-05	background
ATP5PO	-0.1987596497645266	2.7487180642790375e-05	background
OLFM2	-5.165872344103006	2.747535308005882e-05	CAP_down
CINP	3.171560733159288	2.7463720590905147e-05	CAP_up
RAB3D	3.414634435944507	2.745724801917473e-05	CAP_up
OAS3	1.5244587580159648	2.7424380006651394e-05	CAP_up
NDUFB10	0.1687937588060253	2.7419376971746817e-05	background
RBM3	-0.6564779200942308	2.7384737073666056e-05	background
PHF11	0.7889500166290545	2.7358924401083144e-05	background
GPD2	4.176594391908699	2.732375809332469e-05	CAP_up
EXOC1	0.9745890946422964	2.730982035292954e-05	background
ARSG	-0.0316421265090409	2.72972858674139e-05	background
RNF19B	6.112339949646412	2.7253777123153038e-05	CAP_up
NUB1	0.1750579007837072	2.724592111887007e-05	background
TANGO6	-1.647820904229574	2.7232003905018147e-05	CAP_down
P2RY6	-3.4622924598570024	2.7231565199499372e-05	CAP_down
TNRC6A	-5.044399940836491	2.7221540637971558e-05	CAP_down
ECI1	-0.2646374692495172	2.718514995698562e-05	background
SNX17	0.0979895625731199	2.718419114828514e-05	background
BBS7	-0.0286089959608638	2.7182396632414048e-05	background
LAPTM4B	2.566415104537115	2.7180710434983724e-05	CAP_up
RPH3A	2.660067721161816	2.7165177546193556e-05	CAP_up
SPG21	2.6238724159484628	2.7159758919034785e-05	CAP_up
SELENOO	0.2015186262751706	2.714601663397142e-05	background
DCAF12	-0.4352391353258307	2.714329940020152e-05	background
CARMIL1	-3.0729258321808213	2.7130999053939836e-05	CAP_down
UBE3D	-2.9321062677318444	2.7126955277408494e-05	CAP_down
RABGGTA	0.0135043553392421	2.710124645156476e-05	background
SLC39A11	0.4989381122718006	2.7073072164474364e-05	background
PAF1	1.245608513050803	2.7063392058889455e-05	CAP_up
SARAF	-0.0885870435786466	2.7047950022364647e-05	background
SPOUT1	-1.759065821448054	2.703209425159021e-05	CAP_down
REXO2	-0.1644285255536253	2.702925850362997e-05	background
PSMC6	0.4491766991793371	2.7011253579427777e-05	background
PPOX	-1.44559023430187	2.7007700432320875e-05	CAP_down
TXNDC11	1.4587007037216622	2.6998777953928373e-05	CAP_up
ATP5F1C	0.6165841170813409	2.6987977849775525e-05	background
TXLNG	-1.5744158582090224	2.6956677598526714e-05	CAP_down
UBE2H	2.0740835049535478	2.6953185035080117e-05	CAP_up
TMOD4	-0.5970617475083886	2.6950316742990852e-05	background
CATSPER1	1.5277422250514463	2.6913747900950472e-05	CAP_up
RABL2B	-5.27783158175927	2.690879803810933e-05	CAP_down
SAMD4A	-0.7660145120361674	2.690864511124007e-05	background
GALNT10	-0.01899511048064	2.6907607292306126e-05	background
RIDA	0.0333872198386957	2.68987899144295e-05	background
NDUFS7	-0.022655219883899	2.6886891410059655e-05	background
SGCE	-3.6823007157685055	2.688021592573986e-05	CAP_down
AGPAT1	4.5349218319996165	2.686331305137262e-05	CAP_up
NDUFA12	-0.1083336040917592	2.6860128492270386e-05	background
PSMB10	0.2662339344778528	2.6843461245498115e-05	background
SLC7A7	0.5351976166158252	2.6842103821319144e-05	background
ARL16	-0.1991704125949932	2.6807118367861797e-05	background
RAB28	-0.1113794588496578	2.6807118367861797e-05	background
ECH1	0.0192752252685888	2.6794715507298133e-05	background
RAB3GAP1	0.7086537929297602	2.678462471740575e-05	background
DHX40	0.3348881288308493	2.6747917758352936e-05	background
CTNNAL1	2.261216718617827	2.6744538657966972e-05	CAP_up
AAAS	-0.0486838459502926	2.6736775266928396e-05	background
RBSN	0.4221746880755855	2.6732128866539765e-05	background
HEXD	0.0138377113549443	2.671312712522885e-05	background
SHKBP1	11.737603068551223	2.6703625080714225e-05	CAP_up
APOO	0.3250213096003684	2.669955104805275e-05	background
COX7A2L	0.3492060864778429	2.666232427060358e-05	background
GALNT11	-0.8930153551257962	2.6628457739535254e-05	background
LRRC40	-0.2858907006332412	2.6618760591942816e-05	background
SYNE3	-0.0288598677356403	2.6618385420987723e-05	background
EXOC4	-0.3948352629191504	2.659078493596639e-05	background
RINL	0.7951366163283217	2.658942899616645e-05	background
MED30	0.0263955484725158	2.656284359006958e-05	background
PDE12	-0.0040144800239216	2.6562144947551568e-05	background
ATP2C1	0.2091710471937489	2.6540706372362136e-05	background
MMACHC	-0.3688527176983627	2.651544623008515e-05	background
NDUFA2	0.537815603113914	2.6513024086805767e-05	background
FMC1	-0.015781145305298	2.6491425614373255e-05	background
ELAC2	-1.2564599402074943	2.645642128017335e-05	CAP_down
GALNT1	0.2965510056644161	2.645386579390485e-05	background
NR2F6	-0.1061452973423505	2.644919115095503e-05	background
CCZ1	-0.2776464610275543	2.6442720290086045e-05	background
CSDE1	0.1511352742103669	2.6437000551177218e-05	background
AQP10	0.3692533470172737	2.6404700116066443e-05	background
SEH1L	-2.867275266852365	2.6393294429104676e-05	CAP_down
GALNT6	-1.0056334370664852	2.6392455839304628e-05	CAP_down
ZNF12	0.018138383913039	2.638035237130542e-05	background
NDUFA8	0.1103878062770147	2.6375295475407986e-05	background
EFHC1	-3.28966021252267	2.6363185425695968e-05	CAP_down
PIN4	-0.6460996754027958	2.635582616113776e-05	background
TP53INP2	1.185778332260155	2.6351019922367774e-05	CAP_up
B3GALNT1	0.5595094995903657	2.634641453128403e-05	background
CCNY	0.4266784865856179	2.6344218946653306e-05	background
RMND5A	0.2005752592278215	2.633491992819742e-05	background
SPA17	2.0208618709000987	2.633009248654328e-05	CAP_up
TMEM50A	2.859722972635445	2.6329406983415083e-05	CAP_up
NFU1	0.0700864449078906	2.6323329773955734e-05	background
CNBP	1.895154955977768	2.630397335647819e-05	CAP_up
COQ5	0.1226155566998336	2.6290431421041558e-05	background
TPM2	-4.580726028968754	2.628917253401498e-05	CAP_down
ILF2	0.0430946352416982	2.6284166085491837e-05	background
WDSUB1	0.1120254646824391	2.6283792651849098e-05	background
COIL	-0.702815507763854	2.6274279118517906e-05	background
IP6K1	3.722382418561304	2.6271184046425723e-05	CAP_up
HNRNPA3	0.3337383535486747	2.6266339471715318e-05	background
CCDC69	2.8647765328759904	2.625621556707811e-05	CAP_up
MID2	-10.003027608221569	2.6236418054707257e-05	CAP_down
ATP7B	2.7160857666330824	2.6218928810661655e-05	CAP_up
EXOC7	0.8262829924987898	2.621203325242397e-05	background
PAIP1	-0.0561866472969558	2.6189447764136393e-05	background
LIAS	-2.7554022832462954	2.6182651945850886e-05	CAP_down
UNK	-2.1614384742090342	2.6180421353140065e-05	CAP_down
SON	0.1375730582898545	2.6159838763836155e-05	background
SPOPL	2.0837457859742337	2.614930109286433e-05	CAP_up
NDUFB9	0.2428804042765495	2.613703376113653e-05	background
DCAF10	1.3614186484124289	2.6136916824756964e-05	CAP_up
SEC63	0.145790000912563	2.613586842750485e-05	background
TRNT1	-0.3637773092011762	2.6131493527881544e-05	background
NEK1	-0.8415645382216492	2.61299363530259e-05	background
STXBP2	10.243233775146198	2.6118771413832043e-05	CAP_up
CNOT3	2.31501878151194	2.6116644771030436e-05	CAP_up
MED26	0.7853637002309521	2.6115251737577534e-05	background
ZGRF1	-1.4059433777365684	2.6096689015575533e-05	CAP_down
ALYREF	0.1977013202731317	2.609351960077249e-05	background
MMS19	-0.6263165570269167	2.609174277913815e-05	background
ITPK1	3.0425728913825134	2.6091227458194733e-05	CAP_up
P2RX1	10.68005861497629	2.608993911813469e-05	CAP_up
UQCRQ	0.0892620362751332	2.6079525683260477e-05	background
PHPT1	-0.0457176241758083	2.607707786196982e-05	background
GMPPB	0.1319535123567686	2.606137881076071e-05	background
DCAF8	-0.6715508487528282	2.6060241893603632e-05	background
TIMM22	-0.3166565705530463	2.6044722553964598e-05	background
CNOT6L	-2.516156886774418	2.6029162542220424e-05	CAP_down
ATL1	-0.3556985307738439	2.6017106581769284e-05	background
NDUFB7	0.0435518419094682	2.597451635757496e-05	background
GCC2	-1.488669301120134	2.5974112854019907e-05	CAP_down
UQCRFS1	0.8220278675427781	2.594176358233148e-05	background
AGO4	6.265314239353416	2.5930105985639736e-05	CAP_up
SYT11	0.013147242671187	2.590003366678459e-05	background
SYPL1	-0.6823945667863545	2.590003366678459e-05	background
NPIPA1	-2.7142345269966155	2.5894306209300693e-05	CAP_down
BMP2K	0.3851900902139445	2.5884840758973443e-05	background
ANKFY1	0.7996924585746688	2.5884641730112024e-05	background
COX5A	0.0721100024761014	2.5880460151951298e-05	background
MED8	4.162670524623717	2.5854231327793974e-05	CAP_up
PRRC2C	0.0059261294398212	2.5846720102151644e-05	background
BBS4	-0.725965495795716	2.584024858570507e-05	background
PSMB1	0.2300965360011092	2.5833350502848064e-05	background
NPRL3	-0.2839620238484303	2.5823928888538194e-05	background
ECI2	-4.041681808189445	2.5818510917135438e-05	CAP_down
CELSR3	-2.34494384199266	2.5800261983836894e-05	CAP_down
CFAP45	1.869173744541368	2.578597766180488e-05	CAP_up
EIF5B	-0.2212881772208108	2.576810690183756e-05	background
SLC41A1	-3.3257891393220103	2.576326258376852e-05	CAP_down
OSTF1	6.031978349077393	2.5736571904879345e-05	CAP_up
ZNF185	0.8758439068060544	2.5719127324074033e-05	background
RLF	0.3871817910938023	2.5712990079826894e-05	background
RIN2	0.3905635852509988	2.571187924665768e-05	background
NUP205	-1.6442073666280286	2.567946119784271e-05	CAP_down
RAB11FIP3	-3.0329232424531813	2.566883021655166e-05	CAP_down
EFHC2	-0.870796320880663	2.5642703785601062e-05	background
P2RY13	5.911695308012921	2.5642505711561046e-05	CAP_up
TIMM17A	0.0378315981089553	2.56327442670021e-05	background
TMEM50B	-2.8893303529054144	2.5625880974286203e-05	CAP_down
CC2D2A	-0.2693118541797895	2.5608952001640503e-05	background
TMEM198	0.1435727133368256	2.560036619518717e-05	background
TEDC1	-1.2954330577359283	2.558385147359703e-05	CAP_down
NIF3L1	-1.6331200629981315	2.5566879437930498e-05	CAP_down
YTHDF2	0.2238633864326832	2.5566035899793337e-05	background
ABHD17A	-0.4242508857441444	2.556444142246146e-05	background
IMPG2	-0.0287054794594671	2.5534568813963592e-05	background
CHST2	-0.0394471206694805	2.5513814435650334e-05	background
KIF26B	-4.395497985673218	2.551054048433185e-05	CAP_down
KDM8	-2.497324949768606	2.5499746960353875e-05	CAP_down
BBS12	0.0137768132610744	2.5483273684635972e-05	background
URM1	-0.13728739864764	2.5478573032261835e-05	background
THAP11	-0.0416118106596444	2.5468793702045064e-05	background
PTAR1	0.0280243326386993	2.5451378312225585e-05	background
DCP2	1.7417521958050464	2.5450672083402313e-05	CAP_up
CATSPER2	-6.402937770557517	2.5434823610887014e-05	CAP_down
INTS3	1.6061059410066587	2.5419578795110776e-05	CAP_up
CNOT6	-0.0038191785583908	2.5401743511752616e-05	background
TNFAIP1	0.6439155569792587	2.5394416848944398e-05	background
ZNF197	0.0031232174737304	2.5390707340310252e-05	background
PEX6	0.1387359493855965	2.5388272690404902e-05	background
ACIN1	0.6297132043000364	2.5356803043390702e-05	background
DCAF15	-0.0883985552164536	2.5347108938443823e-05	background
IFI44L	1.2325471872281475	2.5336614808738468e-05	CAP_up
ZCCHC3	-0.9360137143003096	2.5325666550711495e-05	background
INTS6	0.9169576466394188	2.5320271064223383e-05	background
CTU2	-0.3292052829533666	2.5308260228105712e-05	background
SAMD9L	3.699915947076276	2.5296980140555984e-05	CAP_up
ARPIN	-3.989548778038402	2.5291314390997033e-05	CAP_down
MED18	5.9793800597741456	2.5288205961171613e-05	CAP_up
WDR90	-1.4131771605658017	2.528811287374855e-05	CAP_down
PANK2	3.424262099164117	2.5285905790788484e-05	CAP_up
GTF2H5	-0.1700988251003269	2.5278764298078257e-05	background
PSMD9	1.5019859768514	2.5273574324442913e-05	CAP_up
CCDC18	-0.1496917853725659	2.5259461532404657e-05	background
CTIF	1.082983426255539	2.525939103045913e-05	CAP_up
TMEM170A	-0.0022088538819607	2.5256465403506705e-05	background
RSPH9	12.047824744124636	2.5245066231003693e-05	CAP_up
RAB3GAP2	0.4609666120353603	2.5225912520445067e-05	background
ARSK	-3.703272088223992	2.520860785190573e-05	CAP_down
ZNF74	-8.238529291108295	2.5207609915313425e-05	CAP_down
HNRNPUL1	-0.7774698206942606	2.5204800120170573e-05	background
TOMM22	-0.3366198769274638	2.520067002907199e-05	background
CNOT11	-0.1434097683929252	2.5187569964266767e-05	background
WHRN	-3.1724708585557746	2.518383763310464e-05	CAP_down
RNF167	2.575845960395628	2.517631826843964e-05	CAP_up
CNOT9	-0.3016481356617616	2.5169832639648e-05	background
CPOX	-0.3842240578442821	2.5166869193728388e-05	background
ETFB	0.5154309597352525	2.5151906674330355e-05	background
MTX2	-0.5320796659481113	2.5136415683409865e-05	background
TULP3	-2.9054556674698677	2.513556029528579e-05	CAP_down
DCAF4	-5.532019617196916	2.5079134919515188e-05	CAP_down
SRBD1	1.4683536480361707	2.5063003112337764e-05	CAP_up
HNRNPAB	0.0311420442766535	2.5056869684343725e-05	background
EEPD1	1.2477439977851517	2.504807941573028e-05	CAP_up
PSMB7	0.3000724997818295	2.5047449401808904e-05	background
MED25	0.4217214235068984	2.504526524471554e-05	background
ZNF639	-0.7009831321997227	2.5002592857084065e-05	background
HGS	1.5700814907450793	2.4994310315978576e-05	CAP_up
ANKRD27	0.3109196127068771	2.498841120505632e-05	background
TIMM23	-0.0763201175721481	2.4973372118635947e-05	background
FBXO38	2.5459053215749914	2.4966973063844708e-05	CAP_up
ERGIC2	1.2678926271403703	2.4951542418645307e-05	CAP_up
SUGCT	-0.4499999897721543	2.494757776010092e-05	background
PLEKHJ1	0.2315093746598094	2.494414749041185e-05	background
STIMATE	2.793186589522481	2.494375541592076e-05	CAP_up
IGF2BP3	3.2265020023027158	2.4930741298128916e-05	CAP_up
STX5	2.885418121313561	2.4914756340961577e-05	CAP_up
ATL3	1.708812762070555	2.4913331938188355e-05	CAP_up
RAB33B	7.064996281947389	2.4912931700393168e-05	CAP_up
ZP3	-0.1109578311088417	2.4894478198311602e-05	background
ABCC4	0.4119010073955372	2.489134001835513e-05	background
RBBP6	-0.0356742917946472	2.4889761898730834e-05	background
NUP35	-2.9771788489059787	2.4882382768761887e-05	CAP_down
DDA1	0.2892348076791494	2.4875757025211904e-05	background
HDHD5	-0.7645869449977256	2.487380702059565e-05	background
RUFY2	-2.3208671473882494	2.486490399509809e-05	CAP_down
CORO7	0.3379729687663745	2.4861728950614244e-05	background
TBC1D2	11.731132576601414	2.485581691074177e-05	CAP_up
ACBD5	0.0043494986122933	2.4850673405875808e-05	background
DDX60	1.225475307559423	2.4847490923987403e-05	CAP_up
MED29	0.0722282996662596	2.4843844515961854e-05	background
IVD	-2.909198397813497	2.4838473877586468e-05	CAP_down
ISYNA1	-0.1606905001342151	2.483430107309687e-05	background
RPS6	-2.76215364288455	2.4800514455815574e-05	CAP_down
SLIT1	3.5049516839523243	2.4789531469421928e-05	CAP_up
QRSL1	-2.347205876158407	2.47858693834242e-05	CAP_down
ZC3H18	0.0652948431328777	2.4761057898299367e-05	background
MED28	-0.0700685330789594	2.474382387775068e-05	background
AGPAT3	0.0112451655915864	2.474251956054596e-05	background
SMG7	3.247659648221432	2.4734050975958874e-05	CAP_up
CNOT10	-0.0335630039466254	2.473215556448597e-05	background
TMEM115	2.823507830237326	2.4729993929564497e-05	CAP_up
PRR12	-2.030252041530048	2.4729236239291773e-05	CAP_down
COX7C	-0.1731341623717586	2.4727945346747798e-05	background
PEX10	-0.4323802874285561	2.4716220641927043e-05	background
DCAF17	-4.678817700093218	2.4712905792502825e-05	CAP_down
CCS	-0.640556389402103	2.469814980741046e-05	background
SPRYD3	0.0046782181862823	2.4695554998845716e-05	background
SSPN	-0.6690326396480839	2.4681414548360228e-05	background
AGPAT4	-0.291788765293644	2.4675137154163413e-05	background
MTMR10	2.024755232943343	2.4659068166599504e-05	CAP_up
DYNC2LI1	-0.1543681705916781	2.465501873584648e-05	background
TAF8	0.1513147340479695	2.4648773147932485e-05	background
COQ8A	-2.292338576806322	2.464705407312027e-05	CAP_down
PANK1	-0.4855365803567167	2.4636528934225327e-05	background
MED11	0.7031578658970545	2.4627394140986063e-05	background
ANXA11	3.2460972929868728	2.4619988247483595e-05	CAP_up
TENT4A	-2.0357768957235485	2.45999510550492e-05	CAP_down
COX11	-3.5829314487023542	2.4593118390349387e-05	CAP_down
ZNF83	-4.31150430162995	2.4589229057689226e-05	CAP_down
EIF3A	-0.0259716622730363	2.4586209235274253e-05	background
GID8	0.1758899706444997	2.456499901233702e-05	background
COQ9	-0.1007086249320448	2.4553401440688868e-05	background
ANKHD1	-0.0468880298691138	2.4553260539215782e-05	background
WDR45	0.2407493820037871	2.455112178683362e-05	background
GID4	-0.0233176138520347	2.4550403954155523e-05	background
PSMB3	7.048060081672525	2.4538874403654976e-05	CAP_up
RAB27A	7.791734696613492	2.4510878497106434e-05	CAP_up
PPHLN1	-2.4392412334185485	2.450852854798512e-05	CAP_down
SPIN2B	-3.906678390000426	2.450682071584791e-05	CAP_down
ZNHIT6	-5.241719624007074	2.4502099628254923e-05	CAP_down
ETFA	0.3100698581101125	2.448954332586951e-05	background
PTBP1	-0.0314983156241276	2.4473273047577533e-05	background
STAU2	0.4903032909587033	2.446761116939996e-05	background
TPT1	-0.5527706593916262	2.4460785944365565e-05	background
SBF2	5.795764883961109	2.4455518386843236e-05	CAP_up
PGRMC2	-0.1258200741287757	2.4455075392775934e-05	background
SAMD9	2.837597785192964	2.444910898835599e-05	CAP_up
FTO	-3.673149761819399	2.4445871858552267e-05	CAP_down
GLIS3	-1.04987501685237	2.442270854603754e-05	CAP_down
THOC1	-4.201130434111373	2.4407018268678957e-05	CAP_down
EI24	-0.912217902381337	2.4397990142616457e-05	background
UBQLNL	1.2764554773624988	2.4383491240064116e-05	CAP_up
ZRSR2	-0.0345803455874601	2.4380999967617333e-05	background
FCHO1	0.0398186907303873	2.4377783688450462e-05	background
HNRNPH1	-0.4482373314825408	2.4366995278520298e-05	background
SLC26A2	-1.148518752713043	2.4346050788736346e-05	CAP_down
LARP1	0.6612162827681274	2.4321643335433926e-05	background
SOX8	-9.273923166336752	2.4308859046410956e-05	CAP_down
KATNBL1	0.0716031138942258	2.42820259088559e-05	background
EIF4A1	0.070682404135221	2.4270499706311503e-05	background
AGPAT5	-2.8317870061292334	2.4261933241290833e-05	CAP_down
UQCR10	0.4296228231261362	2.4245391087264453e-05	background
MYOM1	1.433697168622043	2.424117843969263e-05	CAP_up
SEPHS2	7.251325258809705	2.4228063444664452e-05	CAP_up
PBDC1	-0.1709456462146822	2.422138464950024e-05	background
SNX5	-0.5340806424335796	2.4219281969296443e-05	background
FCHO2	1.8061114366087925	2.4208759961436713e-05	CAP_up
DAP3	-0.2308270089865986	2.4207086782053844e-05	background
MED20	1.6971664912861069	2.415675671183616e-05	CAP_up
NCBP1	-0.5897309286899968	2.412636438595688e-05	background
CDS2	2.841356874928352	2.4062839689170918e-05	CAP_up
ZGPAT	-0.0121248958075516	2.4053397014792967e-05	background
SH3TC2	0.7848124780522715	2.40452424291683e-05	background
MICALL1	0.0581633792616622	2.4036915647236352e-05	background
BBIP1	-0.0147726374193995	2.403087978384306e-05	background
SLC43A1	-0.0360801088881851	2.4030155642215775e-05	background
SHISA7	0.859456295145371	2.4022526584614615e-05	background
HNRNPF	0.5675231688970852	2.3997638008514425e-05	background
AUH	0.0211681166912354	2.39968035318662e-05	background
ARFGEF1	0.3379332420836598	2.3992159774247133e-05	background
CDK13	-0.0498175549955511	2.394543240709778e-05	background
GLRX5	0.1720761589977632	2.3942279730800957e-05	background
THAP12	-0.2824797510256686	2.3923064297139967e-05	background
UFC1	-0.0605510752617983	2.3859373308839204e-05	background
TOMM5	-3.639196553238961	2.3854081705895978e-05	CAP_down
CPED1	-0.1792113512387826	2.384065525644428e-05	background
FBL	-2.8180549259757326	2.383956626385835e-05	CAP_down
TMIGD3	9.480301506201585	2.383865866918057e-05	CAP_up
SPCS3	1.7209750259324563	2.383707277680566e-05	CAP_up
NCBP2	-0.8968252666890549	2.3818884731420146e-05	background
EIF2S1	-0.0400933370187579	2.381398049083626e-05	background
PAPSS2	0.0928608907833364	2.3813406820928084e-05	background
ZFP37	-5.105374958325227	2.3798864002042347e-05	CAP_down
SNIP1	1.0173324055065645	2.378146487576085e-05	CAP_up
IGSF6	6.28732474159534	2.377963968942312e-05	CAP_up
AIMP2	-0.0472338154760812	2.3761412685489997e-05	background
MED27	-0.3649809708772467	2.3739009769566298e-05	background
SF3B3	-1.7805807985355586	2.3689794307812134e-05	CAP_down
LETM1	-0.6149107492114978	2.3688643185914953e-05	background
P2RY1	1.4418046979713677	2.3685157686266247e-05	CAP_up
GDI1	1.7644949846272489	2.3676167891524723e-05	CAP_up
ZXDA	-6.966257166440841	2.3675544501013457e-05	CAP_down
ARMH3	-0.0210806783583583	2.3664753243469567e-05	background
SLC1A3	17.6304300452798	2.365997809982439e-05	CAP_up
AP2A1	0.0888578379026494	2.364702786103251e-05	background
HECTD1	-0.0365542274284701	2.364549017943868e-05	background
NDC1	-1.6511320600354924	2.362636319566763e-05	CAP_down
ZNF513	-0.050113163091489	2.362587358921506e-05	background
MSRB3	6.496694624480755	2.3589537570587092e-05	CAP_up
RP1L1	2.220097942093962	2.3589537570587092e-05	CAP_up
SLC8B1	0.0847150308200136	2.3577586159499673e-05	background
MEPCE	0.0141205553715517	2.354321351168585e-05	background
NAA40	-1.446385178115083	2.3539369982677558e-05	CAP_down
TXNDC5	0.8606333261526579	2.349059763629653e-05	background
MVB12A	0.7042959943677566	2.3485447638296977e-05	background
CCPG1	10.90094685577757	2.345365469975904e-05	CAP_up
LCLAT1	-0.1209078591741801	2.3450566779077485e-05	background
NUP37	0.0590969851782752	2.3428048757009928e-05	background
SNX1	0.1288972889480403	2.3412762316108667e-05	background
AAMP	-0.0910093831621415	2.338842671069747e-05	background
INIP	0.0262409653866309	2.3386710011099006e-05	background
MED22	0.0225260530019497	2.3378539474937526e-05	background
SEPHS1	-0.5908730981442238	2.3341386489924522e-05	background
GON4L	-0.0990099425423872	2.3334257615544535e-05	background
EIF4EBP3	-0.0013774903499513	2.3321046926718996e-05	background
NUP58	4.046210409057622	2.331042370982644e-05	CAP_up
MED31	0.139717294390212	2.330205882093843e-05	background
OSBPL2	4.241537560454923	2.32920521273469e-05	CAP_up
SLC9A8	10.38828715342808	2.32796616750139e-05	CAP_up
CDHR1	-1.8651215685753564	2.3279509176738853e-05	CAP_down
MED9	-0.0281726526015481	2.3272219398171058e-05	background
TAF13	3.510154927185961	2.325793408380002e-05	CAP_up
RDH13	-5.495526052642801	2.3252386824331478e-05	CAP_down
TOR3A	0.3915052927961484	2.3245487104377967e-05	background
TAF11	0.0002016778048266	2.3226699581208414e-05	background
TARBP2	-0.5466954249160721	2.319788510316115e-05	background
MED19	0.0509680567496955	2.318993557679587e-05	background
FAM13A	-0.7014036370713665	2.31767195419984e-05	background
STK39	-2.709779282155817	2.3173886511845466e-05	CAP_down
CLTB	0.496743162400714	2.3169046113751853e-05	background
CLINT1	0.157649702657548	2.3149058390644883e-05	background
RAB33A	-0.3173285345716674	2.3148655664993018e-05	background
PNRC1	1.36593630302241	2.3134596304681833e-05	CAP_up
NUP188	-0.9882304690473962	2.3133514372758454e-05	background
ADAMTS17	-2.0729121450636856	2.3117537027675675e-05	CAP_down
ADAMTSL5	-2.6656757762195724	2.3117537027675675e-05	CAP_down
DDX39B	0.0080756281754943	2.311160758041886e-05	background
CTDP1	4.531384259386805	2.310393369670996e-05	CAP_up
HNRNPA0	-0.219655524715064	2.310362734908078e-05	background
EXOC3	1.0085681428766755	2.3085211106716835e-05	CAP_up
INTS5	0.0813954875971375	2.3076543167572244e-05	background
HINT2	-2.657793900419881	2.3063504578038788e-05	CAP_down
IMMP2L	-3.3663409137256326	2.3039342456228266e-05	CAP_down
ARMC8	0.7534598045266105	2.3035324492944314e-05	background
MED10	-0.5550971723635627	2.3029558220463403e-05	background
ORMDL1	-0.4467448777434299	2.3025527675645113e-05	background
EPB41L5	-0.0014281035314996	2.3020479687828873e-05	background
LEAP2	-0.2456052142808187	2.301680967086232e-05	background
TIMM17B	1.0599063671722386	2.301669602815775e-05	CAP_up
RRP15	-6.3393104279063	2.300641392863532e-05	CAP_down
YTHDC1	-0.0036242669086598	2.299934435794563e-05	background
RIC1	0.6012231087563736	2.2991052476314564e-05	background
SSBP1	-0.4303378760138594	2.2989975372807176e-05	background
VPS26A	0.7474361580263112	2.2978823698468983e-05	background
PAAF1	-2.113426117132152	2.296380598849731e-05	CAP_down
EXOC6	8.581209254961628	2.296150791971388e-05	CAP_up
ORMDL2	2.75327450597754	2.2940337926978393e-05	CAP_up
NUP43	-4.64329688930365	2.2937447338014796e-05	CAP_down
SSB	0.0210152972976644	2.2922551899282448e-05	background
MED7	0.093028811395468	2.290685784514519e-05	background
DESI2	0.0020629778972916	2.2899381701668664e-05	background
SLC36A4	2.039299547721468	2.288316543474123e-05	CAP_up
ZSWIM8	3.809714841486005	2.2873887522912733e-05	CAP_up
INTS1	0.0146479258134684	2.285483516942963e-05	background
ISCU	0.3203334321738942	2.2850064421970488e-05	background
REPS1	-3.0349943667360195	2.2848080736806362e-05	CAP_down
ENC1	-0.0695671355213269	2.2844361483752687e-05	background
WDTC1	3.0071920017055143	2.2823368673628655e-05	CAP_up
NELFCD	-0.654048449102296	2.2765667689408638e-05	background
CDK19	1.9390381810886608	2.2764073502072905e-05	CAP_up
AGFG2	-5.318165381019058	2.2761850640524424e-05	CAP_down
TUT1	-1.3139461708152218	2.275369272432492e-05	CAP_down
KLHL6	0.3581717183397934	2.274639436764857e-05	background
RPAP1	-1.4350856377804095	2.274250919189777e-05	CAP_down
TMCC1	-0.1659792904725147	2.273359158144102e-05	background
MEI1	-0.3320354911646493	2.272901680281022e-05	background
MICOS10	-4.01159840596748	2.2720428836725854e-05	CAP_down
VPS26C	1.2665024467853494	2.271125429667296e-05	CAP_up
CRISP2	6.985484082922103	2.2704711192529115e-05	CAP_up
SYTL4	0.5734216364975274	2.2700581152172148e-05	background
LRRC37A	0.6719428863361656	2.2697861939955923e-05	background
BBS9	-0.2735266803412023	2.2689509927740186e-05	background
MIF4GD	-0.1686043523837788	2.2683064761124577e-05	background
CCDC88B	1.635852651327733	2.2678241375487813e-05	CAP_up
TENT5A	1.106771395826865	2.267752391867008e-05	CAP_up
OSBPL1A	0.215267442399018	2.267631188239095e-05	background
TXNL1	1.0251607782437957	2.2675839997743437e-05	CAP_up
CGGBP1	0.6294929335057518	2.2665605731683464e-05	background
NECAP1	0.8988952541263177	2.2661703230596665e-05	background
OSGIN2	2.483336349793533	2.2638564164708272e-05	CAP_up
MTX3	-5.160488013873003	2.262136030569409e-05	CAP_down
ELOA	0.0633185827184118	2.2611612879274638e-05	background
SDHAF2	1.5605675100866856	2.2598904018512995e-05	CAP_up
YPEL5	3.357235280669195	2.2596748747780125e-05	CAP_up
PAM16	0.0283599904220231	2.2583658877612155e-05	background
TIMM8B	0.5032539462414892	2.2580438121625195e-05	background
PTRH2	-0.0087426409157978	2.2573792476663223e-05	background
GTF2E2	0.7289156626250906	2.2568570003600365e-05	background
RILPL1	1.3365987883828654	2.2566535612086916e-05	CAP_up
PHLDB1	-2.3132886128514345	2.2550095997822778e-05	CAP_down
ELP2	-5.0205178342958	2.253360266637511e-05	CAP_down
CWC15	0.0691272857860837	2.251615509308544e-05	background
RBM15B	-0.3196438704714623	2.2471549012021482e-05	background
NFKBIL1	1.0087958848664995	2.2468904358436535e-05	CAP_up
METAP1D	-5.5520235435202	2.24415474427085e-05	CAP_down
AIFM3	-0.140661262059246	2.243772481534864e-05	background
ZNF146	-1.7600075025776811	2.2423170024012185e-05	CAP_down
CRYZL1	-0.7401478827513346	2.2422560485251645e-05	background
ZCCHC4	-1.9389313615848431	2.2396573915938865e-05	CAP_down
BUD31	2.4092664136857964	2.239520708000606e-05	CAP_up
PSMG3	-0.5921763528850055	2.2386165108296147e-05	background
PDZD8	4.758192292460421	2.2383180530128192e-05	CAP_up
ATAD3B	-0.8565490700238086	2.2366076266623685e-05	background
HNRNPH3	0.462804265482754	2.2356574644133077e-05	background
ECPAS	1.2866221566480316	2.2356565129125168e-05	CAP_up
MAEA	3.460676832916596	2.2354887014156458e-05	CAP_up
GTF2A2	0.3880641194064972	2.23543760382386e-05	background
UPF1	1.942410883749397	2.2352645234872875e-05	CAP_up
NUCKS1	-2.8942154479663635	2.2342888623171094e-05	CAP_down
TYSND1	-6.153988793798405	2.231957146561002e-05	CAP_down
DDOST	0.0326673755338273	2.2318936415070928e-05	background
THOC3	-3.2979071419202355	2.231472163497955e-05	CAP_down
AP1M1	0.2423720414348061	2.2313530646175707e-05	background
ACAD8	0.1727125927000477	2.2312814034691277e-05	background
SF3B5	0.6832680213134272	2.229310859306777e-05	background
CIAO2B	0.3711066376604141	2.2293046421144362e-05	background
TUBD1	-0.6683256164463139	2.2282978818496038e-05	background
POLR2D	-0.2815321456699765	2.2279044816407724e-05	background
CCNT2	-0.1235199866421487	2.2266557161466523e-05	background
STX17	-0.1066686715023397	2.2264103132757446e-05	background
SMAP2	4.125995475331576	2.2257620769323556e-05	CAP_up
RTP4	1.307513341965267	2.224040707849694e-05	CAP_up
EIF2A	-0.4607719320038516	2.223432508988328e-05	background
MYL4	-1.5560269904096389	2.2217255214070442e-05	CAP_down
ABHD8	2.057568536643264	2.2214314679754125e-05	CAP_up
ATL2	-0.59673116070818	2.2212983881338553e-05	background
CHM	-0.4094628406576009	2.220523898592881e-05	background
ZNF576	0.1482680610773947	2.2197856534054123e-05	background
SSBP4	-1.2386154225013113	2.219182756182862e-05	CAP_down
BBS2	-6.223932974642653	2.2191693370455366e-05	CAP_down
EIF2B4	-0.0779814385434072	2.2185709830258857e-05	background
POLR2G	0.1343590651942494	2.2180536970885394e-05	background
ARHGEF35	-0.0885454327841887	2.2178373213463518e-05	background
COMMD4	-0.00333458086338	2.217176975938718e-05	background
AVIL	1.7767047017259547	2.216904280074302e-05	CAP_up
PEX19	0.1837222103452511	2.2151359607810413e-05	background
METTL16	-4.052355956491078	2.215090797093778e-05	CAP_down
SEC11A	0.7773983684709298	2.215062945762272e-05	background
APOOL	-0.5245386641305154	2.213932383478467e-05	background
PSMD5	0.0678189969144907	2.2135927784974624e-05	background
BDH1	-4.873604773426556	2.213490927384368e-05	CAP_down
RIMBP3	-0.5413703525769165	2.21288476853432e-05	background
CIB2	-3.0654090797614764	2.212065072895651e-05	CAP_down
TCEANC	-0.0071315825967427	2.2116988958729968e-05	background
EIF2B2	-0.0080561035273954	2.211121381129467e-05	background
TTC8	0.2179885702258818	2.2084514208702843e-05	background
IQSEC3	-1.5916537743853674	2.2073150397863197e-05	CAP_down
ZRANB2	-1.727568765052624	2.206643541005556e-05	CAP_down
CRLS1	0.0020900792390202	2.205142644752525e-05	background
ZDHHC11	-0.1369557399265864	2.201895383574492e-05	background
GDI2	0.9696686071475368	2.1973199351701204e-05	background
NMRAL1	-0.3493607222625812	2.1970255156794115e-05	background
METTL4	-0.2275946539950455	2.192218459326712e-05	background
XYLT1	-0.5991398241557586	2.192044116815417e-05	background
GOLPH3L	0.9653690087450746	2.1903291838060933e-05	background
PLRG1	-0.045011261046324	2.1900691609856326e-05	background
POM121	-0.1802246674405103	2.188147924814519e-05	background
TBCEL	-0.7284290867120395	2.1845423535147595e-05	background
SMTN	1.8466228824577569	2.1844375843882725e-05	CAP_up
NSUN3	0.7891576018777124	2.183175790795901e-05	background
SCLY	-1.194736500923144	2.1826562052920228e-05	CAP_down
MYO3B	-0.741403425219199	2.1823489499071164e-05	background
DCAF4L1	4.734525520527928	2.1818536824620848e-05	CAP_up
MRS2	-1.236548654690133	2.1817827390182197e-05	CAP_down
ISM1	-6.63613791152981	2.1789234841802378e-05	CAP_down
COQ7	0.0343891801713862	2.177902827040383e-05	background
CHCHD6	-7.651028557951367	2.1778042522294764e-05	CAP_down
SEC31A	-0.0983963478801224	2.1751158182204554e-05	background
RTRAF	0.1123452447246408	2.1748696272569588e-05	background
DNAJC11	-1.4508477418091834	2.1720381140869854e-05	CAP_down
HERC6	0.0802411572568018	2.1714298874870896e-05	background
CHCHD4	0.1381233032062024	2.1688141429449813e-05	background
LARP7	0.1906870186758009	2.1684739736377335e-05	background
NUFIP1	-0.7260863513822877	2.1683546952504052e-05	background
PAPSS1	3.609814986515804	2.1676550105911467e-05	CAP_up
POM121C	-0.8137643524928505	2.1666113850234608e-05	background
RBMS2	-0.6409236807907512	2.1662098028034312e-05	background
PEX13	0.4696439513684551	2.166185915123444e-05	background
MICOS13	-1.2857216055905605	2.1655795800054545e-05	CAP_down
DUS4L	-3.61831383759904	2.1646447652604783e-05	CAP_down
SAMM50	-0.832504149275573	2.1645248769554642e-05	background
MIGA1	-3.9742632268166416	2.1644860260526844e-05	CAP_down
MYH3	-1.072957258586514	2.1639066948827315e-05	CAP_down
ALKBH5	0.1588462112872909	2.1610312827023215e-05	background
PPCDC	0.2948303193422489	2.1606934561314522e-05	background
OR2W3	-1.39311879620961	2.1606206585884402e-05	CAP_down
KLHL25	-2.5645785204913687	2.1602921295771823e-05	CAP_down
LSM14B	0.1974585111362991	2.1598357850408593e-05	background
UQCRC1	1.591455852630516	2.1586997981901165e-05	CAP_up
SMDT1	-2.108297739723587	2.1583658176812605e-05	CAP_down
SMN1	-0.6766004156955399	2.155675617277369e-05	background
RANBP10	-0.2772782421168077	2.1541473735791693e-05	background
POLR2I	-0.0250757173576253	2.1532846531644564e-05	background
STOML2	-0.0063618902429634	2.1531906052811782e-05	background
ESPNL	-0.9028783441879452	2.1525989389999366e-05	background
ARL17A	-0.8791022951013916	2.1518869784314864e-05	background
NSUN7	14.004463689728388	2.1510448413849633e-05	CAP_up
OSBPL9	2.553446510639242	2.1499564856325087e-05	CAP_up
HLA-DQB2	-1.7993566550491515	2.1480164618132576e-05	CAP_down
MAGEF1	-0.8410836575284374	2.1474878980487884e-05	background
ARL17B	-0.3966555702680708	2.1466154181652926e-05	background
THOC2	-0.2138133520092494	2.1464329358586644e-05	background
CHCHD3	-0.2805244898046533	2.1450765298082077e-05	background
ESYT1	-2.643985370048556	2.14488816123643e-05	CAP_down
DNASE2	1.0648100769696538	2.1448600569353074e-05	CAP_up
CLUAP1	-5.264201073251012	2.1432012146296624e-05	CAP_down
GLTP	2.6846543093104644	2.1418568380663584e-05	CAP_up
COCH	-0.4196716930213429	2.1408420548056807e-05	background
CRYGS	-3.732100428455545	2.1403188823689403e-05	CAP_down
PAIP2	1.7147999000258154	2.1389941278008047e-05	CAP_up
TCP11L1	-0.1092338754258639	2.136173845141203e-05	background
TMEM38B	-0.3525946985590205	2.1353926079532857e-05	background
RABL2A	-4.802452905831095	2.133871009669925e-05	CAP_down
ELP4	-1.2439022065732597	2.132695191728576e-05	CAP_down
DENND1C	0.0078702635334039	2.1301544249063343e-05	background
UFSP2	-1.964739979564788	2.130121010606287e-05	CAP_down
PRELID3B	-0.008363820844992	2.1291629896097453e-05	background
KLHL7	-0.0197164183462957	2.128989219761087e-05	background
CIAO1	-0.0115297501986705	2.127882571081278e-05	background
RAB9A	0.4991855653584932	2.1277790222217875e-05	background
EFCAB7	-0.1593974780214232	2.1268261458032224e-05	background
PDCD6	-0.5842095225391977	2.1266141215635908e-05	background
ACSF2	-3.341994165665301	2.1245579550725347e-05	CAP_down
NUDT14	-2.0631280880252003	2.1226685877189655e-05	CAP_down
POLR2J	1.234145393780038	2.1207541470670217e-05	CAP_up
YTHDF3	2.15967757819499	2.1204828421668184e-05	CAP_up
TMEM216	1.7050067091583918	2.118829500044876e-05	CAP_up
MTCH1	0.0180839006234881	2.118486213741116e-05	background
SDHAF1	-0.5518692842960253	2.1183992769011063e-05	background
RC3H1	0.7127332046819289	2.118241831382566e-05	background
R3HDM4	2.071509108030223	2.117187017853074e-05	CAP_up
NUBP2	-0.5261366535963894	2.1171750511405977e-05	background
RAB11B	-0.1786678812398892	2.1171273236828892e-05	background
XXYLT1	-0.150356792499059	2.1166203850856622e-05	background
PARP6	-0.0550283591757463	2.1154412822705376e-05	background
ZNF428	-0.9852386167303652	2.114190055822602e-05	background
TEX9	-1.877378950011085	2.1131802118544916e-05	CAP_down
SOBP	-0.7060672104923046	2.1130739042973303e-05	background
KRT10	-0.2421938445697478	2.1122268659400443e-05	background
RETREG1	-4.548980948913719	2.1118057175849874e-05	CAP_down
MIGA2	-0.0848281613187081	2.1105756477345197e-05	background
HNRNPM	0.0666781279968871	2.1101316838557747e-05	background
RAB31	12.27698973939702	2.109036435548572e-05	CAP_up
C12ORF43	-0.9532850979322084	2.107533096244756e-05	background
FLVCR1	-0.0884651380409985	2.1055798496789686e-05	background
AP2A2	-0.5126200449693588	2.1051451961933874e-05	background
ELL2	11.270478386524562	2.102222163864783e-05	CAP_up
UFM1	-0.5607549892213085	2.1003200530041e-05	background
WASHC1	-0.0511665337628526	2.0985605387038354e-05	background
ERI1	4.726479790906755	2.0985218204018625e-05	CAP_up
RRN3	-2.6861675205728157	2.0973067533139228e-05	CAP_down
RAB22A	-0.4949281511507177	2.0966570215201007e-05	background
WDR24	-0.1421529023819755	2.096530146582717e-05	background
ICE2	-4.30065761749699	2.0962984288726242e-05	CAP_down
SPAST	0.9411280869592578	2.0945886534093427e-05	background
CHURC1-FNTB	0.0905272590016192	2.0944665790954535e-05	background
EIF4G2	2.3204922231966765	2.0939847480744016e-05	CAP_up
CLK1	-0.1278374145684523	2.0916458925570615e-05	background
ZC3H13	-0.0036565696798762	2.0915129173753497e-05	background
KBTBD7	5.46772242376658	2.0906593763667695e-05	CAP_up
JSRP1	1.0551392118605902	2.089179320695893e-05	CAP_up
KCTD17	-0.7998776529397743	2.0879661908432068e-05	background
DGCR6	-1.1309944345759302	2.0855056054235387e-05	CAP_down
TGOLN2	0.6148656359862537	2.0853840925064502e-05	background
CDK20	-6.727239557129664	2.083493941067423e-05	CAP_down
KIAA0513	3.627991062833249	2.0817407904420718e-05	CAP_up
DDX20	-0.1470017846218273	2.081405093936743e-05	background
TIMM21	-2.035492729372613	2.0800487049084336e-05	CAP_down
SRSF10	-1.086993564572631	2.075675631481854e-05	CAP_down
TNRC6C	-8.563123549644565	2.075315982844737e-05	CAP_down
P2RY4	-5.564525315121197	2.073785030386454e-05	CAP_down
CCDC92	-2.248753356912832	2.0736513723608276e-05	CAP_down
OSBPL10	-4.423904436470513	2.073540536564146e-05	CAP_down
UBLCP1	1.6132923780373285	2.0724524759721194e-05	CAP_up
SH3BP5L	7.63797122460327	2.0713150912764317e-05	CAP_up
PPP1R8	-0.2420697594948474	2.0712515162806498e-05	background
CAPN7	-0.6207292126317675	2.0695423229215282e-05	background
HNRNPH2	3.339966691496407	2.067036375778642e-05	CAP_up
GMEB2	0.0356892803603382	2.066919151421218e-05	background
UFL1	-0.589042727072186	2.066899059069429e-05	background
RAMAC	1.2254037097676984	2.066391908845534e-05	CAP_up
RFT1	-0.0257827415934138	2.062223531068531e-05	background
DTNBP1	1.1442404510819628	2.0621267666180288e-05	CAP_up
SUPT4H1	0.1938996341362727	2.0611125336859716e-05	background
TMED10	-0.2677258668804511	2.0598920869551655e-05	background
KLHL12	3.2161391544999747	2.0597999231240668e-05	CAP_up
ANKRD52	-0.2966975190935941	2.0594904090874806e-05	background
RMND5B	-0.0254394552661789	2.0583596792362344e-05	background
UBFD1	-1.3223787048033055	2.056010053036533e-05	CAP_down
KLHL24	-0.0325480524668111	2.0522151580280274e-05	background
SIDT1	-6.249074975100141	2.0510889960215364e-05	CAP_down
ZBTB6	-0.0030643042160242	2.0484085026605124e-05	background
MGAT2	0.7174229848050988	2.0478681187067025e-05	background
GOLGA3	-0.4498230760829268	2.045953637948065e-05	background
DNAJC21	-0.6270404677972785	2.044961658659331e-05	background
TECPR2	12.40711254065277	2.0427357375295074e-05	CAP_up
COQ10B	3.355110232196628	2.041981101094841e-05	CAP_up
ICE1	-0.4535207962521645	2.0417061922910523e-05	background
RABGGTB	-0.8044846522354279	2.041033432946574e-05	background
ALG6	0.0061807026155159	2.0409152156275695e-05	background
PEX14	-0.1378734901175303	2.0396278463030984e-05	background
PEX2	0.0934826783438171	2.0394746595922792e-05	background
TAMM41	-5.53300062684303	2.0393963002625782e-05	CAP_down
RAB4A	-0.1672111752877985	2.038160401769581e-05	background
SLC43A2	1.7136163307968293	2.038070917344115e-05	CAP_up
PXMP2	-0.1109287056820903	2.0376266118751543e-05	background
RAB34	0.0817605856108304	2.0342145589353313e-05	background
SGCA	-5.967442288058562	2.0340560888007153e-05	CAP_down
PSMG4	-6.30910410412903	2.034016608709324e-05	CAP_down
TTC7B	1.1307895915051476	2.0327521388825262e-05	CAP_up
LSM11	-3.2612176724476094	2.0327287834529974e-05	CAP_down
FAM90A1	2.0029661399498675	2.0320269811988044e-05	CAP_up
SLC25A11	1.968256969696041	2.0305518277838574e-05	CAP_up
NFS1	-0.009894801932689	2.0304293836435192e-05	background
POLR2E	0.0424653390525028	2.0291868983709347e-05	background
IFT172	-5.24701308233322	2.0287170803653123e-05	CAP_down
KBTBD6	0.0430806150037496	2.028461180282991e-05	background
SWAP70	-0.0453168555366966	2.0279971894336935e-05	background
MPND	0.5686104445751292	2.027731160680833e-05	background
ZC3H8	-3.688425084363791	2.0261984900159192e-05	CAP_down
SF1	-0.0819625438728484	2.0260151564653968e-05	background
EIF4E3	6.124598335006668	2.0257235289885075e-05	CAP_up
MDGA1	-0.6137245146755285	2.024014360830774e-05	background
IGSF9B	-5.391575085963984	2.024014360830774e-05	CAP_down
MBNL2	-1.576149483223193	2.021454343472196e-05	CAP_down
SRPK1	16.358001970160203	2.0203972370892328e-05	CAP_up
KIF16B	-0.8075070334830327	2.0185684806794652e-05	background
VPS29	0.3457034570068484	2.017744359046053e-05	background
SYMPK	-0.3611862898125181	2.0174967944899722e-05	background
MBNL3	-2.9673773927761014	2.0170430632702818e-05	CAP_down
PRRT2	-5.2429930327550975	2.0156796941796746e-05	CAP_down
KLHL42	-2.9450817073388804	2.015267705906457e-05	CAP_down
TBCC	0.5977184399083264	2.014967680661901e-05	background
C1ORF174	-0.4747825259027387	2.0144767627417664e-05	background
CTDSPL2	-2.9080030699045336	2.0144767627417664e-05	CAP_down
EHBP1	-2.8782650153625657	2.013444829098136e-05	CAP_down
SLC12A4	0.142823008692562	2.0131893655839417e-05	background
UVSSA	0.0250363511101241	2.0126453525811812e-05	background
KLHL2	12.751505435727834	2.0100840328795735e-05	CAP_up
SRSF3	0.0904869459745387	2.009286221135961e-05	background
ZBED1	1.416327031113067	2.008652319584343e-05	CAP_up
NOP10	8.209540173184564	2.0069150859098e-05	CAP_up
IFT20	0.4463404042612079	2.0038743957234437e-05	background
QTRT2	-0.4483181816755746	2.0035972003740504e-05	background
IPPK	0.7874161117822803	2.001994222740749e-05	background
SHOC1	1.6856180287218032	2.0019459537542804e-05	CAP_up
CDC123	3.484633401110928	2.000322012522842e-05	CAP_up
EIF4G3	7.027132564905106	1.999442188172922e-05	CAP_up
YIF1B	0.9210859599119772	1.9994096766846576e-05	background
CPSF6	-2.7567298018969137	1.995453275827631e-05	CAP_down
TMEM107	0.2186768558596055	1.9931087558132612e-05	background
PLEKHA1	-11.545874547699112	1.9920554098879998e-05	CAP_down
CPVL	-0.357511622883557	1.99120903118715e-05	background
CCHCR1	0.0294147803178568	1.991106961104404e-05	background
ANGEL1	-3.817543607349812	1.9896111357594197e-05	CAP_down
KXD1	0.3888618810797601	1.9889789082274625e-05	background
SNX33	-1.312267459268622	1.988760295047406e-05	CAP_down
SLC2A8	-1.7252580001897482	1.987771434951547e-05	CAP_down
KLHL21	2.11243839770706	1.98690063343828e-05	CAP_up
ADGRE3	-0.1948470261499518	1.986655509257301e-05	background
SNX25	-2.567259505940984	1.9844366101068245e-05	CAP_down
FAM120A	2.1359932375168604	1.9839547079543963e-05	CAP_up
POMP	5.092774536947062	1.9824087625308016e-05	CAP_up
KLHL8	6.605762067116228	1.9821405059525108e-05	CAP_up
EIF4A3	1.5888110132501303	1.980282017501818e-05	CAP_up
WDR59	-1.739574062083586	1.979761078753582e-05	CAP_down
SNX11	6.219525352294174	1.979304243217664e-05	CAP_up
SGCB	-3.5258963462980746	1.979175280213338e-05	CAP_down
COMMD9	0.0271306521669631	1.9790018607105906e-05	background
SLC25A15	-2.234367827665689	1.9787210482014066e-05	CAP_down
ZKSCAN3	-0.9049718429350904	1.9784705225159796e-05	background
MCUR1	0.0368337842271419	1.9780606805086607e-05	background
ANKRD55	0.7252692143385898	1.9757098096337925e-05	background
WASHC3	0.1745532634723517	1.973986766044948e-05	background
PPIP5K1	-3.160661981122153	1.973513238984152e-05	CAP_down
ZNF207	-0.0234119669016966	1.973276577191112e-05	background
NPL	9.759887317494233	1.9729488586210217e-05	CAP_up
COX4I1	-0.2858243723750554	1.971020408866994e-05	background
MLC1	-0.2650744612149598	1.9694077038249964e-05	background
SSU72	0.5277573270363851	1.9689933276167133e-05	background
SLC35D2	0.0012854224446996	1.9683735346202882e-05	background
PAN3	0.2776382417347535	1.9680873826914152e-05	background
EIF4ENIF1	-0.012307196100559	1.9674197177602857e-05	background
TBC1D10B	3.86799387610643	1.9671581668207146e-05	CAP_up
TCTN1	-7.847559171339282	1.9666572111631325e-05	CAP_down
MTERF3	-1.8480920883893437	1.9662531873538575e-05	CAP_down
HTATIP2	11.368997992127555	1.9660768053776847e-05	CAP_up
HS2ST1	0.2579190670851811	1.96600073085879e-05	background
MIOS	-0.0020172167532299	1.965922067780305e-05	background
DDX1	-0.2504718792840906	1.9643285598715136e-05	background
AGFG1	8.382530225388535	1.9641305386112442e-05	CAP_up
YTHDF1	-0.0017249848667862	1.962962403197263e-05	background
CSTF3	-3.066726528454648	1.96194063712222e-05	CAP_down
PPRC1	-1.8967363847572116	1.961071508673755e-05	CAP_down
CAPG	8.17786304178825	1.9603446593570527e-05	CAP_up
MON1A	-0.3668047911269952	1.9580684364692776e-05	background
TRIP4	2.2413293626181683	1.9535331617847303e-05	CAP_up
PABPC4	-1.478962728469908	1.952510190940196e-05	CAP_down
PRKRA	-2.433214963164329	1.9513790458873854e-05	CAP_down
XKR6	-3.237967125972763	1.950893963672889e-05	CAP_down
KLHL3	-14.18136923713845	1.949849461490149e-05	CAP_down
MTO1	-0.4870401116365707	1.9486453949794197e-05	background
ZCCHC10	0.4015583809027973	1.948318128049142e-05	background
ARMC2	0.2369666948811432	1.94766388865825e-05	background
COQ3	0.2536215153089671	1.9467656335456224e-05	background
EAF2	1.5155242825996802	1.945717983367343e-05	CAP_up
SPCS1	0.0604544997880106	1.9456262347518616e-05	background
POLR2H	-0.473120125674091	1.9425277385356442e-05	background
TIMM8A	-0.9771559333910352	1.942511870634157e-05	background
LSM1	0.7863808014160589	1.9414774890814804e-05	background
GOLPH3	3.647318160748509	1.9413465252351905e-05	CAP_up
SLC25A13	0.0650288993555504	1.94111816834074e-05	background
SPTSSA	0.6647241775428918	1.9405798980732146e-05	background
AAK1	-1.709650497251454	1.939198587594177e-05	CAP_down
SLC7A6	-5.161287204233656	1.9386096885291836e-05	CAP_down
KATNAL1	-1.0506904418065637	1.9385112931185967e-05	CAP_down
COPG2	0.379430793144073	1.9378492851218082e-05	background
OSBPL7	-2.546532542036436	1.937823310350952e-05	CAP_down
IFT122	-0.1008973960436068	1.937269947151913e-05	background
EHD3	0.1569478888727651	1.9368648411783693e-05	background
COQ10A	-3.2120279961980094	1.9357644471866618e-05	CAP_down
FYTTD1	-0.0635987851512945	1.9346832879841373e-05	background
TRMO	-0.2198824764024724	1.9332376437730705e-05	background
KBTBD8	-0.1024884662980278	1.9324197766353234e-05	background
BDP1	-2.7474783310559414	1.930697705481605e-05	CAP_down
SNX16	1.8241478798057604	1.9271101289906444e-05	CAP_up
PMPCA	-0.2419947420482687	1.926611004095398e-05	background
UEVLD	1.278221086135502	1.9216279622823167e-05	CAP_up
NELFE	0.731122117685132	1.9212316221576974e-05	background
CLSTN3	0.7543552457717445	1.9182232592114877e-05	background
ATP5F1E	0.2713598285125671	1.9177715872589963e-05	background
NFIB	0.4838249301271151	1.9159703889227128e-05	background
LYRM2	-0.7746387288867295	1.9157206170665084e-05	background
METTL25	0.0011299951031137	1.9144437763862464e-05	background
FAM3A	-0.3104805133011912	1.913439986215601e-05	background
ECSIT	-0.748327122832117	1.9133103316701377e-05	background
SNX6	2.3459449648876234	1.9110891034421632e-05	CAP_up
GFOD1	-0.2527993110318989	1.910684943118337e-05	background
POLR2K	0.0306748547474767	1.9094562299993514e-05	background
COMMD8	0.3082815212088477	1.9089413145711862e-05	background
SARNP	0.0531676791635963	1.907543349582331e-05	background
TOE1	-0.1663650246032714	1.9053854794975476e-05	background
THOC6	-0.0871121911483636	1.905222072564577e-05	background
TGDS	-0.2660626662231422	1.904920883402866e-05	background
PXDC1	-0.1522763572358349	1.9038821385457253e-05	background
GEMIN4	-1.6824564063498542	1.9025587362035377e-05	CAP_down
GRAMD2B	-3.6208081549958537	1.9005538751626253e-05	CAP_down
SPG11	1.832466649589719	1.8995984854162747e-05	CAP_up
MORC2	-2.127770153335377	1.897676788469702e-05	CAP_down
IWS1	0.4649169768345464	1.8968992393866633e-05	background
TMEM19	-1.8963155571074173	1.8958858366049294e-05	CAP_down
SMIM3	5.469672537547725	1.8958858366049294e-05	CAP_up
MKS1	-4.8172801669829415	1.89570106197606e-05	CAP_down
DNHD1	-4.61651549300352	1.891400489385082e-05	CAP_down
TIMM10	1.8086055251098092	1.8904511199581473e-05	CAP_up
MOSPD1	0.3278459234410982	1.8876174712203496e-05	background
SNRPB	0.0790713799884732	1.887540772079231e-05	background
CHRNA5	0.0711823641301934	1.8873988182727866e-05	background
DDRGK1	0.2118366194054452	1.8852425432832705e-05	background
POLRMT	-1.7426486184692225	1.8843652812117107e-05	CAP_down
SNRPD3	-3.305888950467725	1.8822572920700296e-05	CAP_down
AP5M1	0.1107460727790486	1.8802468515100082e-05	background
PM20D1	-4.183248600408552	1.8797130029620754e-05	CAP_down
DDX39A	-0.0040896663552067	1.8759857100646378e-05	background
YAE1	-3.598768057386444	1.873710106666514e-05	CAP_down
ROMO1	0.4418648442203882	1.873693516611083e-05	background
RNPS1	-0.2748734180221915	1.873287264755316e-05	background
TCEA2	-1.742472513132049	1.8709146843954548e-05	CAP_down
RBBP9	-1.0982447970892002	1.8685011976529765e-05	CAP_down
B9D1	-0.570210123356018	1.8672656768576237e-05	background
WASHC5	0.304592865172741	1.865179167315907e-05	background
AP1G2	0.0341111627684706	1.865031726247319e-05	background
CHMP5	7.644124810939135	1.8635237541935395e-05	CAP_up
IPP	0.0626745076402862	1.862189500946875e-05	background
GEMIN5	-1.0147682804561045	1.8621868978974783e-05	CAP_down
SLC25A24	1.7509703549923696	1.8595272086368102e-05	CAP_up
PATL1	4.642400814517971	1.859194673193466e-05	CAP_up
POLR2L	0.0761458907581665	1.858723261429762e-05	background
RAB2B	-0.0929628688208217	1.8585692645872182e-05	background
FRA10AC1	-3.934661733271524	1.8552683864282973e-05	CAP_down
FUT8	-0.154640685766126	1.8548404697026005e-05	background
THOC7	0.4581716507013785	1.8545721667278554e-05	background
PPA1	-0.0254658985078911	1.854258185028111e-05	background
RAB6A	1.7592597646142023	1.8534620843628307e-05	CAP_up
MYBBP1A	-2.14672893593352	1.8528111090696337e-05	CAP_down
MKRN1	0.1988221795935615	1.8515424820652704e-05	background
FIP1L1	-0.0296229165191324	1.851143248457358e-05	background
CHML	-3.558465076495251	1.8473206040101532e-05	CAP_down
NELFA	-0.5711905940011095	1.8463244443252497e-05	background
PRMT2	-0.0816402686448579	1.8450455422235342e-05	background
RINT1	-0.722711872493465	1.8446455816781986e-05	background
EIF2B3	-1.05279582775893	1.8434102914702917e-05	CAP_down
IFT80	-2.717367774365268	1.8426751226740163e-05	CAP_down
LY6E	1.4698830439419086	1.8423880618506813e-05	CAP_up
ANKRD50	0.4171318136667832	1.8400538028342686e-05	background
AGAP1	-10.6861119717497	1.8370581202827072e-05	CAP_down
DNAL4	0.1373440058266121	1.836780496473483e-05	background
ARAP2	-0.2132709294565515	1.8362875639984134e-05	background
DARS2	-0.0461995156544865	1.8356174203414055e-05	background
CHST14	-0.6922453676221506	1.8330852506303163e-05	background
EPRS1	-0.2768028544286533	1.8313510311807398e-05	background
TOMM7	-1.6885793294545044	1.8301981408713658e-05	CAP_down
ZNF787	7.286069512758146	1.830044004589912e-05	CAP_up
USP6NL	0.1315309162673533	1.828770257636012e-05	background
CHMP1A	4.03507959447716	1.8286432100392763e-05	CAP_up
RPAP2	-3.721407815591767	1.8284807086166724e-05	CAP_down
RIOK2	-0.8144530467609313	1.8283681177911102e-05	background
PLCXD1	-0.1961370034362143	1.8281066794760976e-05	background
HMGN1	-0.4302949078884047	1.8270780833484943e-05	background
CNOT2	-0.0138028662328401	1.821730865824956e-05	background
SLC25A38	-2.97145508481118	1.820678858797762e-05	CAP_down
WDR45B	0.0382443690134955	1.8204264407312197e-05	background
EXOC6B	-4.540037779739039	1.820317177071038e-05	CAP_down
VIRMA	0.085845880911939	1.8202830640109724e-05	background
IFT46	-0.8010953345476065	1.8196662045346218e-05	background
PARP11	-0.0259909251218806	1.8189929805962406e-05	background
SLC38A2	3.241665343730161	1.8179973481274842e-05	CAP_up
IVNS1ABP	4.213894543896821	1.8167547975872232e-05	CAP_up
C12ORF57	-3.693731148232084	1.8154009632841053e-05	CAP_down
SNX4	-0.260807921765536	1.8153784684852936e-05	background
ZC3H11A	0.434000315093389	1.8148670016870032e-05	background
KCTD3	0.5997270936276072	1.8141901661150553e-05	background
MAF1	-0.2036488654154192	1.8117258754359617e-05	background
OSBPL11	3.257626735773438	1.811633783271999e-05	CAP_up
PMPCB	-0.1584720982155564	1.811462837564329e-05	background
EFEMP2	3.358494194651502	1.8097682086359934e-05	CAP_up
ARHGEF37	1.3935783024737207	1.807629001252825e-05	CAP_up
XRN1	1.0932639582662234	1.8046321684346478e-05	CAP_up
GOLGA7B	-5.154779657062308	1.8026597419458525e-05	CAP_down
AURKAIP1	2.83939544625497	1.8002584283508953e-05	CAP_up
PGS1	11.335869899492897	1.7996064721908217e-05	CAP_up
EHD1	5.863020426620911	1.799515119231174e-05	CAP_up
SNRPD1	-0.1512938650963182	1.7990901337498086e-05	background
NCBP3	0.155667972707543	1.7988713428232006e-05	background
BEST1	6.290423075910565	1.7984898734508953e-05	CAP_up
MYOF	0.5915066222029948	1.7982043206805726e-05	background
BOLA2B	0.0957922604782509	1.798169061989318e-05	background
EAF1	1.9555787752717115	1.7970698605444838e-05	CAP_up
CEP19	9.252521278471583	1.7969454603508673e-05	CAP_up
VPS39	0.6962416009603364	1.7969161654584687e-05	background
SEC61A1	0.3035292269772848	1.7965821099214644e-05	background
ANKRD37	0.1242789432576929	1.7870909700528357e-05	background
COX10	-1.271287553894352	1.784434292843224e-05	CAP_down
AKIRIN1	2.504709213211687	1.783804931907465e-05	CAP_up
EMC1	-1.3511828242890598	1.783102671868652e-05	CAP_down
FAM111A	-0.0066574951722133	1.7797785536612804e-05	background
TMEM45A	4.027046334079132	1.778060402723049e-05	CAP_up
RILPL2	8.625982996179122	1.7776654386671282e-05	CAP_up
NOL9	-3.6622139727153615	1.7772375985115297e-05	CAP_down
PAM	1.4168905823991669	1.776598169333206e-05	CAP_up
TIMM9	-0.8770276709965883	1.775912811751534e-05	background
CHMP4C	2.156157785884319	1.7750501873306058e-05	CAP_up
RUNDC3A	-0.2464381168169933	1.7746885351364235e-05	background
UBE2Q1	0.9208029484874364	1.7737915917677365e-05	background
SLC25A23	-1.8360637844092116	1.773280393530261e-05	CAP_down
DENND5A	5.310899374057409	1.773151840072466e-05	CAP_up
SLC33A1	-0.957924404973772	1.771419127255331e-05	background
CHMP4A	0.0322414820104062	1.7697473661693147e-05	background
CCDC66	-5.149501456215129	1.7687017930718263e-05	CAP_down
GJC2	-0.0349806435641318	1.7681139623909635e-05	background
NAXD	-0.814048126580901	1.766719472497097e-05	background
IFT43	-1.982782557072784	1.7665193373460322e-05	CAP_down
PEX11B	-0.5331926707272616	1.7664845272068288e-05	background
TEX264	-0.442319141829091	1.765532722145985e-05	background
PGAP1	-0.0445518616162814	1.764559865396741e-05	background
EIF4A2	-0.3135217076620364	1.7633093168259178e-05	background
PNN	0.0039428843396659	1.763162968965615e-05	background
VMA21	-1.513172880833222	1.7606050287202873e-05	CAP_down
TIMM13	-0.205062445129017	1.760039310194022e-05	background
AFG3L2	-1.2696401391472558	1.7585248354216738e-05	CAP_down
CD248	-11.814079756541997	1.7579784143390593e-05	CAP_down
ATRAID	-0.0331247345808366	1.7567631047831872e-05	background
NAGPA	-0.3118041809261864	1.7564169035118086e-05	background
ZNHIT3	-0.6005330837601129	1.7563916745868018e-05	background
ATP6V0C	-0.0266941849277324	1.7554438552211143e-05	background
MTPN	3.054355527365219	1.7553992803493997e-05	CAP_up
WASHC2C	1.5170152549349014	1.7550034644744538e-05	CAP_up
ALG1	-0.812127013067858	1.7536066050995246e-05	background
LRCH3	-0.0847675430667824	1.753497562125675e-05	background
COX19	-0.3277476623578485	1.7529518033514297e-05	background
SLC35B3	0.6489990592296864	1.7523834974767314e-05	background
XRN2	2.1787138990327874	1.7522403247426372e-05	CAP_up
PRORP	-0.374677401076385	1.7504346276341416e-05	background
IFT52	-0.3958929877365096	1.7500808622269772e-05	background
VTA1	1.3353219850507143	1.749306826757696e-05	CAP_up
CHMP3	2.1210581570187745	1.7486900905336976e-05	CAP_up
ASTE1	-0.3282170006632234	1.748345162386219e-05	background
RPN1	2.961289808316855	1.7478906082019436e-05	CAP_up
GAR1	0.1359712043386088	1.747466990716179e-05	background
VPS13D	-0.0588768304685655	1.7472293794766406e-05	background
NECAP2	-0.1352008596136182	1.7464814301576195e-05	background
AP2S1	0.860363874524852	1.7446220138242445e-05	background
DNAL1	-4.489358799970507	1.7441160683049153e-05	CAP_down
WDR19	-1.038977776782577	1.7380182668594033e-05	CAP_down
RC3H2	0.1776782528887144	1.7372371723479176e-05	background
ANO6	0.2725914358571527	1.7358497698623452e-05	background
PEX7	-1.437323670855631	1.7355381856484488e-05	CAP_down
SNRPD2	-0.9775057760175246	1.7321476318976116e-05	background
TRA2B	0.1190655922931227	1.731911310403992e-05	background
NUCB1	3.2565508522814945	1.7312754566257638e-05	CAP_up
IFT27	-0.7197390231979366	1.7301848852190005e-05	background
SHQ1	-3.384624145996642	1.7287560307112115e-05	CAP_down
MON1B	1.892920173037015	1.728204636557399e-05	CAP_up
SNRPF	-0.1658705330783598	1.7264412530648994e-05	background
DCPS	0.0029033181030982	1.7258470002814564e-05	background
TMEM9	-0.2476790790527215	1.7257520824021742e-05	background
TRAPPC4	0.357503104137032	1.7215754966820634e-05	background
SNX8	-0.2021986928189355	1.7208918664010808e-05	background
MOB2	-0.5350004357996798	1.720542893698579e-05	background
ACAP1	0.8861948191714473	1.7194763934633283e-05	background
CUL7	-0.0130638711012179	1.718513551077193e-05	background
EFTUD2	0.0041931634654758	1.718300953817526e-05	background
GOLGB1	0.1988757552205108	1.7179921915526415e-05	background
TCTN3	-2.623679453786641	1.717876112433096e-05	CAP_down
RXYLT1	-0.6990838250491966	1.714445827143985e-05	background
SMG6	-0.2412290419177883	1.7138821216074788e-05	background
SNRPG	-0.0172524180629468	1.713067872906854e-05	background
ATPSCKMT	-0.0325567652324945	1.7116978387275253e-05	background
IST1	1.876147761227044	1.7107424465981583e-05	CAP_up
MLEC	-0.0363201235860206	1.7105864207084712e-05	background
VPS35L	-0.011833623951499	1.7105382160339276e-05	background
ST6GALNAC3	7.577405139742547	1.709946986168137e-05	CAP_up
ST6GALNAC4	-0.8175731002836937	1.709943330443503e-05	background
ST6GALNAC6	-5.640693103126262	1.7099419176031854e-05	CAP_down
SMCHD1	1.821920965402764	1.708260941732171e-05	CAP_up
RPLP0	-1.7642921127031428	1.706996332480109e-05	CAP_down
POLR2B	-0.0432589282601455	1.700787695550803e-05	background
ACAP2	1.3686187518587904	1.6962699718520776e-05	CAP_up
PNMA1	-0.0180040683584941	1.6933968888742916e-05	background
ARFGAP1	0.0149275794130697	1.6928482227384656e-05	background
REXO5	0.6503192573054012	1.6918158052701904e-05	background
PAXBP1	-0.9496041435276706	1.6909595450737363e-05	background
GTF3A	-0.2203598937750891	1.6908081767536076e-05	background
CHST15	4.559977056510451	1.6896206946847973e-05	CAP_up
PHF7	-0.3418652122585539	1.6889559697520942e-05	background
FCGBP	-14.047689194061984	1.6883359406233738e-05	CAP_down
TIMM29	0.017799702000057	1.688049351910964e-05	background
DARS1	-0.0663865883946513	1.687670551136386e-05	background
SEMA4B	5.701854882077221	1.6852352425134923e-05	CAP_up
THUMPD3	-0.4096560036659097	1.6834520788774937e-05	background
AP1B1	0.3231670638608781	1.681982176656193e-05	background
PLEKHO2	9.429056665422948	1.6803154291581744e-05	CAP_up
NABP2	-0.0327058809127371	1.6796749683871757e-05	background
MRPL23	0.0660936762759202	1.6761487969065207e-05	background
TBC1D23	1.0413105901881397	1.6748701755965383e-05	CAP_up
PTRH1	-0.6457336015042335	1.6746641419700602e-05	background
SLC38A1	-5.710835294649627	1.6725376966389446e-05	CAP_down
B4GALNT4	-1.437648781476932	1.6716845609215713e-05	CAP_down
SMN2	-0.6766004156955399	1.670495098498728e-05	background
PRELID1	2.541665314091107	1.6701414536421585e-05	CAP_up
SRSF7	-0.4180468043360983	1.6697360110025037e-05	background
SYNRG	-0.7664220709762535	1.669416393410358e-05	background
ZFR	8.336751159382041e-05	1.6691998887374497e-05	background
NUDT22	0.3824069484817664	1.6681514936967556e-05	background
SNAPC5	-0.2853250258509278	1.6659211531225523e-05	background
RBM10	0.3935199326496832	1.6631061729306624e-05	background
COQ8B	2.170930936889094	1.6610897616685047e-05	CAP_up
MRPL40	0.202987837534459	1.660536049236324e-05	background
RAB6B	0.758088308008218	1.6603934983765856e-05	background
PNRC2	-0.26321772925546	1.659821965689436e-05	background
LYRM4	-2.832238068350818	1.6582952669223817e-05	CAP_down
UBAP2	-0.5985050819753794	1.6579796420141426e-05	background
NMD3	-0.1701267443828689	1.657976898847985e-05	background
ZNF740	-0.3988017049236805	1.6579243447437687e-05	background
REEP6	-8.094105315906047	1.6579243447437687e-05	CAP_down
TPD52L2	7.399219914774623	1.657877773478838e-05	CAP_up
HDDC3	-0.0924051492374451	1.657797986152958e-05	background
EMC2	0.6014438694652325	1.6571931169599213e-05	background
ARL2BP	-0.6578130670555848	1.656920400989591e-05	background
MRPL44	3.2631565859872733	1.6555703073209247e-05	CAP_up
SLC6A8	1.1821041203417155	1.654023636666297e-05	CAP_up
TGFBRAP1	-0.4256315564874205	1.6538262534856498e-05	background
TMEM259	-0.408466305325936	1.6537942802081313e-05	background
MRPS35	-0.3776285113211518	1.6535136504416376e-05	background
ZC3H4	0.0269706725045385	1.6515199248152378e-05	background
PTP4A3	0.1300834691806757	1.6489570172825675e-05	background
GOLGA5	1.087778638074549	1.648218564943257e-05	CAP_up
SIPA1L3	-1.0624639278869086	1.645420523925621e-05	CAP_down
ZNF17	-3.296166931278941	1.6450425571220245e-05	CAP_down
ZNF227	-2.092167251142672	1.6450425571220245e-05	CAP_down
TIGD3	0.0700675414212939	1.644948327241465e-05	background
LOXL3	4.411608810995153	1.6446047166146224e-05	CAP_up
YTHDC2	-1.083968415960446	1.643939831121799e-05	CAP_down
PHACTR4	-0.4537093702405698	1.6433769077587957e-05	background
PARN	-0.0217219856501158	1.639096690851978e-05	background
OPA3	-0.5975419640724573	1.6371667864002267e-05	background
BAIAP2L2	-2.509100485612597	1.6365213719321486e-05	CAP_down
SDHAF3	1.4219532429696111	1.635937485753805e-05	CAP_up
POLR2C	1.20729152733907	1.6338519183757813e-05	CAP_up
RRP7A	-1.425250547823424	1.6334831609495086e-05	CAP_down
PUF60	-0.1827469186541238	1.629364710489617e-05	background
PITPNC1	-4.7968243230159455	1.629096091743025e-05	CAP_down
CLDND1	-0.2399316920579956	1.627798264568364e-05	background
TBC1D5	0.1836684732008647	1.6251742393491247e-05	background
MRPL41	-0.0276770147283218	1.624418194565342e-05	background
B3GALT6	-1.5973230930503248	1.6217219780793497e-05	CAP_down
ALG8	-1.1807938514839025	1.6210423873204056e-05	CAP_down
USB1	15.281001197945038	1.6205230496525524e-05	CAP_up
NAGA	-0.0333086687604648	1.620208207370763e-05	background
CCZ1B	-0.29719840360711	1.6184231261685962e-05	background
PLAGL2	0.5291065713357234	1.6182788103353152e-05	background
MIPEP	-3.411571363884414	1.6179384027787416e-05	CAP_down
BFAR	0.1611524935931594	1.6152616211844477e-05	background
PEX11G	1.0895712753471216	1.6143083506131427e-05	CAP_up
SLC26A11	-0.0706486088844006	1.614255371944521e-05	background
CHMP1B	3.0348845290051965	1.6126813131162762e-05	CAP_up
DPH3	4.974831802326008	1.6125356064498102e-05	CAP_up
INTS2	-1.0396621359253329	1.6115487383523528e-05	CAP_down
TRIM44	-2.267772744701237	1.6114515056416654e-05	CAP_down
ZFYVE26	0.4358001830526592	1.610628793328783e-05	background
ZNF511	-0.0517312797436832	1.6099893605370967e-05	background
MRPL34	-0.2107840016563047	1.609985857931015e-05	background
LRCH4	0.6469972510080849	1.608755762137743e-05	background
SCAMP1	0.0318289565108693	1.6083639729851068e-05	background
U2SURP	-0.3025601746487014	1.607960682606163e-05	background
FKRP	0.156639481023943	1.607933183558829e-05	background
SNAPC2	-0.2290747050062934	1.603756797353731e-05	background
FRMD8	0.4301660820998732	1.603690427104908e-05	background
ZDHHC5	3.1465969507938225	1.6031614044034684e-05	CAP_up
SLC25A37	8.511644386946564	1.602485232736608e-05	CAP_up
LENG8	-0.2914687169655572	1.6015795921844333e-05	background
CNIH4	10.15748196505574	1.6009074191566592e-05	CAP_up
PWWP3A	-1.9304644396112896	1.5946500993497192e-05	CAP_down
EFR3A	0.054824261925971	1.593962782310651e-05	background
PEF1	2.4805130981177053	1.5912855348162103e-05	CAP_up
ZNF444	-0.1234141980027385	1.5909039108897595e-05	background
MRPS7	-0.0061538964432793	1.5900748371444547e-05	background
TNNT1	2.584828963246508	1.587824655643886e-05	CAP_up
VPS36	-0.8092926341738214	1.586869104926466e-05	background
ISCA1	0.0629143719994296	1.5845964273993876e-05	background
MRPL49	0.0577624099592712	1.5840881339821904e-05	background
INTS9	-0.5898317119476214	1.5840332976291983e-05	background
VPS13A	-3.797658898529217	1.5838643614035114e-05	CAP_down
UQCRHL	0.7765646640397921	1.5833679570828354e-05	background
POLR2F	0.051251280550661	1.5805367227167815e-05	background
EIF4H	0.3290753864080089	1.5803006397801303e-05	background
SLC36A1	11.642458873456278	1.5791451311652406e-05	CAP_up
COMMD7	-0.7875096148421562	1.5777456562535575e-05	background
TNNT3	0.5607386998716968	1.575914220136758e-05	background
RPP40	-1.16205166989307	1.5756123029492335e-05	CAP_down
ZNF473	-0.3353228575934049	1.575434109985964e-05	background
PRDM15	-2.111392538187158	1.5734492252086378e-05	CAP_down
B3GALT2	-10.675715066282748	1.573297198951285e-05	CAP_down
FAM110B	8.188694454185235	1.5717741188980605e-05	CAP_up
FAM110A	-0.6600428912871115	1.5717741188980605e-05	background
TCEA3	-7.667659536533186	1.5704780491574423e-05	CAP_down
ATP5MC2	-0.4955490497318565	1.5654744680786297e-05	background
TOB2	-0.1390807360981626	1.5651518385540314e-05	background
STX11	6.639367957943145	1.5630205623322366e-05	CAP_up
MRPL46	-0.9537460399584826	1.5626309038305887e-05	background
TSSC4	0.9383845822063488	1.5625805498152957e-05	background
SNX3	6.977909647113815	1.5613515890376504e-05	CAP_up
COMMD5	2.643781416998034	1.560988219118718e-05	CAP_up
TMEM254	-0.2988340929747953	1.5597494180763907e-05	background
WASHC4	1.768448501111508	1.559610098412928e-05	CAP_up
SCAF8	-0.0022194565017309	1.558977763998972e-05	background
DDX60L	9.97177344190596	1.5588595094207338e-05	CAP_up
ZNF212	-0.1464519962512778	1.5568968843792526e-05	background
INTS8	1.073390064317627	1.5558527446726444e-05	CAP_up
SLC39A3	0.4797164738605984	1.5554626438757093e-05	background
TIMM10B	-2.4596941581114606	1.554445024903829e-05	CAP_down
NDST2	0.7715297117375494	1.5541350740669685e-05	background
TTC21A	-0.9599805826771308	1.553284011773568e-05	background
DENND4C	-1.403796193344692	1.549334334729954e-05	CAP_down
DENND4A	-0.0009060299173984	1.549334334729954e-05	background
TTC32	0.1199082505002855	1.5491363706267843e-05	background
FAM98A	0.184540338596464	1.5490959285219367e-05	background
LTV1	-0.5017752842989922	1.5487582890294526e-05	background
NHS	-0.3185312804325718	1.547514540584218e-05	background
COMMD10	-1.0682166919826477	1.5468301416688983e-05	CAP_down
MREG	0.2580429758154983	1.5464665278495958e-05	background
ATP5MC3	0.0963916636020974	1.544763478121736e-05	background
NAA60	2.5388808161804337	1.541203804852924e-05	CAP_up
SNAPC1	-0.2313609840598909	1.5395862290249015e-05	background
SLC25A25	-0.2196751646676209	1.5387037878481998e-05	background
COMMD3	-0.1866393973626694	1.5386451985597727e-05	background
FASTK	-0.4514741714709964	1.537513778561806e-05	background
NOL6	-1.9858582942235583	1.5373524646490585e-05	CAP_down
COMMD2	0.0379879640251955	1.5370527879347866e-05	background
RPN2	0.2431123900423099	1.5367401555787056e-05	background
DPAGT1	-0.0006472604256101	1.5353470377907387e-05	background
PAQR8	-6.036511827803267	1.5349862970579373e-05	CAP_down
INTS4	-0.0327601859236783	1.5349455068936047e-05	background
MRPL43	0.4577980438093995	1.532308972349873e-05	background
TEPSIN	0.1530123593871421	1.5317417522284096e-05	background
ATP10A	-4.262181328427632	1.5304036004061255e-05	CAP_down
SMIM24	0.0441466578305234	1.5296840869639798e-05	background
GBGT1	0.9188199930049876	1.5280944489253584e-05	background
TBC1D24	0.5863208904474992	1.5279580217504153e-05	background
RPP21	-0.3636119217828272	1.5275450360921314e-05	background
INTS7	-0.0089395923249385	1.526536191114527e-05	background
GEMIN2	-2.068038038124934	1.5257168565218814e-05	CAP_down
PABPN1	0.079826484403996	1.5199804127112195e-05	background
RPP14	0.0003232773322727	1.518905757377937e-05	background
VPS4B	1.7901592282733771	1.51868955208368e-05	CAP_up
PEX16	0.0774593487851054	1.5157886043874155e-05	background
VPS28	-0.2134354175892416	1.5155015065707792e-05	background
ATP6V0B	7.094331483414637	1.5153664419776686e-05	CAP_up
ZNF469	-7.1389111673824	1.5141188817199272e-05	CAP_down
CRPPA	-0.4108369798960621	1.5124760992148985e-05	background
ATP5MC1	1.0718219050939868	1.5113419217943985e-05	CAP_up
PARP8	0.5013766125315899	1.5113367483436812e-05	background
ITFG2	-5.581785351952019	1.5086314194519175e-05	CAP_down
UBAP1	8.608530466983153	1.508154667508313e-05	CAP_up
AP1G1	0.8487969087435882	1.5075936809612456e-05	background
MTERF1	-1.9296266982570904	1.5023900321582993e-05	CAP_down
KIZ	-0.2282471152900832	1.5020954442983015e-05	background
POP4	0.3779541423642146	1.5017865234736621e-05	background
AARS1	-0.1532503646643106	1.501178557003722e-05	background
EMC6	1.7527940697615227	1.5006750923103841e-05	CAP_up
SLC12A6	3.307906817671741	1.4996154431191844e-05	CAP_up
PPA2	0.0881917893347085	1.4996017093656267e-05	background
VAMP3	6.0605150302084185	1.498248882992689e-05	CAP_up
TBC1D32	-4.027641663420659	1.4973591113343377e-05	CAP_down
ANKHD1-EIF4EBP3	0.1677361618772214	1.4969445793089731e-05	background
SYTL2	-10.59549887302343	1.4962794563151228e-05	CAP_down
CLUH	-0.4076611720904292	1.4958659492965126e-05	background
TBC1D20	2.4913510269452868	1.4957619646628702e-05	CAP_up
RETREG3	-0.0085610969431062	1.4953556273153472e-05	background
CASTOR1	-1.4067630128464776	1.49478243451047e-05	CAP_down
VPS50	-1.650806078559178	1.492809932745341e-05	CAP_down
ANKRD23	-4.698421582299353	1.4907741424072952e-05	CAP_down
RETREG2	2.5084382332919746	1.4894726965503711e-05	CAP_up
ACCS	-1.9286841261636631	1.488159084420314e-05	CAP_down
ATP6V1A	2.486228741823751	1.4864067816656276e-05	CAP_up
LMAN2L	-0.054764824130972	1.4860220457876616e-05	background
CLK3	1.6137147832450676	1.4849326488971978e-05	CAP_up
TSPYL4	-0.5568261447430729	1.4848195388044724e-05	background
SDHAF4	-0.9623715537094272	1.4842996188724713e-05	background
ASCC3	-0.9908934358968268	1.4841192562749958e-05	background
GORASP2	-0.1751147784504645	1.4831402950194612e-05	background
PABPC3	-0.0748874836657562	1.482785973610581e-05	background
SCAF4	-0.3114111378700853	1.4810440625539902e-05	background
MRPL47	-0.1259423634094101	1.4810429264596183e-05	background
ELOF1	-0.2077430346521383	1.4780940299361912e-05	background
SRSF6	-0.944035212893254	1.4775486861407248e-05	background
GPR89A	-3.206089955541895	1.4770923471830871e-05	CAP_down
EXTL3	1.7386294932651507	1.4768669847573917e-05	CAP_up
TNNC2	-0.3839645269300837	1.476752477699669e-05	background
RPSA	-2.294862375224412	1.4763614701198257e-05	CAP_down
TBC1D22A	0.0333450942822164	1.4755966760203747e-05	background
PANK4	-0.1388624167357029	1.4744573905197044e-05	background
C5ORF22	0.0774550347690247	1.4725557827374574e-05	background
SZT2	-0.0451977908644942	1.4712472697235972e-05	background
CNST	-0.0278412572280483	1.46860593179544e-05	background
DDR1	-5.150599972338333	1.4664313202790599e-05	CAP_down
ZNF79	0.2007868819099124	1.4664313202790599e-05	background
OTUD3	-2.3695538637949896	1.4645126106949044e-05	CAP_down
FKTN	-6.629968231554114	1.4641015669632476e-05	CAP_down
SLC31A2	2.2519742361544144	1.4633179781146281e-05	CAP_up
SLC31A1	1.2678062815162223	1.462522317812743e-05	CAP_up
TRA2A	0.021079614224085	1.4623763487405613e-05	background
U2AF2	-0.040810164649173	1.4617506955202966e-05	background
MARVELD1	0.4755911592832662	1.4606099949920721e-05	background
UNC119B	-0.5762495504498709	1.4587459439981927e-05	background
GIMAP2	-0.0650014426750384	1.4586346207478266e-05	background
NDUFAF6	-0.3847465841902877	1.4573534200413657e-05	background
INTS11	-0.0880719443719245	1.4568054118555301e-05	background
RAB20	10.940152663144406	1.4566767197857339e-05	CAP_up
TTC7A	0.0019495997629356	1.4544232854588252e-05	background
TSTD1	-1.1983332778603584	1.4493240133952819e-05	CAP_down
CHMP4B	1.179198397805577	1.4485256771439378e-05	CAP_up
PABPC1L	0.5041893415662396	1.4465927162492356e-05	background
PRPSAP2	-0.720008999270194	1.4445909031928939e-05	background
BORCS6	1.030985619930571	1.4440783745042878e-05	CAP_up
NVL	-2.972165125904059	1.4436979938980744e-05	CAP_down
DRG1	-0.5205660521630296	1.4414310154175156e-05	background
NELL2	-17.670554782032056	1.4406572333526111e-05	CAP_down
AKAP17A	0.0712934925451581	1.4396170834464345e-05	background
GCM1	2.7397112101137697	1.4394720812752686e-05	CAP_up
UQCRH	0.2287627687643433	1.4388397371688623e-05	background
CCDC28B	-1.1674256890939183	1.4386360925197441e-05	CAP_down
ATPAF1	-0.0598890141008979	1.4382111911361106e-05	background
NUDT21	-0.6440473575931641	1.4381238831927366e-05	background
AP4E1	0.0045383485982013	1.4359878590167663e-05	background
EEF1E1	-0.5346565710452374	1.435664206420991e-05	background
MRPL27	-0.0034235207697357	1.4350073293527304e-05	background
ZNF783	-4.989033696598744	1.4330619009601786e-05	CAP_down
VPS4A	0.0063414416184645	1.4322693428043114e-05	background
BCS1L	-0.9692335705683024	1.4315902273299e-05	background
PRPSAP1	0.0548280875660243	1.4315257186710741e-05	background
RFESD	-0.582213775529193	1.4306753406126668e-05	background
COX6B2	8.240105335726797	1.4304873341379201e-05	CAP_up
NDRG3	0.865258798556125	1.4294308292499286e-05	background
FASTKD5	1.557683034520211	1.4291658212232659e-05	CAP_up
EXT2	-0.3866968479342197	1.4284310408677192e-05	background
RBM18	1.2162481410471442	1.4282565640103048e-05	CAP_up
GPATCH1	-1.2953876761677483	1.4277496649558152e-05	CAP_down
NSUN5	0.4646245665213826	1.4255591959777808e-05	background
ZC3H6	-0.1381530438124739	1.42554549164874e-05	background
STARD5	-0.1942478862026792	1.4246764144158369e-05	background
ST6GAL1	-2.857114272514883	1.423110292758051e-05	CAP_down
MCRIP2	-0.9484894138810384	1.4207162358294836e-05	background
MRPS16	-0.0212128312665767	1.41878048797667e-05	background
MRPS9	-1.6356722900434395	1.4184837540320313e-05	CAP_down
CCDC22	0.0012850834421875	1.4184460600711084e-05	background
MRPS6	-1.6937152391848138	1.4184320301060497e-05	CAP_down
TRMT2A	-0.4671618223809618	1.4175478865541683e-05	background
CCDC93	0.9125041068834464	1.4170328671024544e-05	background
UPF3B	-0.1038757959228839	1.4168064996505994e-05	background
SLC9A5	1.4114478622648563	1.4149387518238028e-05	CAP_up
KCTD20	1.7796894319869687	1.4136997512976125e-05	CAP_up
ZNF598	-0.0295755693168473	1.4113020512521352e-05	background
KARS1	-0.0556569277815061	1.4110380083423785e-05	background
VPS37B	3.501331526514706	1.407233087592049e-05	CAP_up
NDUFB6	2.372293993673401	1.4030860470998261e-05	CAP_up
CFAP36	-3.2063746941867386	1.4017514752796284e-05	CAP_down
PUM1	-0.1252690352380516	1.401408797044876e-05	background
KDELR1	1.0598441534024383	1.4007201979611864e-05	CAP_up
DDX42	0.0367952958357893	1.4000187028255121e-05	background
SSR1	0.8816801061125159	1.3988871145260104e-05	background
CHMP7	-3.21151634216318	1.3987056372070464e-05	CAP_down
CHMP6	-0.0227856088968088	1.3977635111985303e-05	background
PGGT1B	0.0642300707566723	1.3977097690300675e-05	background
TNNI2	6.231362815759115	1.3965019161688896e-05	CAP_up
HS6ST1	0.0163293045084955	1.3958932954569018e-05	background
SLC39A4	0.0069387807442257	1.393190592029109e-05	background
SERF1A	-2.227104968985306	1.3931429732552278e-05	CAP_down
GPM6A	-1.4252201107935678	1.3931173211352517e-05	CAP_down
ATPAF2	-0.2354170125718531	1.392573005381119e-05	background
TARS1	0.5681015118928672	1.391822054144608e-05	background
RAB11FIP4	0.0442490530193209	1.3914150614337192e-05	background
WDR33	-1.288081118858965	1.3905200887197624e-05	CAP_down
CHD2	0.2004087636176648	1.3897396361215522e-05	background
SNAP23	1.4629508887706482	1.3851088044821312e-05	CAP_up
POMT2	-0.1599060276559866	1.3846856393186617e-05	background
DAZAP2	2.410999765982564	1.3846083607632406e-05	CAP_up
EXTL2	-5.47866196015514	1.3836074053731838e-05	CAP_down
SNX12	0.9065789026510463	1.3821929211610865e-05	background
VPS33A	0.2795681058269409	1.3797331334298834e-05	background
SLC35A3	-4.866858653893731	1.3777346877423266e-05	CAP_down
TMEM184C	0.5862627102723995	1.3763375126982347e-05	background
MRPL33	0.319413010112087	1.3762022003602351e-05	background
GPN3	1.034004799798928	1.3758365448356926e-05	CAP_up
ROGDI	0.2670883803178485	1.3730663241227652e-05	background
ENDOD1	-0.0105617783408016	1.3724161915230023e-05	background
LYST	1.3681799976667115	1.3713503499466728e-05	CAP_up
COX6A1	0.699579530201765	1.371253982535606e-05	background
UXS1	-2.384753113489192	1.3700527380640846e-05	CAP_down
NDUFA10	-1.5464644477116585	1.3696208495634158e-05	CAP_down
SCYL1	1.597412104728857	1.3683244552817017e-05	CAP_up
GK5	-1.6002428335102512	1.3661879204217434e-05	CAP_down
ATAD2B	0.033671526825808	1.3661879204217434e-05	background
SRSF9	1.1077446370654789	1.3655068066718442e-05	CAP_up
CIAPIN1	-0.3269714082682957	1.3633014086405641e-05	background
BLOC1S2	1.9869388356239088	1.3629397582954651e-05	CAP_up
HIGD1A	0.8358189518196792	1.362579828508913e-05	background
SCO1	-1.2936837809342447	1.3613521236653154e-05	CAP_down
CHMP2A	7.397981425226034	1.3607831987972735e-05	CAP_up
AARS2	-3.271811569755307	1.3607048873711753e-05	CAP_down
OXSR1	2.982636547418248	1.3604431673961557e-05	CAP_up
C19ORF25	-0.431274227471225	1.3585670984507146e-05	background
KPTN	2.593259088155349	1.3579060325441186e-05	CAP_up
AP3M2	-3.472722000127853	1.3578742852365522e-05	CAP_down
RBM39	0.2319915360358794	1.3578599900864212e-05	background
MVB12B	0.0420591362006876	1.3577033863227263e-05	background
DMAC2L	-4.943597983635163	1.3567097829143513e-05	CAP_down
EMC3	1.4443764723532315	1.3565280725312463e-05	CAP_up
RPL5	-1.6869956017432766	1.3552996574057657e-05	CAP_down
MAGOH	0.0702260648612993	1.3535801657576823e-05	background
MRPL19	-1.1861804728933223	1.3524340063578367e-05	CAP_down
ATP6V0A2	-3.01063228055215	1.3499218997050126e-05	CAP_down
CIAO2A	0.4799494401156442	1.3492284717843393e-05	background
MARCHF9	-3.8250117115687594	1.3476592651683777e-05	CAP_down
SIL1	2.198193949346109	1.34730832783848e-05	CAP_up
MRPL32	-0.4777648852112076	1.3470398873038356e-05	background
DENND10	3.651505080289535	1.3467264505573755e-05	CAP_up
ATP6V1B2	5.187539510566848	1.3461907889187185e-05	CAP_up
RABAC1	2.114866357609702	1.3459362223394052e-05	CAP_up
EIF3B	-0.4933318768683084	1.3450322589936507e-05	background
WDR36	-2.0775204173565878	1.3442048377011858e-05	CAP_down
RAVER2	-0.5427404281898396	1.3427394746994246e-05	background
SCOC	-0.3266130490627371	1.3423610163121163e-05	background
WDPCP	-2.703929970299208	1.3422582387563969e-05	CAP_down
PAQR7	-3.493772111967795	1.3420801322001984e-05	CAP_down
MRPL36	0.2427312845276976	1.337816127765871e-05	background
SLIRP	0.0007314348511657	1.337760336632661e-05	background
PON2	-2.357088789534353	1.3373958727151325e-05	CAP_down
SRSF5	-0.6763383990808329	1.3357324627050375e-05	background
GMEB1	0.2683345016751017	1.3313333126323899e-05	background
TNFAIP2	0.861054972793603	1.3302474397366033e-05	background
RPL11	-0.5187812024896424	1.3285387416709152e-05	background
PEX1	-1.8504310427381632	1.328513944860757e-05	CAP_down
CPSF2	0.7341663557191913	1.3282672785616658e-05	background
TMEM165	6.870359313507498	1.3270353611687683e-05	CAP_up
ATP5MG	-0.1187513601850965	1.326921565631426e-05	background
ABCB7	-0.9948728195376052	1.3268856407324567e-05	background
SNRNP70	-0.3398059396571268	1.3259114015253398e-05	background
NSRP1	0.4118664097939775	1.3239108593312919e-05	background
PAQR6	7.041899423059451	1.3229488901973876e-05	CAP_up
ELAC1	-2.252149625029796	1.3228210592465139e-05	CAP_down
SLC9A6	0.002462624430016	1.3202409943737481e-05	background
FAU	-1.5987671356766426	1.3201085976753233e-05	CAP_down
RPP25	-0.0919182174532688	1.320039354986353e-05	background
UQCR11	0.0642932267174636	1.3186301106602245e-05	background
CCNYL1	0.2602089771038998	1.3172110009003096e-05	background
ABHD2	3.294730956125864	1.3165046455844974e-05	CAP_up
DSE	6.067511503371459	1.316308263371517e-05	CAP_up
ZNF2	-0.5208200368190189	1.315198658981466e-05	background
TCERG1	-3.7833222930834136	1.312742366246094e-05	CAP_down
GFOD2	2.330674959682931	1.31045384222417e-05	CAP_up
MRPL17	-0.1370556932061877	1.3083974564695454e-05	background
LZTFL1	-3.095152354593107	1.3073039828067629e-05	CAP_down
BOLA3	-0.2042119504894198	1.30726372264691e-05	background
MT1X	-0.0099111375329599	1.3065707481337895e-05	background
HBA1	0.7253752396868396	1.3064609616273439e-05	background
ISCA2	0.1176409677070053	1.3056598449789734e-05	background
TRMT11	-4.034333519115715	1.3034305370683017e-05	CAP_down
SSR4	0.0208002029035212	1.3030052965592396e-05	background
VPS25	2.024897367616177	1.3024688813101427e-05	CAP_up
LMAN2	3.5004999775751755	1.3019645186256138e-05	CAP_up
SYTL3	0.012285846773168	1.3006752630617141e-05	background
NOC2L	-0.3254063336990175	1.3005267472928624e-05	background
VPS37C	0.1936316733341075	1.2997096090058923e-05	background
N4BP2	-3.2390162333306334	1.298725791227026e-05	CAP_down
N4BP2L1	-1.2755749469365627	1.298725791227026e-05	CAP_down
N4BP2L2	4.374447908306349	1.298725791227026e-05	CAP_up
POLR3E	-2.9044663557058983	1.2983618391349843e-05	CAP_down
MT1F	1.3409939013069505	1.2978685766637036e-05	CAP_up
POMGNT1	-2.247636811378139	1.296703341526476e-05	CAP_down
CPSF3	0.2181996644740436	1.296040505313339e-05	background
TMIE	-11.212552031207489	1.2957274315425496e-05	CAP_down
ACAD9	-1.0543379780026043	1.2931002937818156e-05	CAP_down
POLR2M	-2.273283377001978	1.2919242974070444e-05	CAP_down
ZDHHC2	0.2760444254164909	1.2911440330671741e-05	background
CSTF2	-0.1536590617307177	1.2905794743986881e-05	background
EIPR1	-0.11235014773715	1.2905334161785009e-05	background
ABTB1	5.641085018968193	1.2902332172031627e-05	CAP_up
DPM3	-0.031768706971523	1.2902013484387892e-05	background
SLC25A33	-0.1401332581968845	1.2894093424347494e-05	background
POLR2J2	-0.3747046821311049	1.289344508991459e-05	background
RAB1A	8.228983993881219	1.2857444911027325e-05	CAP_up
SLC25A10	-0.0216867914435413	1.2853872919171492e-05	background
ANKRD54	-0.0275248418044987	1.2845471688203033e-05	background
TMEM209	-2.4831342703794745	1.2839730530293764e-05	CAP_down
ALG14	0.0310040430697164	1.2838730588964981e-05	background
ATP6V1D	6.130060319933449	1.2835264345023676e-05	CAP_up
DNAJC17	-1.203038998498028	1.282632015131579e-05	CAP_down
GPR34	-0.4357939695080289	1.2821352031822602e-05	background
ATP6V1G1	0.2243086655188322	1.2809083888755657e-05	background
TPST2	6.356267259381163	1.2808465850288504e-05	CAP_up
TPST1	11.53496389933254	1.2795878136108087e-05	CAP_up
AVL9	2.1529694033300166	1.2791337887811138e-05	CAP_up
SLC10A3	0.4539265784077951	1.2782123415275489e-05	background
VPS37A	0.2895215329426738	1.278058180283806e-05	background
DNAJC8	-0.0790536466923835	1.2771842570103467e-05	background
VPS26B	0.4435707757485009	1.2770814341401166e-05	background
MTHFSD	-0.3814477353807909	1.2763332891824017e-05	background
RCCD1	-1.5479994995779438	1.2749873397365759e-05	CAP_down
NAA16	-2.325193326556316	1.2736220373972061e-05	CAP_down
COPB2	3.756653750022677	1.2731731073087429e-05	CAP_up
RAB11FIP1	1.941197114737034	1.2731187170871286e-05	CAP_up
RAB9B	-5.707556903273143	1.2726070772164387e-05	CAP_down
TMEM126B	-0.2765894445377393	1.2675688749174557e-05	background
DIS3	-0.3455212255824509	1.2674586981735727e-05	background
NAA50	0.2256481224615789	1.2671527127247931e-05	background
LSG1	-1.0917083870462243	1.267038001828565e-05	CAP_down
SNF8	1.9980521884336628	1.2665866096573983e-05	CAP_up
DOLK	-0.0265266336887825	1.265179154942757e-05	background
ALG5	-0.6928421556035367	1.2644199163068078e-05	background
PACRGL	-3.624733847744684	1.2644056591902398e-05	CAP_down
CNN3	-7.425849259880005	1.2644056591902398e-05	CAP_down
COX6C	-0.320489921182692	1.264071505536748e-05	background
POP7	0.1581296201500268	1.2621059475009166e-05	background
NOMO2	0.356538226515337	1.2619225585547679e-05	background
HBA2	0.0771473556693595	1.2612555647854383e-05	background
RPL4	-2.6813116873216574	1.2608872028167705e-05	CAP_down
ZNF69	-8.527697978471599	1.2603805122637275e-05	CAP_down
MARCHF2	1.1648980718109454	1.259111564293109e-05	CAP_up
CARD19	4.477048099646564	1.256820783235551e-05	CAP_up
LNPK	0.1654911943600379	1.256820783235551e-05	background
MFAP3	1.2180665703246891	1.2546456430398727e-05	CAP_up
ATP6V1E1	6.374095436732467	1.2519314437940363e-05	CAP_up
RPP30	-2.756468022165072	1.2493648243402352e-05	CAP_down
KLF7	4.587493714955122	1.248348649403091e-05	CAP_up
OBI1	-0.3822502801006212	1.2479416755780692e-05	background
COX7B	0.5042723020013298	1.2476038286880358e-05	background
YIF1A	-0.0935474919766393	1.2474040679029167e-05	background
CLYBL	-9.22832361049353	1.2473788891751709e-05	CAP_down
SEC23IP	0.8056291859441319	1.247366580058813e-05	background
RPS20	-2.0279175265725744	1.2466404617216531e-05	CAP_down
SFT2D3	-2.366476665262628	1.245737791070188e-05	CAP_down
REEP4	0.4971121599113642	1.2456666000980843e-05	background
ATP5ME	-0.255107068328335	1.2455824388394521e-05	background
ZBTB38	-0.978021528665114	1.2444880865123301e-05	background
RAB24	4.644691361749043	1.2442918644436414e-05	CAP_up
ZNF91	-7.847626630530419	1.2441864571902753e-05	CAP_down
PCF11	0.332291733448821	1.2423428466737587e-05	background
ALG11	-0.5808211656715693	1.2422835264161416e-05	background
MRPL16	0.0007371097931367	1.240986671196043e-05	background
COX6B1	0.8424199284971536	1.240825124841273e-05	background
BPNT1	0.235744905697328	1.2407381079319218e-05	background
GPATCH2L	-0.0143374857263788	1.2400443306003385e-05	background
OGFOD1	-0.6934989036529022	1.2395724198259731e-05	background
CSTF1	0.1377824642412061	1.2374149148121647e-05	background
ZNF865	0.3335617531532311	1.2364618490911878e-05	background
VPS11	-0.0719572668632859	1.2358866252149858e-05	background
THAP3	0.3894046522093305	1.2349492099474373e-05	background
THAP4	-0.3556062288959333	1.2348391224635966e-05	background
XK	4.3204177928030525	1.23434462920655e-05	CAP_up
NARS1	-0.0698075381120719	1.2336207031982202e-05	background
POP1	-0.261942933540099	1.2332792778402196e-05	background
GEMIN6	-0.1219321937094864	1.2332202707653097e-05	background
TCEANC2	-0.0030309164513501	1.2324386581253407e-05	background
GEMIN7	0.248987622642309	1.2316905925295255e-05	background
SURF4	0.8725044230950003	1.2312954669143609e-05	background
TMEM33	5.129274452795453	1.231292684836185e-05	CAP_up
CRIPT	-0.0081385616122112	1.2311485199766091e-05	background
CD2BP2	1.9046240279272677	1.2308314065707465e-05	CAP_up
TMEM41B	-0.010952050059181	1.2306715825191703e-05	background
PANK3	-0.1939730223049983	1.2305217235670358e-05	background
BTG3	-0.0663343476633051	1.2301598138270862e-05	background
NDUFB5	-0.0144943790081622	1.2285895033263006e-05	background
STXBP4	-6.673080917006411	1.2282516704854888e-05	CAP_down
NAA30	-1.838494447686722	1.227509650330966e-05	CAP_down
PAN2	-0.8949062926871916	1.2246067376328726e-05	background
C8ORF82	-0.091658181453766	1.2244771621802788e-05	background
POLR2J3	-0.2045643408922708	1.2243450176184808e-05	background
CRAMP1	-0.2849309149050182	1.2223217366669108e-05	background
FAM185A	-2.754183950085373	1.2178124559751224e-05	CAP_down
ATP6V1F	0.1072731017213979	1.2173142374011525e-05	background
SLC13A3	-6.484161558957831	1.2173025514870426e-05	CAP_down
LARP1B	-0.4387148608634706	1.2160821450776213e-05	background
LARGE2	-3.400084441009916	1.2159256027293023e-05	CAP_down
AFTPH	5.095628728090563	1.2151737680376293e-05	CAP_up
TARS3	-4.93267378899178	1.212780222474555e-05	CAP_down
RNF166	0.5777349708567934	1.2127040447241784e-05	background
ALG3	-0.1645215720166575	1.2101739888277983e-05	background
FANCE	-0.1457949934191736	1.2084538919222087e-05	background
NINJ1	5.246073004346701	1.2082353214476365e-05	CAP_up
CLP1	3.1064788312517604	1.2080784113079738e-05	CAP_up
RPL12	-2.3506158085436533	1.2074096463191262e-05	CAP_down
U2AF1L4	-0.6367489544153782	1.2067090694878489e-05	background
ABITRAM	1.7680454096986966	1.2061179705990616e-05	CAP_up
SNAPIN	0.7263502493324069	1.2061022422847755e-05	background
RPS27	-1.4519841448900983	1.2059186175559655e-05	CAP_down
LHPP	-0.8047941395282536	1.2051962644870552e-05	background
SRSF11	-0.4089605107323404	1.2038288094941001e-05	background
POP5	-2.088843928962298	1.2030364049730327e-05	CAP_down
RPS3A	-2.3659105701406884	1.203023110365454e-05	CAP_down
ATP5MF	0.2083271865716653	1.2026223461509743e-05	background
TARS2	-0.301238606062584	1.2021253862984888e-05	background
SCFD2	-2.374189148233277	1.201922588396557e-05	CAP_down
RPL6	-1.949824305747648	1.2008709018757377e-05	CAP_down
MRPS14	-0.6566503226204852	1.198359236452008e-05	background
COX7A2	0.3647687662060193	1.1976650279452077e-05	background
ATP6V0D1	7.752990732023401	1.1968771362829414e-05	CAP_up
MRPS11	0.0010001709204169	1.1967832124730172e-05	background
BOLA1	-0.2358657042034497	1.1967767525080875e-05	background
SLC25A26	-6.255247562029213	1.194788269977603e-05	CAP_down
CLK2	-0.1239840193718536	1.1908024664708537e-05	background
DYM	-0.0958256296447636	1.1906703260117053e-05	background
SLC38A5	0.0080200911195892	1.1899857607405297e-05	background
RPP25L	1.9131784259254196	1.189655971321165e-05	CAP_up
MARS1	3.738299187408405	1.1893048279158489e-05	CAP_up
NAA20	-0.2029108036196475	1.1889905943315518e-05	background
SRSF4	1.164415966781248	1.1884556679839392e-05	CAP_up
DMXL2	2.2949225743812214	1.1879065682138723e-05	CAP_up
AP1S2	-0.7544160860589557	1.1872449555778504e-05	background
GRSF1	-0.1968947733348424	1.1839267391571033e-05	background
RAB4B	-0.0093159876763891	1.1838083946321563e-05	background
TRIR	-1.2350916481420957	1.1831150740524688e-05	CAP_down
NAA35	-3.292320888125449	1.1830162174725648e-05	CAP_down
RAB11FIP5	-1.1164238819887071	1.1807674625413793e-05	CAP_down
NDUFB4	-0.7340482296817266	1.1806453945033168e-05	background
MAGT1	0.581562319811099	1.1801485250692209e-05	background
PPP1R21	2.0778307103298763	1.180123829540887e-05	CAP_up
RPRD1B	0.0871395497844553	1.1778408700956709e-05	background
RPRD1A	0.0231950787497422	1.1766603002150972e-05	background
COX17	0.0088815840730768	1.1759746501310325e-05	background
MGAT3	0.0278661036211592	1.1735869370343742e-05	background
VPS51	-1.6771437892454508	1.1726297150110954e-05	CAP_down
AP5Z1	0.7291088529516241	1.1723940903176093e-05	background
STX4	0.7964165828873436	1.1714818205094987e-05	background
TCEAL3	-0.696582742399332	1.170083243695754e-05	background
AEN	-0.1535073794986237	1.1694213167765652e-05	background
NAXE	-0.8530710267428115	1.1689551774490972e-05	background
NIPAL1	0.0030295198592966	1.168945463341667e-05	background
AP1S1	0.5742892005723198	1.168721778049176e-05	background
RAB1B	4.175262882575546	1.167738998839744e-05	CAP_up
ABCB10	-0.4028438098579024	1.1668097493593094e-05	background
RAB11FIP2	0.1445123553411161	1.166710423726508e-05	background
VPS16	0.1978758940319243	1.1661486166320952e-05	background
MARS2	-3.3640831789086474	1.1659135343634357e-05	CAP_down
IFI35	3.0676206562485087	1.1655956277756704e-05	CAP_up
NUBPL	-6.496398213143673	1.1652316563769657e-05	CAP_down
GATC	-0.4993630288862064	1.1598067771419022e-05	background
MRPS5	-0.0394180884979183	1.1591398811518431e-05	background
RTF2	5.217734933918299	1.1579149550105373e-05	CAP_up
POLR3D	-2.7761079565235924	1.157702024455978e-05	CAP_down
SCYL2	3.858377195836284	1.1574529242681877e-05	CAP_up
EIF3F	-1.7274047142636846	1.1574394191712522e-05	CAP_down
MRPS15	0.0679448847199434	1.156350806763786e-05	background
WASHC2A	1.5170152549349014	1.1557542498719983e-05	CAP_up
TRNAU1AP	-0.4424321084440752	1.1541160430027551e-05	background
SLC25A17	-1.7225847188814325	1.1538151877304465e-05	CAP_down
EHD4	0.7216852348263312	1.1512013601232514e-05	background
VEZT	-2.5737374519335514	1.1507206077483655e-05	CAP_down
UPF3A	-1.0961896715757602	1.1506469053756545e-05	CAP_down
NDUFV3	-0.3969675054912467	1.1504247154615723e-05	background
MRPL13	0.0324145132972296	1.1503834262968939e-05	background
ATP8A1	-0.5725005538160839	1.1487115383830778e-05	background
GPKOW	0.3556161553708932	1.1477840719328309e-05	background
TFB1M	-2.0037897218966885	1.147503024920945e-05	CAP_down
SEC24D	4.4583637373626495	1.1466325710478245e-05	CAP_up
NDUFB11	-0.0141824755027263	1.1462532170903434e-05	background
RPL8	-1.419395380867143	1.1454120217878528e-05	CAP_down
NDUFC1	0.0632833187975724	1.1427532560802572e-05	background
VPS33B	-0.0006067689467266	1.1420449515837509e-05	background
UFSP1	-0.0155289349296748	1.1388067049728667e-05	background
EIF2S3	-0.0587233965648488	1.1382007203852041e-05	background
ALG10B	-5.112339858972542	1.137567789925208e-05	CAP_down
ALG9	-2.955005938530386	1.1373437005599553e-05	CAP_down
AP3S2	0.8456092037628735	1.13728595595356e-05	background
NDUFA7	-0.4049350696950349	1.1372532538847103e-05	background
MRPS10	0.0106565000088425	1.137183718118159e-05	background
PIGQ	-0.2352227401512215	1.1370932689828104e-05	background
CCDC121	4.739918518283171	1.1368247029627794e-05	CAP_up
SERGEF	-2.886607286374696	1.136744162151193e-05	CAP_down
SEC23A	0.4405639003586541	1.136537370010679e-05	background
VPS8	2.1752241780309385	1.1350504677269223e-05	CAP_up
MRPL22	0.0210500963442593	1.1346036635004098e-05	background
NDUFA3	-0.1580079573206201	1.1338771368389731e-05	background
TP53I11	12.303017465707644	1.1337919987430214e-05	CAP_up
NUFIP2	0.5211509176700851	1.1322781791020379e-05	background
LARS1	-2.791246996747527	1.1308581125295872e-05	CAP_down
NDUFB1	0.5270504727443908	1.1298825646697291e-05	background
TRMT5	0.0408082662695773	1.1294317629491706e-05	background
C3ORF18	-4.615504076053303	1.1291829340053877e-05	CAP_down
RIBC1	-0.9526254297211656	1.1290098582117311e-05	background
AP1M2	0.7492842466480092	1.1284830919566558e-05	background
CHCHD5	0.2593176380725778	1.1281114027417499e-05	background
TMEM138	-1.809460750327036	1.1260705819962476e-05	CAP_down
RBM25	-0.1015086611996726	1.125765797751806e-05	background
COX15	0.4284448735424893	1.1250861737305325e-05	background
CHCHD7	-0.0964982022042481	1.1250221699807183e-05	background
PXMP4	-3.204607412293952	1.1245820002989006e-05	CAP_down
STX6	1.8939135701866656	1.121808813464724e-05	CAP_up
NDUFS5	-0.0693454520420581	1.1217442139634352e-05	background
GNL1	-0.0641305111613331	1.1207191986339073e-05	background
MRPL3	-0.5711309311889233	1.1204002216501722e-05	background
SEPSECS	-1.5943765107963126	1.1203617586239382e-05	CAP_down
NDUFA11	-0.2789969175916337	1.1187013274419609e-05	background
ATP5IF1	-0.2497744551024868	1.1178829606044957e-05	background
SNX32	0.1820698733375658	1.1151706037686925e-05	background
CARS1	3.625206059202909	1.1151284779004503e-05	CAP_up
COX18	-0.9398653911749828	1.1144060690238786e-05	background
RBP7	1.2660570907945183	1.113952240276921e-05	CAP_up
RABGAP1	0.0209551221946112	1.1137184872204935e-05	background
POLR3F	-0.3311004152827251	1.1118116189757583e-05	background
PATL2	-0.0094082185605369	1.1112469844517228e-05	background
CPSF4	-0.2559196522445153	1.1111391142031552e-05	background
MRPL4	-0.0623050350399681	1.1069860387839296e-05	background
MRPS12	-0.6234647449641644	1.1068414992758393e-05	background
SF3A2	-1.0436534857330029	1.1046337673575588e-05	CAP_down
COG3	-0.0759226536273259	1.103355442203658e-05	background
LSM12	0.0473939809284091	1.1032735532011063e-05	background
TUFM	0.0022566637362729	1.1026362811308683e-05	background
STX18	-0.1432858937730347	1.101939704368532e-05	background
GOLGA4	-0.2757977484687522	1.1012663704801271e-05	background
RIOX1	-2.2629163803804238	1.101144559340044e-05	CAP_down
SEC23B	3.513804138117041	1.099255573040133e-05	CAP_up
SLC9A7	-4.681060499884943	1.0977479223029883e-05	CAP_down
PDXDC1	-1.3445039545129835	1.0967872298646569e-05	CAP_down
PAPOLA	0.967200439466466	1.0964506548061653e-05	background
STXBP3	2.610860148337968	1.094677570832814e-05	CAP_up
NDUFB2	-0.3774749733943717	1.0938805957798234e-05	background
MAGEE1	-10.238920875813063	1.0934983856802762e-05	CAP_down
TTLL4	0.1418031110042628	1.0907570561499747e-05	background
ASTN2	-2.119180707534617	1.090480947199756e-05	CAP_down
PRR3	-1.2179557381778798	1.0903139536273107e-05	CAP_down
SRRM1	0.4082436730104423	1.0901672562239631e-05	background
ZNF830	-0.0741001001897079	1.0893059765129065e-05	background
METTL9	12.530116958351217	1.0892681206556468e-05	CAP_up
NDUFA1	0.5168291531952397	1.089266583469422e-05	background
STXBP5	1.8871060358730745	1.0872046494052815e-05	CAP_up
UPF2	1.32798499248574	1.086501683749383e-05	CAP_up
WDR53	0.0235181469488267	1.0849224527626643e-05	background
NBAS	-0.1223324102935489	1.0847042793303245e-05	background
YBEY	-2.0356491077705026	1.0846033322074962e-05	CAP_down
ARFRP1	-0.6409902370487426	1.0842925124976776e-05	background
GBF1	0.0156426960388847	1.0837701376302187e-05	background
NABP1	5.417780245908951	1.08329702758445e-05	CAP_up
NOMO3	0.2020175172241261	1.0832006049620918e-05	background
SMG8	2.218484820763878	1.0831706579561492e-05	CAP_up
TRAPPC9	0.0044730418446712	1.0813074697772856e-05	background
DDX46	-0.1394603146841595	1.0812880868809639e-05	background
RARS2	-0.0257974349091218	1.080814881323716e-05	background
ATP6V1C1	5.481640206480926	1.0804785059161361e-05	CAP_up
PPWD1	-0.6432114657415038	1.079307468798007e-05	background
SNRPA	-0.1460825117571771	1.0775311651701746e-05	background
RP2	8.195476497249848	1.0772877259834614e-05	CAP_up
SF3B1	0.0908118530923355	1.0767924860123218e-05	background
NGRN	-0.3960087245417623	1.076532308567115e-05	background
GSPT2	-2.418435739755256	1.0746603530654276e-05	CAP_down
LRRC37A2	0.6719428863361656	1.0746238382076037e-05	background
LARGE1	-3.84649919774517	1.074299980903474e-05	CAP_down
SMG9	-0.3670717225000267	1.073901540865823e-05	background
GTF3C5	-0.0010160578211067	1.0737827285926757e-05	background
ISY1	1.7345058064291567	1.0727932325707892e-05	CAP_up
ESYT2	-3.313404709569448	1.0724441021536952e-05	CAP_down
DNASE1	0.0945101263754273	1.0724300565615852e-05	background
CPTP	0.8021345675379612	1.070928450522333e-05	background
CCDC34	-0.0796488835029041	1.0669355038725757e-05	background
XAB2	0.1724994561695866	1.0661934186562908e-05	background
NSF	3.2021978673027567	1.0661488242946805e-05	CAP_up
FASTKD2	-4.489476459107648	1.0659073992883607e-05	CAP_down
COPA	2.9785536893410978	1.065686922611108e-05	CAP_up
GEMIN8	-2.83706750408317	1.0654526949925233e-05	CAP_down
ARFGAP2	-0.0615006630784626	1.063719873577716e-05	background
SERBP1	-0.0759389185736108	1.0632152322225153e-05	background
FKBP15	3.761924260057227	1.0599716637787091e-05	CAP_up
SRSF8	-1.9571642989230629	1.0595478720198593e-05	CAP_down
AAGAB	0.2194606646425775	1.0589930033579014e-05	background
CASC3	4.061098075220364	1.0586939620505448e-05	CAP_up
PRPF3	-0.0379379570155286	1.0570786939428252e-05	background
BOLA2	0.0957922604782509	1.0566345766312068e-05	background
NDUFAF2	-1.8208470080938743	1.0562709410473956e-05	CAP_down
RBM5	0.247508519529079	1.0560282680966587e-05	background
ASMTL	-0.2504389180691794	1.0552528553299183e-05	background
TBC1D2B	0.4417430739769172	1.0545182234635314e-05	background
SLC48A1	0.0435006969525351	1.0527899600053292e-05	background
SUGP1	0.1346631398809759	1.0512255848300889e-05	background
CPSF1	-0.2803809138545712	1.0511221740605076e-05	background
ALKBH1	-0.1899452429107548	1.0491332674895073e-05	background
RIOK1	-0.5665455296763899	1.0490467784920586e-05	background
JMJD8	-0.8738296107447874	1.0482650819679226e-05	background
SURF1	0.6368621721648361	1.0465404831326746e-05	background
CLK4	0.2223438991204739	1.045822925395792e-05	background
ECD	-0.4386918694680692	1.0456372407605028e-05	background
POLR3K	-0.2248617571664441	1.0430252642650597e-05	background
CWC25	1.7017898107292628	1.0429206816508475e-05	CAP_up
KLHL36	-1.6031475509439823	1.040870415253398e-05	CAP_down
ETV3	-0.1351351359018371	1.0407025215413539e-05	background
SYF2	1.94317970841418	1.0406696809973423e-05	CAP_up
NARS2	-2.815879547920197	1.0388841715866907e-05	CAP_down
B3GAT3	-0.0061457502291008	1.0386956714812677e-05	background
DENND3	6.80666321059563	1.0370055183964097e-05	CAP_up
ZNF664	-1.574237264295562	1.0368256847579988e-05	CAP_down
INTS12	1.1811466813964853	1.0365395272936669e-05	CAP_up
CC2D1A	0.1544835821282536	1.0357364988916353e-05	background
INTS10	-0.0857699890676582	1.034886164234923e-05	background
ZNF223	-3.9188957893426135	1.034513950968771e-05	CAP_down
DXO	0.2113720114220217	1.0344556852012504e-05	background
DPM2	-2.8648038512435203	1.033523199293299e-05	CAP_down
FAM98C	0.1138999805383997	1.0332313791152915e-05	background
ZCCHC17	0.0041253242707722	1.0318672877122888e-05	background
RPRD2	-0.033358409466196	1.0315356346413003e-05	background
NDUFAF3	0.6348322940725452	1.0310684715612701e-05	background
CLCC1	-3.4009228235302804	1.0306511496163278e-05	CAP_down
PREB	1.2201715573727483	1.030374643993387e-05	CAP_up
PSME3IP1	0.8726585328247307	1.0301774985129522e-05	background
TM9SF2	3.570995560363844	1.0299460264598091e-05	CAP_up
KIN	0.2764802278053567	1.0295581534574958e-05	background
GUF1	-2.586722514797198	1.0278945872892288e-05	CAP_down
EIF3I	0.174269850523102	1.0276250225800776e-05	background
AP3S1	3.32743259995964	1.0240388360269049e-05	CAP_up
PGAP2	0.0207994235692594	1.0238522799499856e-05	background
HARS2	0.4108201691800928	1.0232279748961089e-05	background
PIGN	-0.6495185765968917	1.0224793900196514e-05	background
RWDD1	-0.1036197055013724	1.0197608313965126e-05	background
SEC22B	1.698119312929457	1.0196167645483408e-05	CAP_up
TBC1D16	-0.0158649815508849	1.0190802046305646e-05	background
SEC24A	1.6351630403328554	1.018425225701641e-05	CAP_up
EMC8	0.2223251890860479	1.0168352681783429e-05	background
ADCK2	-2.8253013175175767	1.0151432897860994e-05	CAP_down
PDCD5	-0.3432910289997642	1.0146353586282143e-05	background
AP3D1	0.2789822982544301	1.0145353104719989e-05	background
PRPF8	-0.6254063108775937	1.0145025571816124e-05	background
PPIL2	-0.8598337465270947	1.013265122427133e-05	background
LUC7L3	-0.8666913282520436	1.0129080739056153e-05	background
TRAPPC10	-0.0071716879359185	1.0125763507779993e-05	background
B4GAT1	-2.315675048678496	1.0121184330437763e-05	CAP_down
EIF2S2	0.3318810644977857	1.0120691607950974e-05	background
AP5S1	-0.7988931722512401	1.0066984089980657e-05	background
RPS19BP1	0.6058466287894799	1.00551756612071e-05	background
POMGNT2	-0.2089803396283392	1.0042867175772359e-05	background
KIAA1328	-7.252956083216093	1.0042320771656097e-05	CAP_down
SLC25A12	-0.0200065560996635	1.0039184411391598e-05	background
SRFBP1	-3.2468904942651355	1.0038606556623783e-05	CAP_down
ALG13	-4.845258280583256	1.0032623754869765e-05	CAP_down
SNRNP200	-0.5461132430261182	1.0028280721467932e-05	background
ATP6V1G2	-0.8206685392592875	1.0024929108143807e-05	background
DPM1	0.6069506445765636	1.0024677681928141e-05	background
B3GALNT2	-0.4265829276178545	1.0020032173584134e-05	background
AP5B1	15.223219062918758	1.0012493036360985e-05	CAP_up
PNISR	-0.0275530937800885	9.994341107343846e-06	background
B4GALT7	-1.8985813913384475	9.992624554852294e-06	CAP_down
ALKBH8	-5.981700418326573	9.983743984566622e-06	CAP_down
NDUFAF4	-1.2113564330683253	9.983112085349558e-06	CAP_down
TRMT112	-0.1263631265774411	9.97594689496341e-06	background
TRAPPC1	2.57781973553586	9.97261930495669e-06	CAP_up
STX16	1.0147104109100404	9.961299002910254e-06	CAP_up
HINFP	-0.0505001021929989	9.960910336555989e-06	background
IQCC	-0.0189020268498168	9.955535207821108e-06	background
VAMP8	-0.0495359290213766	9.949502974054327e-06	background
TMEM14C	-0.2227635933483624	9.947106693486343e-06	background
ALG10	-2.47872858308391	9.939928351457588e-06	CAP_down
SERF2	-0.2458404107373214	9.92715614743164e-06	background
HIGD2A	-0.4096943579435599	9.908239559339092e-06	background
DHX35	-2.2772744550754918	9.897331823797498e-06	CAP_down
RAB12	-0.0123389359165212	9.888334866442437e-06	background
ATP6V1H	2.1053108496837964	9.869794270929806e-06	CAP_up
TMA7	-0.275612391308046	9.868668712820602e-06	background
VNN1	32.17277214252497	9.854672125265457e-06	CAP_up
NDUFAF5	-0.7103749853647309	9.829605918937268e-06	background
STT3B	-0.0020883715807585	9.829092083582069e-06	background
EIF5	1.5393728203304335	9.815018618595098e-06	CAP_up
SEC31B	-0.3439903503008732	9.801246474350935e-06	background
TIMMDC1	0.1289550776269563	9.801171947584528e-06	background
FOXRED1	-0.0005634776350871	9.785304675968425e-06	background
VPS45	-0.977065984393636	9.772869663527446e-06	background
GOLGA1	0.7450010249582777	9.755475669050705e-06	background
NDUFAF1	7.29693028395841	9.752710228219858e-06	CAP_up
STX3	9.072500525404818	9.744131191162644e-06	CAP_up
WDR70	-0.7020499366535848	9.742484942814366e-06	background
EIF3E	-1.3257131410261334	9.7378889902621e-06	CAP_down
ADCK5	-0.829679386243175	9.733828204391146e-06	background
ITPRIP	7.794916880753939	9.733828204391146e-06	CAP_up
ADCK1	-3.901278517539024	9.733828204391146e-06	CAP_down
ITPRIPL2	0.8979655912763329	9.733828204391146e-06	background
COA6	0.1888341237200578	9.723892280726924e-06	background
DHX38	0.0345554734356241	9.717029599016997e-06	background
MEGF6	-3.490813826297736	9.716949137455232e-06	CAP_down
EIF3M	-0.2668417465896366	9.709688588473462e-06	background
GOLM1	-0.148993484758507	9.706732532356735e-06	background
POLR1E	-5.164816222519796	9.704399518864835e-06	CAP_down
VARS2	-2.327295570283901	9.696129841641475e-06	CAP_down
TFIP11	1.5087090964599346	9.690654702379924e-06	CAP_up
HARS1	-0.1477794683543214	9.685808816875427e-06	background
KRTCAP2	-0.0854822447574422	9.683942916625803e-06	background
VPS53	0.2135812602506245	9.679464227780225e-06	background
SEC61B	0.7387946449123208	9.67168137931916e-06	background
SLC7A6OS	-0.1734181391817502	9.671318950297017e-06	background
KLHL29	-10.838318587821988	9.662098908493644e-06	CAP_down
SLU7	2.203388181248566	9.65762993493531e-06	CAP_up
NUDT8	-1.349781782048242	9.633054798003562e-06	CAP_down
ATP11C	1.2486426944436146	9.620467410855837e-06	CAP_up
ZBTB40	-3.784571593657444	9.589823922629874e-06	CAP_down
NFIX	0.013411938688291	9.579852304477121e-06	background
SLC25A28	0.4755069257943208	9.566383667896474e-06	background
IARS1	-2.0419703148901083	9.557803458846623e-06	CAP_down
LARS2	-0.8064653967801166	9.546171357776154e-06	background
PPIL3	-1.2017259793877948	9.539027812072936e-06	CAP_down
DHX15	-0.1222226914827584	9.537775632630552e-06	background
AP4S1	-3.247371206488043	9.528671504443068e-06	CAP_down
CCDC112	0.0473692291352063	9.527820925541558e-06	background
ANGEL2	-1.6104111527159402	9.526927143292273e-06	CAP_down
GPR180	-1.2961563737958623	9.524604509073614e-06	CAP_down
RBM17	-0.239536091248867	9.522326199781513e-06	background
CCDC12	0.0041478177057575	9.492660866875823e-06	background
CHRNA10	0.8137017760441267	9.436994058218263e-06	background
NHP2	-0.4059405630525576	9.427787468227071e-06	background
SP2	0.4212620584088728	9.421826166709042e-06	background
LSM10	2.7467578037649494	9.41867345496568e-06	CAP_up
BLOC1S6	0.6094613085007405	9.400937269022492e-06	background
PSTK	-2.6445323001805514	9.39534750452099e-06	CAP_down
VARS1	-0.1557966080116218	9.391800998413898e-06	background
TMED3	-0.7547440893728966	9.388149575842157e-06	background
CARS2	1.083696812900505	9.364694494889659e-06	CAP_up
METTL6	0.0616844121274152	9.357749901542944e-06	background
NDUFAF7	0.0581954560924352	9.355540089188752e-06	background
GPN2	0.0079310527901928	9.354063459366485e-06	background
BRF1	-3.0022435895819397	9.347628099457406e-06	CAP_down
PPIL1	-0.0485232000334815	9.346738059457934e-06	background
CWF19L2	-1.818989253123113	9.338238889132338e-06	CAP_down
TMEM80	0.0559491952639206	9.33632837996388e-06	background
CASTOR2	0.3222003158444913	9.328245753078126e-06	background
DHX34	6.243871612695827	9.328236530541692e-06	CAP_up
SEC24B	0.0283717278787205	9.326780974991891e-06	background
NAIF1	3.511643662045471	9.319264138438046e-06	CAP_up
COPB1	2.596739410667018	9.3125272653694e-06	CAP_up
NAA38	0.2778612870175683	9.311838112280531e-06	background
SSR3	0.235883491717682	9.300308736183323e-06	background
PRPF38B	0.00552557730177	9.293453859671546e-06	background
ZNF32	-2.9786525473778425	9.276341604144485e-06	CAP_down
TMF1	0.8160407061228425	9.268277556266099e-06	background
VPS13B	0.1699212859545458	9.267310285154781e-06	background
NAPA	3.183372986963387	9.220470026287871e-06	CAP_up
IER3IP1	-0.2055736434015948	9.217362688514396e-06	background
UBL5	1.3100310794802306	9.21148288995161e-06	CAP_up
HABP4	-3.799199420982216	9.197965553771528e-06	CAP_down
TFB2M	-0.5065382617508533	9.195625792082073e-06	background
WDR25	0.2005429655056438	9.168795499490007e-06	background
MEAK7	-0.0188884758648533	9.150998802129797e-06	background
MYNN	0.1954257346510951	9.141840154259642e-06	background
TMED2	1.2887790993357549	9.137879375036235e-06	CAP_up
SH3BGRL	0.4591917400410977	9.135390012461627e-06	background
WARS1	0.6960688715783129	9.111141200796774e-06	background
ATP6V0E2	-6.905362035393436	9.109027934155355e-06	CAP_down
ARL1	-0.7222913808101183	9.104144815832824e-06	background
EIF3H	-0.7050329356050208	9.10213546046456e-06	background
ATP6V0A1	6.191605556544989	9.100314567507397e-06	CAP_up
STT3A	0.0903726893819265	9.09863878584006e-06	background
PPIH	-2.9390050377078687	9.098052820875696e-06	CAP_down
ZC3HAV1L	-0.0109473627590705	9.094964923972506e-06	background
SNX30	-0.5182428865608809	9.076892288699133e-06	background
HCN3	-0.1098875597372897	9.07095103679563e-06	background
RNASEK	0.9233331225708652	9.069919762601914e-06	background
DOLPP1	-0.3188520294171064	9.065729873725667e-06	background
WARS2	-0.8333316323811235	9.062089295523057e-06	background
SREK1	-0.1689257093371728	9.060203390218787e-06	background
GOSR1	0.0559227193389098	9.050279049368507e-06	background
POLR1D	-0.2397160880424117	9.043553240338244e-06	background
ATP6V1E2	-0.094669106776473	9.041917954478687e-06	background
RPS2	-1.6881948379313625	9.039475228838236e-06	CAP_down
TTLL1	-2.400561533977631	9.033332588549017e-06	CAP_down
NUBP1	-0.2989766144142085	9.03198069940161e-06	background
CIAO3	-0.4150157372249995	9.03070432259177e-06	background
TARBP1	-7.910670694645929	9.029464204993812e-06	CAP_down
MTPAP	-2.61967000568045	9.02388031585407e-06	CAP_down
LSM7	-0.4449383972078601	9.020607247197755e-06	background
SYS1	-0.1025956208870087	9.012048210134592e-06	background
VNN2	13.178250781686138	9.000424313463065e-06	CAP_up
RPS18	-1.5847082264999677	8.995714485959232e-06	CAP_down
EXOSC2	-2.748500191285391	8.988529878488972e-06	CAP_down
POLR1C	-3.3683919528905117	8.986338246706396e-06	CAP_down
TRMT10C	-0.1059471223099355	8.979487252492543e-06	background
BRF2	1.955775455077445	8.96652700893168e-06	CAP_up
CRNKL1	1.6775270322723668	8.96073234064478e-06	CAP_up
BET1L	-0.010223845960633	8.95521174447413e-06	background
TACO1	0.0191960025808343	8.951460012557802e-06	background
EEF1B2	-2.80023092017721	8.947473994178659e-06	CAP_down
AP3B1	1.2359681683754544	8.936737332525828e-06	CAP_up
RTCB	-0.0109728613215575	8.924353172741314e-06	background
IARS2	-0.0413448933909736	8.923785126706403e-06	background
ATP6V0E1	6.150232926048464	8.917785091055364e-06	CAP_up
POLR3B	-0.3995419155227714	8.901221146423736e-06	background
PPM1H	0.0793457099627572	8.888327194072034e-06	background
CDC40	0.7975185242211666	8.887324312746891e-06	background
TOR2A	0.8164926595792124	8.88299153470652e-06	background
SLC25A39	-1.4505111203129504	8.873442827856725e-06	CAP_down
FRG1	0.0605827725521592	8.870641754140377e-06	background
COA7	0.0079790018888745	8.87008839008867e-06	background
SRPK2	-0.2403537552723472	8.865415848560657e-06	background
SNRPN	-7.870963788133976	8.863363635727674e-06	CAP_down
POLR3A	-0.7315578771890735	8.843999907901976e-06	background
SMU1	0.1066213494521324	8.841087573123633e-06	background
AQR	-0.0026569871869001	8.830624134174341e-06	background
NOP56	-0.3059587329322414	8.827474305872454e-06	background
STX2	-0.6405323211312991	8.825971135270215e-06	background
VTI1B	0.2019833738802939	8.823396855420071e-06	background
SPACA6	4.076080041257701	8.819581075200413e-06	CAP_up
POLR3H	-3.751202146764349	8.809271660223101e-06	CAP_down
EIF3D	-0.496854261217304	8.80563985082648e-06	background
IGHMBP2	0.2878742467729318	8.803024283279037e-06	background
TMPRSS9	0.3261912149998645	8.800196480438653e-06	background
INTS13	-0.0375087963908679	8.792804478100355e-06	background
PLXDC1	-12.265227168205485	8.789891808787337e-06	CAP_down
SLC37A3	8.959505810916106	8.783815542743825e-06	CAP_up
EIF3C	-0.2840064904065911	8.782368789091797e-06	background
SEC14L5	-0.0101813823464594	8.768032898176567e-06	background
CDKN2AIPNL	-0.1946534260432565	8.761201430007065e-06	background
COA4	-1.1221327979564673	8.758519308413273e-06	CAP_down
CPLANE2	-2.1330762990830263	8.74659468519953e-06	CAP_down
SUPV3L1	-1.686350678953771	8.740866499326946e-06	CAP_down
SNRPA1	-1.299683411361774	8.736731578893564e-06	CAP_down
FUZ	-0.1803474911569275	8.7333537957391e-06	background
SSR2	0.897636588130357	8.727142553396641e-06	background
FAM20B	-0.0734519232316159	8.714820335064738e-06	background
INTS6L	-0.9751842254066796	8.711968121909063e-06	background
YJU2	-0.6098673013404068	8.710443142220111e-06	background
LUC7L2	-0.8127151519140916	8.682705904637867e-06	background
KLHDC8A	3.980662575338372	8.677691014549126e-06	CAP_up
CPSF7	0.3793476205121731	8.661938567578738e-06	background
COX16	-2.5163590911370988	8.661507452835707e-06	CAP_down
EARS2	-3.472906240017819	8.650969935683444e-06	CAP_down
MIA3	0.3510529559942542	8.64702090516079e-06	background
PIGA	0.0443148460247107	8.638440566363982e-06	background
STX10	7.618967693453692	8.636086074452114e-06	CAP_up
TMEM214	-0.0064329923366313	8.626134647170753e-06	background
RBM7	1.7197435278667168	8.62339938685806e-06	CAP_up
RNPC3	-0.5478931091996027	8.62136748512602e-06	background
VPS41	-0.2242596649385791	8.615334584684988e-06	background
POLR3GL	-0.0153753679066664	8.60674527442064e-06	background
GOLGA8A	-5.858851715286693	8.589960798408487e-06	CAP_down
GOLGA8B	-5.858851715286693	8.589960798408487e-06	CAP_down
STX1B	-0.5713852152098039	8.559210572464768e-06	background
MCTS1	-0.0578588403382386	8.553313776088707e-06	background
PARS2	-0.0006718082768327	8.549632170065696e-06	background
EMILIN2	8.219902201874513	8.541305120394294e-06	CAP_up
NDST1	6.663799767860274	8.534300628260394e-06	CAP_up
NKAP	0.8046750585144036	8.52954191550424e-06	background
BROX	1.820888467310632	8.526341070986517e-06	CAP_up
ETFRF1	0.0160448473686245	8.524680868251387e-06	background
PTCD1	-0.4962692795297614	8.521319460750102e-06	background
COPE	2.309757504616224	8.51108212793025e-06	CAP_up
PIGL	-9.575458666938916	8.509040518683277e-06	CAP_down
GLCE	-0.181011432983436	8.508722661551306e-06	background
ARCN1	2.6415615076800423	8.500804880651698e-06	CAP_up
ZNF18	1.1099570940636458	8.50076575553391e-06	CAP_up
RPL30	-1.8162714487066745	8.499267566938457e-06	CAP_down
SEC24C	0.1436242807479556	8.487077440523104e-06	background
PA2G4	-0.0079892052701874	8.468022442832238e-06	background
LRMDA	1.074767003831549	8.46342417343544e-06	CAP_up
STX12	2.0686796501244498	8.460704343967257e-06	CAP_up
POLR3C	-0.2750138869100908	8.453160277029018e-06	background
ZNF408	1.1929313327249549	8.431249478388002e-06	CAP_up
DCBLD2	-7.933038416463494	8.42617684384119e-06	CAP_down
SRRM2	0.021922298850965	8.423175952812333e-06	background
GATD1	-1.7833091820821836	8.404609812115913e-06	CAP_down
USE1	-0.7080881770648305	8.398812824442617e-06	background
ARFGAP3	2.3618718254147826	8.386811598682946e-06	CAP_up
SECISBP2	-0.610454440337916	8.368179873895716e-06	background
PDCD7	-1.8049647051888291	8.364618426936612e-06	CAP_down
CACTIN	-0.9745056944687672	8.345332001849246e-06	background
STX7	0.5235918997367465	8.330378347337892e-06	background
FAM20A	14.16704274207193	8.329819460726761e-06	CAP_up
NOL8	-0.9097485718736272	8.32947707431482e-06	background
ZCRB1	-0.0265513619553823	8.328888574023952e-06	background
GNL3	-0.3737555360277433	8.314815434766345e-06	background
QARS1	-0.6659290501849485	8.309701871622213e-06	background
TANGO2	0.734917970188261	8.30267977831611e-06	background
SCFD1	0.6992152283506923	8.290273419462874e-06	background
USO1	0.1876828910316656	8.274646598344351e-06	background
SNX13	1.534736967919705	8.256656068984874e-06	CAP_up
SNRNP48	-0.0053586997592493	8.242540482896787e-06	background
GSTCD	-0.9723506726194516	8.240828995236443e-06	background
METAP2	-0.1738107692733425	8.228193508803894e-06	background
LSM2	0.0167213630428993	8.216917629440316e-06	background
MBOAT7	5.805031376083551	8.216233064274137e-06	CAP_up
DHRSX	1.0824320699958956	8.21614139230447e-06	CAP_up
SBDS	-0.521940226500704	8.197352864698584e-06	background
EIF3K	-0.3538202447941428	8.195981449333007e-06	background
TBC1D14	3.18423511619692	8.187282894914205e-06	CAP_up
PRPF18	0.1710312364302388	8.187232135858404e-06	background
INTS14	-1.318006901882732	8.187043590779422e-06	CAP_down
CWC22	0.1125805217090497	8.180866889093542e-06	background
PNPT1	-0.189090800466541	8.157923329358287e-06	background
DNAJC24	-6.250807945795046	8.156835485599705e-06	CAP_down
RBM22	1.4002808183424205	8.154848897558634e-06	CAP_up
SNRNP25	0.062955798007967	8.154482221090001e-06	background
RPL13A	-2.0699723114055466	8.153549890039556e-06	CAP_down
DCAF13	-0.7049925101044676	8.131272117402917e-06	background
ERAL1	-0.2439334726980141	8.126845912290132e-06	background
EIF1	0.9239114516562204	8.123707766298314e-06	background
PRPF6	-0.1010482513812681	8.118725912070753e-06	background
C17ORF75	-1.5698440056779708	8.111280900295833e-06	CAP_down
DUS2	0.5402257648000223	8.101379800059183e-06	background
MITD1	0.1348094410145123	8.081288068008118e-06	background
PRPF38A	0.2010384976662527	8.08041642923083e-06	background
ZNF24	0.1854827642859578	8.076067423912733e-06	background
COG1	-1.4226447990518083	8.070395893593314e-06	CAP_down
TMCO6	0.3885385949699794	8.049947244419877e-06	background
EIF5A	0.0700148085897303	8.047388974817658e-06	background
STX8	-0.0474464928869177	8.04576936344144e-06	background
EIF1AX	-0.4930718915272498	8.041906630409782e-06	background
YIPF3	4.278282103504519	8.021162060128682e-06	CAP_up
PIGW	-1.5725328940927823	8.018161019445089e-06	CAP_down
VIPAS39	0.9297037913014332	8.018069082920179e-06	background
RAB30	-2.620880779841077	8.005699272635158e-06	CAP_down
BTF3L4	-0.7772355743765644	7.99690386487661e-06	background
POLR3G	-1.0269614949208772	7.993481975319355e-06	CAP_down
TMED4	-0.0133283600923046	7.99280181084425e-06	background
VAMP1	0.0549963843342911	7.992007637617866e-06	background
TSEN2	-6.9424792672637325	7.9903571536135e-06	CAP_down
FAM32A	1.797418125459941	7.984764530704854e-06	CAP_up
VAMP4	0.3391215975778008	7.980224088658198e-06	background
EIF2D	-2.127288244916024	7.97181653809761e-06	CAP_down
SDE2	-0.0546258739164169	7.964113021096676e-06	background
LUC7L	-2.8968096449346703	7.959398127657149e-06	CAP_down
TMED9	0.6584255033931605	7.959116918463243e-06	background
SARS2	-2.2268665557975096	7.956013098862123e-06	CAP_down
OSTC	-0.1601564375764103	7.95055218437184e-06	background
ABCC5	-0.0402509251081279	7.950373734338204e-06	background
EIF5AL1	0.2737203421597805	7.947180548824591e-06	background
TRMU	-0.7443065361324817	7.939306322708989e-06	background
CC2D1B	-0.0436404480677072	7.925145074764704e-06	background
VPS54	1.7833458392840569	7.92513870662495e-06	CAP_up
MMGT1	0.4675877921754715	7.92490979422567e-06	background
TRAM1	-0.009906644809959	7.917462419394169e-06	background
NOB1	-0.977780520303388	7.912426523743509e-06	background
ZFYVE19	-0.0117560106885655	7.90822403623004e-06	background
C11ORF68	2.893278646039724	7.901502937859319e-06	CAP_up
EIF5A2	-1.9896671810324944	7.893613697328906e-06	CAP_down
SNRNP40	-0.6432956095667949	7.893039997007726e-06	background
GOSR2	0.1466104959851124	7.887879580338724e-06	background
COG7	-0.0063566254348523	7.882695766397812e-06	background
PRKRIP1	-0.411598421244353	7.876849090666606e-06	background
JMJD4	-0.6196173942895902	7.857172941546315e-06	background
RNF113A	0.0092183397567758	7.853946098055745e-06	background
BUD13	0.9791269996069998	7.853334714360374e-06	background
MFAP1	2.0306791074648	7.851697857397391e-06	CAP_up
EMC4	0.005392272718328	7.850545739117872e-06	background
MARCHF3	-0.1119476840373656	7.83617541532399e-06	background
RBM41	-1.530701131876353	7.833399573030592e-06	CAP_down
EIF3G	-0.6953823813771219	7.832333462029454e-06	background
SNRNP35	3.46902007991606	7.80186419994436e-06	CAP_up
RPL26	-3.278941634093338	7.799594817784524e-06	CAP_down
PIGM	-1.516195663359202	7.792993144847229e-06	CAP_down
EMC7	3.620612735810842	7.787863265202562e-06	CAP_up
ZNF777	-0.5872648474690959	7.784484540669456e-06	background
COPZ1	-0.4322884650143934	7.779492281599682e-06	background
CSTF2T	-0.2832683997033142	7.772490344793472e-06	background
ZBTB25	-8.2189439557799	7.748711862548052e-06	CAP_down
ZMAT2	2.24222447711654	7.748254357811853e-06	CAP_up
YKT6	1.727588713377183	7.726104427867331e-06	CAP_up
LSM3	-0.0286530467831734	7.724947516940406e-06	background
COG5	-0.6558700492030372	7.713058597018136e-06	background
CWC27	-0.163278842383177	7.699723088735278e-06	background
TUT4	-1.6051156898166918	7.694964416528735e-06	CAP_down
FASTKD1	-1.0993102115572906	7.687568672619014e-06	CAP_down
KDELR2	1.3367357081181828	7.685290497930171e-06	CAP_up
SF3A3	-0.4218346071503074	7.683695953553656e-06	background
ARMCX4	-0.500565328013427	7.67673505735919e-06	background
CCDC174	0.5104815935500618	7.675371434660646e-06	background
PAPOLG	0.4954144265812683	7.671778094386421e-06	background
COG6	-0.3541541339417741	7.662546209012475e-06	background
RPS25	-1.2269821071087683	7.635678546910753e-06	CAP_down
TRAPPC6B	0.2790174623460453	7.612017854416599e-06	background
TRAPPC3	1.3104994029033643	7.60925582395426e-06	CAP_up
SF3B4	0.2943548660498313	7.607089938506333e-06	background
CRLF3	0.3331269291718115	7.60286520680165e-06	background
PABPN1L	0.5042966505826075	7.599901829341079e-06	background
RPL19	-1.3257858629317325	7.592112939407481e-06	CAP_down
SNRPB2	0.2549338468305654	7.5885335874208765e-06	background
RPL3	-2.02547022328245	7.582616747967805e-06	CAP_down
SF3B2	0.2698473955198752	7.578486138907382e-06	background
METTL1	-1.234146111352194	7.569651572097131e-06	CAP_down
RPL23A	-2.4066575602155216	7.5632403432756425e-06	CAP_down
RPS9	-1.097300952595014	7.555068305989772e-06	CAP_down
IK	0.2668241458925431	7.545478460570488e-06	background
RPS15	-1.5155368248506782	7.536414958618763e-06	CAP_down
BET1	-0.8098606738223794	7.526826493857302e-06	background
EIF3L	-3.14885180894089	7.511017412524428e-06	CAP_down
RPS19	-0.7250798771546132	7.508004535744623e-06	background
ABCE1	-2.1683065685122984	7.498358618198919e-06	CAP_down
TMEM258	0.2727861902374779	7.496717606953777e-06	background
TRAPPC2L	-0.0371340898391688	7.496689733498116e-06	background
GTF3C2	-0.7331031077901451	7.493172323876703e-06	background
EMG1	-2.0697328334624454	7.481306378599325e-06	CAP_down
OST4	-0.3121476497957362	7.477943635368384e-06	background
ZC2HC1A	-4.597065709729828	7.473912242962264e-06	CAP_down
PINX1	-1.4749619341191234	7.46653896841862e-06	CAP_down
GNL3L	0.0109548889716894	7.463613235301607e-06	background
NOP53	-3.1969218076344323	7.455364425992818e-06	CAP_down
ANKRD39	-2.5544210297712278	7.45387107626435e-06	CAP_down
LYRM7	-4.311422909262286	7.449083896161486e-06	CAP_down
COG8	-0.3742737188594455	7.437079208250806e-06	background
AP3M1	-0.0612351322831045	7.430083618033771e-06	background
RPL27	-2.914412878101848	7.426389137437331e-06	CAP_down
SEC16A	0.9238621453639616	7.415335422235613e-06	background
ZC3H15	0.1601380855209285	7.412827730289558e-06	background
EIF1AY	1.2470587712341343	7.409413282041545e-06	CAP_up
RPS16	-1.8400994369144068	7.406928307738089e-06	CAP_down
ZMAT5	2.878963299804417	7.405044534105817e-06	CAP_up
ZCCHC14	-4.6779551165472855	7.39135877173573e-06	CAP_down
SNAP47	-1.2121668737463045	7.385000890135455e-06	CAP_down
COPG1	5.380450874780324	7.384824335796368e-06	CAP_up
EXOSC5	-1.5733389941321203	7.37901003030717e-06	CAP_down
EXOSC6	-3.723955992243135	7.36931788638473e-06	CAP_down
COG2	-2.622688372559743	7.369124193026812e-06	CAP_down
RPS7	-2.952748551769826	7.368550120029306e-06	CAP_down
NAPG	0.9081001449009136	7.360824603007587e-06	background
RPL32	-1.780622306850122	7.345083794875257e-06	CAP_down
RPL37A	-0.4498543004849036	7.324731667095547e-06	background
RPP38	-0.4132937247687219	7.3229364678660455e-06	background
TJAP1	-0.0712564964796911	7.3201572364052884e-06	background
P2RY11	-5.266380894717329	7.315795986218663e-06	CAP_down
COG4	0.1664277864918705	7.308744714880013e-06	background
DHX29	0.1283616707450562	7.297131202180142e-06	background
RPS4X	-2.8516540444215317	7.2771145519516704e-06	CAP_down
TMEM150A	-2.3637321039760537	7.272116840655638e-06	CAP_down
ARMC7	3.3121139853322537	7.268122370927102e-06	CAP_up
TRAPPC5	1.6910845039995763	7.266344221073719e-06	CAP_up
YIPF4	0.6924535646617581	7.260931243223915e-06	background
EXOSC10	-1.2122898009576035	7.259020179957631e-06	CAP_down
EIF3J	-0.1507306017303798	7.254837112030893e-06	background
WBP4	1.1373290345136395	7.253997925491429e-06	CAP_up
PRRC2B	-1.2274888835375335	7.2502749569614434e-06	CAP_down
LSM5	-0.6136384126264706	7.23166065053456e-06	background
RBM48	0.0195091375725666	7.227623574040515e-06	background
RAI2	0.5610119935727479	7.218045448263733e-06	background
SF3B6	3.011414662967552	7.211762454881183e-06	CAP_up
SCN11A	-0.4716958739863046	7.208147592272909e-06	background
NAT10	-4.043413012405243	7.203831322532299e-06	CAP_down
LRRC47	-0.2832363406939793	7.200944488474381e-06	background
HTRA4	0.7248391234461152	7.19736058958917e-06	background
DHX16	0.0461961355477046	7.1953168721859624e-06	background
LSM6	0.4819259455039237	7.190353505280723e-06	background
RPL23	-1.5301439560385284	7.187157234416704e-06	CAP_down
ZC3H3	4.120126824909779	7.186122133298667e-06	CAP_up
SCNM1	0.9061579081842566	7.179858332196363e-06	background
SF3A1	0.142746601210394	7.177674753134625e-06	background
EIF6	0.1076307780050462	7.173408782998178e-06	background
MGAT4A	-2.5080763247945552	7.166518781077143e-06	CAP_down
MGAT4B	0.6518574078136186	7.164206540696994e-06	background
MON2	-0.1256201839870036	7.143110026641373e-06	background
RRP1B	-2.59698139557889	7.1349140343991295e-06	CAP_down
NOP58	-0.98171435258396	7.131446716975106e-06	background
RPS4Y1	0.2376161677964301	7.106829327846301e-06	background
GTPBP4	-0.5373518244026896	7.102508098079686e-06	background
OXA1L	-0.1257459432669288	7.1013759995269716e-06	background
OGFOD2	0.2889402306774891	7.0877390588610165e-06	background
EEF1D	0.7534924794297939	7.086794684117771e-06	background
SEC61G	0.0511508701661542	7.055765720761377e-06	background
FAM50A	0.0466075503880731	7.05553775779787e-06	background
NETO2	2.411747057515976	7.055189731491128e-06	CAP_up
NETO1	-0.0496466533048156	7.055189731491128e-06	background
PHF5A	-0.0508062333361378	7.04348677512319e-06	background
RPL7	-0.6381165597288425	7.037140865373708e-06	background
RPL10A	-2.2347269320634195	7.029856575137707e-06	CAP_down
BORCS5	-0.0641694650579359	7.019432909393915e-06	background
RPS8	-2.5408072207073564	7.018204994028006e-06	CAP_down
RPS11	-1.001282799821373	7.016358037236897e-06	CAP_down
NAPB	0.0080846894899419	7.011129620528855e-06	background
TP53I13	-2.2002362519916865	7.0036664340406995e-06	CAP_down
RCN2	-1.6194786798393703	7.0036008080415196e-06	CAP_down
RPS5	-3.1283335141228794	6.990988949091261e-06	CAP_down
PRPF39	-1.3462742005388388	6.990517580988666e-06	CAP_down
RPL15	-2.730914209477544	6.98438984330289e-06	CAP_down
ZNF622	1.5946895389485891	6.975625351564672e-06	CAP_up
FARS2	-2.153213925474616	6.9746371413937755e-06	CAP_down
TXNL4A	-0.3219056570128945	6.974546146220839e-06	background
SAR1A	0.1309910827721893	6.96303939938771e-06	background
COA5	-0.759680099511018	6.962414510743262e-06	background
EIF3CL	-0.5878086231665844	6.9337821571994356e-06	background
COX14	-0.2352902179684619	6.931220542982081e-06	background
RPL9	-4.087978394091693	6.93023054824882e-06	CAP_down
DNAH1	-0.6268789792877507	6.928494740209315e-06	background
EXOSC7	-2.719834921627409	6.9282508436048526e-06	CAP_down
GTF3C3	-0.7995715002758723	6.923423932193379e-06	background
GTF3C1	-0.0092621711201818	6.921972810267471e-06	background
AATF	0.3728565071953237	6.921148735237335e-06	background
CCDC9	0.3913455207221574	6.913450676646895e-06	background
TSFM	-1.4385232747107226	6.911596331862052e-06	CAP_down
PYM1	0.0031995037958286	6.911488693134435e-06	background
RPS26	-0.4069983261175842	6.911021252893579e-06	background
WDR4	-2.5720438042872225	6.8949785797571835e-06	CAP_down
GFM1	-1.854059957606805	6.887019152502273e-06	CAP_down
LSM8	-0.9817747369190272	6.86705756068226e-06	background
RPL7A	-2.8886903967035256	6.866418770276531e-06	CAP_down
ERGIC3	-0.7242623556630146	6.866190601338815e-06	background
SEC22A	-0.9136727713932712	6.863233418877588e-06	background
DDX56	-0.6479812731412733	6.850678855846939e-06	background
NAF1	-3.9558665039502823	6.825508524884434e-06	CAP_down
PLAC8	0.8672151610695538	6.822571091842941e-06	background
FASTKD3	-0.0468726022737264	6.820397298623118e-06	background
RPS14	-1.8435913490765865	6.820158899025766e-06	CAP_down
TEFM	-0.0273735783032646	6.812177488874458e-06	background
TRUB2	-0.9309641911314344	6.811820415734106e-06	background
MRPL12	0.0012248987033648	6.805652520650709e-06	background
TM9SF1	2.269778566535929	6.803915932958398e-06	CAP_up
RELL2	-0.0081199697774464	6.802215744717224e-06	background
RELL1	-0.2256214862182822	6.802215744717224e-06	background
FTSJ1	-0.4351164383706317	6.798696182780001e-06	background
ETF1	4.244746368180119	6.791383865698142e-06	CAP_up
SAR1B	0.8964576054672186	6.786073298767741e-06	background
GCN1	-1.1792674770407807	6.7842795228417505e-06	CAP_down
EXOSC8	-1.3269238013107518	6.779599460935308e-06	CAP_down
DDX51	-2.432519066619214	6.768475252548289e-06	CAP_down
YIPF5	1.107532168000356	6.7543019858697815e-06	CAP_up
YIPF2	-0.4648145445385467	6.7453971997763865e-06	background
MALSU1	0.4403128111393136	6.743322748314474e-06	background
PRAF2	0.5794230698704054	6.729680995783016e-06	background
ARL6IP5	1.2361236742109538	6.729680995783016e-06	CAP_up
MIA2	2.2199427555790074	6.720895590566916e-06	CAP_up
FEZ2	0.7148895270365894	6.711805038255309e-06	background
ERGIC1	3.661881062335389	6.702524763457681e-06	CAP_up
SEC61A2	0.6794475744437533	6.6994604962493934e-06	background
WDR18	-0.1502742914698529	6.698843996323795e-06	background
RPL18A	-3.6950042803248646	6.6982744155248554e-06	CAP_down
RPS28	-1.5044362703508636	6.691408336220235e-06	CAP_down
RPS29	-2.866082266097341	6.684542157600758e-06	CAP_down
RSRP1	0.3170588799493956	6.683224434223721e-06	background
ARGLU1	-0.1514747619974171	6.675278128738976e-06	background
BTF3	-1.6140137579099112	6.6721862978619416e-06	CAP_down
RBMX2	-0.0425429288970214	6.669380923784452e-06	background
HBS1L	0.1538084305624556	6.648285553257078e-06	background
RPS21	-0.1317446340834683	6.6402744270450955e-06	background
LARP4B	0.5272466094829604	6.638293304695488e-06	background
RPL13	-2.7373772773990908	6.635732605774875e-06	CAP_down
BLOC1S1	4.899725185660321	6.634407426322275e-06	CAP_up
RPL18	-2.699832701623908	6.632450044028763e-06	CAP_down
RBM42	0.7997105255614274	6.628077687573398e-06	background
EFCAB5	0.2616888315811894	6.6195539126342504e-06	background
TSEN54	-5.369174628824573	6.617788976456473e-06	CAP_down
RPS10	-3.259199662506467	6.614891388380658e-06	CAP_down
RPS13	-2.9180268158044647	6.6093410664513916e-06	CAP_down
SLC25A43	-0.8067250010787312	6.600542648250869e-06	background
RIPOR3	3.090998122905294	6.600542648250869e-06	CAP_up
DDX23	0.2774344659222663	6.5887603274477e-06	background
RPL10	-1.9093428547433249	6.585805843259105e-06	CAP_down
DIPK2A	1.4923261932255256	6.565076130879835e-06	CAP_up
USP39	1.167279386539818	6.560483159000982e-06	CAP_up
RPS17	-5.401890386935955	6.5532862227171944e-06	CAP_down
ENKD1	1.1094444865858937	6.55226945941657e-06	CAP_up
FARSA	-0.0480653879068293	6.550189399066574e-06	background
PCNX3	0.0373242388569211	6.540557219424223e-06	background
SART1	0.4110198549280095	6.5379998529319385e-06	background
RPS12	-3.3307838454148797	6.5081339627751806e-06	CAP_down
RPL35A	-1.8966403369301008	6.502381796729943e-06	CAP_down
CWF19L1	0.7167717883056237	6.495322364740307e-06	background
C2ORF49	0.0499536030638557	6.491750874562136e-06	background
SULT1B1	12.358255496872095	6.488580424891416e-06	CAP_up
ALKBH3	-2.6708016783804256	6.472976881478817e-06	CAP_down
COA3	-0.0139980336936281	6.471494305695288e-06	background
SNU13	-0.6119974397365143	6.460281011657287e-06	background
MYZAP	0.7709622940389852	6.459621418013019e-06	background
RPS24	-0.2170366860577137	6.457798941569973e-06	background
CKAP4	21.121486650497328	6.455720321492078e-06	CAP_up
CCDC186	0.6825543468329842	6.452666684122392e-06	background
RPL24	-1.825581725292709	6.447643969138118e-06	CAP_down
TMED7	0.2844960298212062	6.4456875904814045e-06	background
ARL6IP1	1.3758899459375242	6.438129409276074e-06	CAP_up
RPS23	-0.763892389190865	6.43328837149487e-06	background
RPL28	-0.3688767159874933	6.398174647917119e-06	background
MRPL58	-0.0045715341778654	6.395639980995661e-06	background
RPL37	-0.929142859698782	6.393148163757711e-06	background
SLC10A7	-0.0974490901285236	6.391061361732604e-06	background
NOP2	-0.6808890008039208	6.3877520225741485e-06	background
COL7A1	10.49688769971207	6.370838485069894e-06	CAP_up
RRP1	-0.7790961985678022	6.368974886703836e-06	background
SRP54	1.9812763691478208	6.348554928510794e-06	CAP_up
MDN1	-3.53658735066562	6.344757288639239e-06	CAP_down
TTC19	-3.768820103053248	6.34294432062883e-06	CAP_down
PRPF4	0.0156812046677351	6.338810021736649e-06	background
SLC35B2	-0.0826932059289237	6.3360746787480606e-06	background
SBNO1	0.8509507869315601	6.328801263680793e-06	background
RPLP1	-1.7990053688041194	6.321800094648576e-06	CAP_down
TENT2	1.4280267248049667	6.318662651212266e-06	CAP_up
PIGV	0.3720721245378333	6.314428382255823e-06	background
RPL21	-1.3542686329879865	6.308442247631217e-06	CAP_down
FDXACB1	-0.2236260921982237	6.308354568663e-06	background
GPATCH11	-1.6042060884929192	6.292395086969627e-06	CAP_down
FAM98B	-0.9261652298579274	6.290773589596017e-06	background
GOLIM4	0.0234894326489492	6.289286043241607e-06	background
RPL31	-2.413448560177594	6.286813262371907e-06	CAP_down
RPL14	-1.518142569540774	6.280546328391958e-06	CAP_down
HMGN2	0.9534791088380672	6.276409246866685e-06	background
CCDC97	1.2633484776048909	6.273462925264337e-06	CAP_up
GSPT1	-0.4962656006115172	6.255091120336944e-06	background
VAMP5	2.078190464256102	6.243623400377095e-06	CAP_up
RPS15A	-2.895293539189633	6.23410157979952e-06	CAP_down
RPL17	-2.6964581661858054	6.217827133255952e-06	CAP_down
ARMC1	-1.1976574356424254	6.2157629789866765e-06	CAP_down
BYSL	-0.2936266762881658	6.213728476134191e-06	background
PDCD11	-1.6302038557252243	6.209749644418858e-06	CAP_down
BOP1	-0.6321408710793689	6.206662832699502e-06	background
LYRM1	5.166035430533968	6.205884183281611e-06	CAP_up
CHERP	0.0230357330444999	6.203566350234468e-06	background
TAPT1	-0.0368505483621259	6.1870744341805305e-06	background
HMGN4	0.053849716925169	6.183898426391394e-06	background
MPDU1	1.3955137048124853	6.169641010203103e-06	CAP_up
RPL29	-2.766395394279459	6.158392819697864e-06	CAP_down
RPL39	-3.016943462257748	6.157810795153258e-06	CAP_down
DNAH12	-0.0967415054595516	6.155387006523829e-06	background
AAR2	-0.2801398966464482	6.152818950765989e-06	background
ASCC1	0.0866542226651794	6.146116637979592e-06	background
BORCS7	-0.4315148465860586	6.1394052397525906e-06	background
CEBPZ	-0.035890550810999	6.1167091274386555e-06	background
SS18L2	-0.1303304323491985	6.111608727916594e-06	background
RPL35	-2.3188752069235865	6.110952138704339e-06	CAP_down
EFL1	-1.4353562682953744	6.110220716769249e-06	CAP_down
GTPBP10	-1.783408507101098	6.104496236212034e-06	CAP_down
EXD2	-4.212107537054188	6.099364256530201e-06	CAP_down
RSAD1	-3.801043494727589	6.093975674291259e-06	CAP_down
COA1	-0.6769967318331706	6.079888896842678e-06	background
TM9SF4	0.2376030993498791	6.077921818046086e-06	background
TM2D3	0.2088494468866807	6.063900800727191e-06	background
SRP19	0.6378715676657356	6.059642476321067e-06	background
EAPP	0.9934051138316252	6.053602520170631e-06	background
RPL36A	-4.115769184052471	6.045039536700518e-06	CAP_down
FAM91A1	0.8598898432040725	6.038277038393667e-06	background
EIF1B	4.225572515198364	6.037705967146416e-06	CAP_up
DPH7	-1.6645262577528417	6.035275914914903e-06	CAP_down
RPL41	-0.0195348250346126	6.014995004277826e-06	background
EXOSC9	-0.6505597778290795	6.012750914088829e-06	background
IMP3	-1.1450003020393424	6.006662728253437e-06	CAP_down
TSR1	-0.5136517546065608	6.005315801698996e-06	background
RPL34	-0.0735449814407866	5.9981182512799465e-06	background
RSRC1	-0.2165324102787979	5.996929831914947e-06	background
RPL36	-1.6529126905003644	5.996914035121603e-06	CAP_down
METAP1	-1.504867917893402	5.9901208638237866e-06	CAP_down
GTPBP6	-1.3571666973787089	5.9897125704340985e-06	CAP_down
NOC3L	-3.6975922648645936	5.988382707110479e-06	CAP_down
HMGN3	-0.8721128396553606	5.955726070427996e-06	background
NACA	-0.568360692345343	5.950988057963742e-06	background
ASCC2	-1.9017491085469973	5.946360899187008e-06	CAP_down
HPS4	-1.4673399880401168	5.94546636228631e-06	CAP_down
IFRD2	-0.9671206325156538	5.9423199950147e-06	background
RPL36AL	-0.098296712727865	5.9341364228850485e-06	background
MRTO4	-0.3788827382343468	5.932658155918424e-06	background
RPUSD3	-0.4848948438887649	5.924207023621555e-06	background
EDF1	-0.0823856921624827	5.9167365024328695e-06	background
ZBTB8OS	1.5516680665672056	5.913334435625976e-06	CAP_up
GTPBP2	5.0483605711667785	5.913082303560683e-06	CAP_up
NIPAL2	-0.3172612387365314	5.900742363933707e-06	background
NIPAL3	-5.103184398838468	5.900742363933707e-06	CAP_down
RPLP2	-2.581788370793129	5.89263803762062e-06	CAP_down
TXNL4B	3.157399195913729	5.891716385935512e-06	CAP_up
RPL38	-1.884193185354676	5.885526763183461e-06	CAP_down
NSUN4	-0.9039082438652684	5.884291157525763e-06	background
DPH6	-8.479066124324833	5.883638721983516e-06	CAP_down
PIGC	-0.2551296991438491	5.873189213081955e-06	background
RPL22	-2.147594532251388	5.863591225545124e-06	CAP_down
BEX5	-0.8950307387515626	5.850416347724966e-06	background
EBLN2	2.841054406285756	5.843608873845888e-06	CAP_up
RPL27A	-0.9611579510346856	5.826911678557133e-06	background
PIGO	-1.3420053282654674	5.795947100771395e-06	CAP_down
ABCF3	-0.0202262061133718	5.793965857022151e-06	background
DIS3L	-2.258641193822734	5.7937707392984615e-06	CAP_down
PET100	0.0826694126210863	5.793651188936156e-06	background
C9ORF78	-0.0396214400484979	5.7902672206429424e-06	background
DHX32	-0.6210798069065755	5.786304532270702e-06	background
TMED5	2.409863325954058	5.784046684796795e-06	CAP_up
CFAP70	0.1564073336646582	5.782135015975564e-06	background
SNRNP27	0.0650040634520205	5.776125261117068e-06	background
MRPL21	-0.4348621694696428	5.774380274677832e-06	background
DRG2	-1.0800659572541602	5.76425074742966e-06	CAP_down
ADAM8	5.738848792878601	5.75191667947384e-06	CAP_up
TPD52	-1.3412743675851004	5.74891056402326e-06	CAP_down
MRPL11	-0.3673966054491911	5.737771782000309e-06	background
MRRF	-3.237341260692471	5.726084932823309e-06	CAP_down
DNAJC30	-3.272217502339571	5.7222819120481876e-06	CAP_down
RNF121	-0.7169561606071195	5.710224549105149e-06	background
RPL39L	-2.764611160147996	5.706764496102103e-06	CAP_down
LYRM9	-3.154799332229228	5.702522431969578e-06	CAP_down
PELO	12.570777742751222	5.697272500032043e-06	CAP_up
DHX30	-0.7287026809528072	5.696817902275395e-06	background
PIGK	-0.0724478502389229	5.694831033586338e-06	background
EMC9	0.0781759037668015	5.694519853607007e-06	background
EMC10	-0.3173638654446099	5.689135915620183e-06	background
ZNF512	-2.1633665567079854	5.684123610046509e-06	CAP_down
SURF2	-0.3973021863659757	5.665909274433647e-06	background
PIGT	0.0013260353022293	5.661335154071219e-06	background
MRPL50	-0.5341706813065175	5.655381735567912e-06	background
SMNDC1	2.19275857633062	5.652926615408863e-06	CAP_up
HEATR5B	-1.162002353302628	5.642415438480148e-06	CAP_down
MRPL20	-0.2085970006811791	5.6408932293306185e-06	background
SRP14	0.4880071524201914	5.640738420965432e-06	background
PIGP	-3.620215208168173	5.637543887396742e-06	CAP_down
TENT4B	-0.0039983642610251	5.6310600877255506e-06	background
UTP3	-0.0512930097263388	5.629622703609642e-06	background
MTRF1L	2.98465374712312	5.62114271853868e-06	CAP_up
MSS51	0.082843889077325	5.610984109247662e-06	background
MRPL2	-0.5905283064417743	5.595098482288407e-06	background
NOP14	-1.8696235928805427	5.592671129693303e-06	CAP_down
GRWD1	-0.9068427004037476	5.592580896548287e-06	background
PNO1	-0.4954025853228945	5.585164255089871e-06	background
RPL26L1	0.7598869625797419	5.574509094733194e-06	background
MRPS2	-0.4710019113880718	5.560443942769741e-06	background
MRNIP	-5.040545112285413	5.5502295748082885e-06	CAP_down
PES1	-0.1802346037387297	5.549898951686994e-06	background
TMEM70	4.999050947185343	5.537248279027048e-06	CAP_up
GTPBP3	-3.2712204432311225	5.521446476778441e-06	CAP_down
SMIM7	-0.2329895923493626	5.516776940207491e-06	background
MCRIP1	-0.2540410859848471	5.516367543434704e-06	background
ZCCHC8	-0.0826839175646209	5.515462044064811e-06	background
PIGH	-0.2518621545257913	5.5147358808056686e-06	background
NSG1	-12.439022253798171	5.5096982362333244e-06	CAP_down
PUS1	-1.294439163792398	5.500957274854559e-06	CAP_down
SRPRA	1.280113279595691	5.496882612654512e-06	CAP_up
DDX18	-1.6967590543569473	5.495964650593813e-06	CAP_down
RPUSD4	-1.241193158153706	5.492140424368757e-06	CAP_down
MTREX	-0.5149986799206873	5.491616067120972e-06	background
BCAS4	-9.085585896223227	5.491393166284565e-06	CAP_down
SEC22C	0.0538117974381175	5.470463195858038e-06	background
EID2B	-3.1118306304586194	5.467492129820922e-06	CAP_down
TMEM186	0.4464830034945544	5.46541176486667e-06	background
MRPL24	-0.3631243134045759	5.458409737925549e-06	background
BUD23	-0.3322980963924768	5.457967098911801e-06	background
AGTPBP1	4.842607553764006	5.453785113953638e-06	CAP_up
UTP15	-2.9524241490951684	5.447598041816572e-06	CAP_down
GPBP1L1	1.9359080133411335	5.434171551006376e-06	CAP_up
RAB36	2.6439515060527587	5.417688801898783e-06	CAP_up
RPS27L	0.0007179738413135	5.415968297751551e-06	background
SRP9	-0.1509801087688643	5.412694188250604e-06	background
DDX50	-0.4514797808233424	5.387998902436127e-06	background
SRP68	-0.0340363031031271	5.384311770103685e-06	background
METTL17	-1.4360343612834576	5.3481767845566145e-06	CAP_down
EXOSC4	9.035822774175484	5.337002480821588e-06	CAP_up
MYEF2	-3.008175492083406	5.330966751791874e-06	CAP_down
GNL2	-0.0209275151319274	5.306915352486781e-06	background
UQCC1	-3.660648559145247	5.3054413647565366e-06	CAP_down
TRMT1	-0.7463613528072508	5.305037162489554e-06	background
NCDN	0.0744696906381033	5.3023802894233795e-06	background
NSUN6	-2.6464270368360343	5.297586415245654e-06	CAP_down
DPH5	-2.529016277697891	5.293634906245471e-06	CAP_down
MRPL1	-0.6305435218486267	5.2808777334879225e-06	background
EBNA1BP2	-0.0621708833749796	5.274374580661086e-06	background
MRPL9	-0.4529421243897529	5.27328610404237e-06	background
MTRF1	-0.3013550424501736	5.264789281617317e-06	background
MROH1	-0.0895659975517967	5.255610719841613e-06	background
DENND11	-7.543277510352468	5.254223824340476e-06	CAP_down
APMAP	9.525121175525598	5.251917708813573e-06	CAP_up
NGDN	-1.691083540397085	5.249328189981093e-06	CAP_down
DENND6A	0.0056581887065967	5.2474613384447815e-06	background
RPL7L1	-0.4525951271247359	5.23387343773426e-06	background
CCDC124	-0.1810073934807821	5.228271160023085e-06	background
PNKD	1.5544955220568144	5.21808496828417e-06	CAP_up
HS3ST1	-3.131518780108747	5.191791931758632e-06	CAP_down
KLHL28	0.0895613134527671	5.188989927172288e-06	background
ZNF786	-2.1797366629038395	5.172569778498748e-06	CAP_down
ARMC5	-0.0017607770593323	5.172278259024265e-06	background
PRRT1	-7.756541464823213	5.172278259024265e-06	CAP_down
EXOSC3	0.0491066980044764	5.168189942778214e-06	background
GTPBP8	-2.0515078647440497	5.1569855454048296e-06	CAP_down
ABHD1	-1.2395529485664445	5.151873009320902e-06	CAP_down
MTIF2	-0.0988118490128793	5.143213979873729e-06	background
DPH2	-1.8782643978073943	5.138655476575009e-06	CAP_down
FCF1	0.2129332729924687	5.12465447298378e-06	background
HPS1	-1.402020753204812	5.105208263674725e-06	CAP_down
NIFK	-1.137229170320838	5.105016450646575e-06	CAP_down
ABCF1	-0.0431303868818963	5.088335935044704e-06	background
DHX37	-1.1137570889052095	5.065251350218809e-06	CAP_down
SMIM20	0.0556739808238307	5.039835545855793e-06	background
WDR43	-1.6262433807355758	5.000781502830886e-06	CAP_down
PTCD3	-3.2738758141387776	4.997232076725558e-06	CAP_down
PRRC1	-0.4902963826923595	4.9952195437736506e-06	background
ZNF395	-3.584733035177495	4.985434666497786e-06	CAP_down
NPEPL1	1.4875425819726509	4.980649205960947e-06	CAP_up
LRRC57	0.3265259175635653	4.98045506730974e-06	background
THG1L	-1.5599732513873037	4.976873220112441e-06	CAP_down
NOMO1	0.0924738259468193	4.9753094785561156e-06	background
TYW1	-2.120078325356356	4.968702840001387e-06	CAP_down
ZFC3H1	0.14802993217462	4.959975311274685e-06	background
RBFA	-6.235438029060636	4.958165062195046e-06	CAP_down
SURF6	-0.1468158386024616	4.955116501085045e-06	background
LYAR	-0.8614655734789899	4.953088328012828e-06	background
IMP4	-0.4382221508437517	4.9498949940658484e-06	background
NDUFAF8	-0.5213720256184963	4.914802687447199e-06	background
KRR1	-1.223418107016718	4.903231575997727e-06	CAP_down
MZF1	-1.6486624961550562	4.901740631596089e-06	CAP_down
OCIAD1	-0.2144623297867572	4.900585694421917e-06	background
RAB43	1.8540894517247848	4.884853228727936e-06	CAP_up
CYB561	-1.890606017745731	4.869693180194066e-06	CAP_down
RWDD4	-0.0728777831340373	4.8632339470332375e-06	background
TRMT6	0.4157273465065002	4.862466472732329e-06	background
TRMT10A	0.0744516551554545	4.808240859224612e-06	background
BLOC1S4	-0.2935419622199522	4.804693243771932e-06	background
LENG1	0.0053540255589552	4.795008895034192e-06	background
MRPS34	0.0034849600558108	4.7749378768814635e-06	background
TSEN34	6.999833183087945	4.769793947921627e-06	CAP_up
PET117	-2.8254225612681627	4.769783560025568e-06	CAP_down
RCL1	-0.2013766266413998	4.76755917500141e-06	background
PWP2	-1.1973856582897706	4.767142626575942e-06	CAP_down
WDR46	-0.4865354045494245	4.7663782832209146e-06	background
EXOSC1	-0.025947389773313	4.749125095811062e-06	background
MRPS21	-3.2551881065298325	4.74631654846882e-06	CAP_down
TMCO1	0.2030061376485191	4.72370685226649e-06	background
TRMT61B	-3.9210429209483655	4.717760346952076e-06	CAP_down
NOL7	0.0814210998843043	4.712009706276607e-06	background
MRM2	-1.5924374138059667	4.710316531184726e-06	CAP_down
NSA2	-1.3817567877809562	4.707322314939667e-06	CAP_down
SFT2D2	-0.0965681929770336	4.700468420978805e-06	background
MRPL30	-0.1424964602266464	4.698430832101371e-06	background
CCDC47	1.851514018246984	4.697839546185728e-06	CAP_up
VWA7	2.4369865932123727	4.695900184124072e-06	CAP_up
RRP12	9.29757884933691	4.689589201028309e-06	CAP_up
RIOK3	0.7320166616917262	4.678552981975962e-06	background
SFSWAP	-0.9719105698227448	4.6692543928782335e-06	background
HARBI1	3.1254821493595992	4.6596320093030495e-06	CAP_up
DDX10	-4.030027623474135	4.6370559797762885e-06	CAP_down
TMEM147	-0.0208436179260362	4.618668381229572e-06	background
TSEN15	-3.3460407051266152	4.615879068669007e-06	CAP_down
MTRES1	-1.4272828566606277	4.609311774072729e-06	CAP_down
ALKBH6	-0.1560274026742099	4.607407846873737e-06	background
RRP9	-0.7066010828530523	4.603818931626004e-06	background
MTG2	1.8378689404330533	4.603160247014169e-06	CAP_up
REXO4	-1.7934706241284195	4.58635324001414e-06	CAP_down
MRPS25	-4.9441885253721445	4.572214782082252e-06	CAP_down
TRAPPC11	0.0149229653811307	4.5606310362575365e-06	background
PUM3	-2.978610989274851	4.5406572509467865e-06	CAP_down
DIMT1	-4.204737550213773	4.5364813315230325e-06	CAP_down
MRPS18C	0.1636625069045132	4.531319001035146e-06	background
SREK1IP1	-0.0061080821725895	4.53010141085641e-06	background
ALKBH2	-2.355544598804564	4.519514077843642e-06	CAP_down
MRPS33	-0.6180554614944685	4.517272559400464e-06	background
TBC1D19	-6.184312302268628	4.516665850139997e-06	CAP_down
UTP6	-0.4428876649507373	4.5151086229671265e-06	background
RSL1D1	-1.2802246587821444	4.508857429050581e-06	CAP_down
MRPS22	0.0083805090383081	4.505409009034081e-06	background
FTSJ3	0.000124423906544	4.495632388048419e-06	background
BMS1	-2.692254671942208	4.492129691353778e-06	CAP_down
MRPS18A	0.0736418937195457	4.489942991611925e-06	background
WDR75	-3.2299796580939133	4.480816961399911e-06	CAP_down
NOL11	-2.0895796931710087	4.47618786185377e-06	CAP_down
TBL3	-0.0649639478305812	4.47154484713204e-06	background
BRIX1	-0.8870993126337423	4.4612980852691325e-06	background
RSL24D1	-0.2042247359981432	4.460705131294779e-06	background
NOA1	-0.1516322438525705	4.455746865508208e-06	background
MRPS24	-1.4191826820926832	4.449042832233253e-06	CAP_down
MRPS17	-0.6326585995929174	4.448143370827089e-06	background
MRPS28	-0.8200043677309263	4.438515458363514e-06	background
MRM3	-0.3656118229029493	4.437166080186448e-06	background
MRPS23	-0.0942123049015171	4.432569800884656e-06	background
SNURF	-11.5435999563623	4.431681454267533e-06	CAP_down
NOC4L	-0.01392251040289	4.42997232689699e-06	background
MRPS26	-0.7097176513313085	4.429097629777166e-06	background
MTERF4	-5.439802215071844	4.423211792047613e-06	CAP_down
MRPS18B	-0.4080953584570836	4.4222979914434895e-06	background
MRPL15	0.0143587150843524	4.421338646189157e-06	background
SRP72	-0.148491385765062	4.417417328341799e-06	background
MRPS27	-1.8166150355669517	4.416831026464765e-06	CAP_down
UTP4	-1.3022108776431551	4.411278992393896e-06	CAP_down
MRPL54	-0.0382904081984006	4.404468795757277e-06	background
MPHOSPH10	-1.4312954882949656	4.400063397211658e-06	CAP_down
HPS5	-0.010353814212065	4.399686318355963e-06	background
UTP11	0.0695438580511291	4.391488854862765e-06	background
MRPL10	-0.0923949189248184	4.3864524418326165e-06	background
MRPS31	-0.0244815394595655	4.386240851099958e-06	background
MRPL28	1.913706443286422	4.383600663297582e-06	CAP_up
HPS3	0.0386262986644361	4.3763862587185415e-06	background
MTG1	-4.029031669941139	4.374972303119841e-06	CAP_down
CRELD1	-3.8639144832473313	4.37043288979727e-06	CAP_down
TMEM222	0.1368248292215373	4.368365420820658e-06	background
HEATR1	-3.501092467164398	4.368240873939538e-06	CAP_down
ZCCHC7	-0.4035776088292255	4.332535218540596e-06	background
CHCHD1	0.3473461460387816	4.327970632135183e-06	background
GCC1	4.195828572335142	4.327606527760718e-06	CAP_up
MRPL39	-0.8247476729700832	4.32612062274983e-06	background
MRPL51	0.4513278377196327	4.320550156268039e-06	background
GFM2	-0.1008040251769037	4.313774193331255e-06	background
MRPL35	-0.2385369908939691	4.307023721705519e-06	background
MRPL18	-0.022653381548777	4.289812622381527e-06	background
NIP7	-0.3181131229802877	4.284327263417649e-06	background
WDR12	-0.3377758814195004	4.27761290399263e-06	background
MRPL55	0.0906129099911708	4.268154649436979e-06	background
MRPL37	-0.0253675961958473	4.261964110302447e-06	background
RPF1	-0.0876319023057228	4.260058640808923e-06	background
NOL10	-0.5163063967102258	4.253505703581627e-06	background
MRPL48	-0.905614773197754	4.2459849145184754e-06	background
MRPL38	-2.068972607495761	4.24521483077057e-06	CAP_down
WDR74	-1.590957614945061	4.243627402169943e-06	CAP_down
METTL15	-0.9429520918420063	4.230316248132189e-06	background
GPATCH3	0.7819613312116652	4.2156248119804485e-06	background
MRPL57	-0.28894004214246	4.205715926685626e-06	background
ABCC3	0.4875502296805709	4.205562590426822e-06	background
MRPS30	-2.320773951248737	4.200527645679916e-06	CAP_down
UTP18	-0.0368426702328999	4.199901295217709e-06	background
MRPL14	-0.1693509827025643	4.1998931575137245e-06	background
MRPL42	-3.889157853096752	4.198164635577443e-06	CAP_down
HEATR3	0.0113334593070633	4.195603395187993e-06	background
LLPH	1.5347215621143082	4.194333429667092e-06	CAP_up
MRPL52	-0.1348738530193442	4.193778176861214e-06	background
GPATCH4	-0.6895156318968644	4.192800457770998e-06	background
HPS6	0.4414739527399712	4.18441765810142e-06	background
MRPL45	-0.6754739384685113	4.180496239687261e-06	background
ZKSCAN4	-0.0008790625346236	4.179434503057555e-06	background
SMIM12	0.3102137588684869	4.175786890815858e-06	background
BLOC1S5	-0.0396771036138564	4.166412276459599e-06	background
PRSS23	-13.663586471712993	4.164910088052733e-06	CAP_down
MXRA8	-14.948489472545733	4.164910088052733e-06	CAP_down
WDR89	-4.772704238707547	4.1647382149988035e-06	CAP_down
PUS7	-2.176911641857592	4.156852758636371e-06	CAP_down
G2E3	-1.0597201393539455	4.145136412610095e-06	CAP_down
DUS1L	-1.1290933236353138	4.14502848360167e-06	CAP_down
MTIF3	0.1145502219722851	4.1395806093275294e-06	background
NOP16	-0.1819031266964285	4.12902950178107e-06	background
SNX14	-0.0712439589777682	4.128328019289846e-06	background
TRAPPC2	-0.3425206764193629	4.12500540168706e-06	background
DBR1	-0.1929945539984549	4.117483320683828e-06	background
RIOX2	-2.351952082273155	4.116579560568884e-06	CAP_down
TMC4	7.534672240050616	4.108116719647304e-06	CAP_up
HSD17B13	3.3562213386051414	4.108116719647304e-06	CAP_up
RPF2	-0.5222944986147098	4.098201996664892e-06	background
SDAD1	-2.2657197870132317	4.094789123212408e-06	CAP_down
GTF3C6	0.2672800741000066	4.089764465334913e-06	background
PUS3	0.3514051524650801	4.081155388934307e-06	background
ATP10D	-0.1581240010201214	4.080147623505516e-06	background
TRMT61A	-4.707174989373994	4.070674201222574e-06	CAP_down
DDX24	-1.2919284376079256	4.048168852246802e-06	CAP_down
MAK16	-1.5164657094926288	4.039902911551012e-06	CAP_down
TRMT10B	-1.6521755042452462	4.020875320550234e-06	CAP_down
NBEAL2	11.563460898753204	4.009034284520488e-06	CAP_up
RRS1	-0.6180519757817955	3.993590111369183e-06	background
LETMD1	-1.7562744492704645	3.985907851830952e-06	CAP_down
PUS10	0.1304143973826622	3.982436065311761e-06	background
PWP1	-0.508755075981248	3.980956093732579e-06	background
DIS3L2	-4.725238085749932	3.971817540812188e-06	CAP_down
PROCA1	0.0250257025745587	3.961569459609404e-06	background
VWCE	-2.159005303919764	3.948079341088493e-06	CAP_down
TRAPPC6A	-4.627860675414063	3.942369131798961e-06	CAP_down
PIGX	0.7085809937823906	3.896496196946335e-06	background
TRAPPC8	0.6657576937083566	3.892509486820492e-06	background
ZNF383	-4.050814717621335	3.874355901260569e-06	CAP_down
MPHOSPH6	-0.7836626961692591	3.872252700064592e-06	background
CMSS1	-2.9783404837148466	3.87169596362004e-06	CAP_down
GPAA1	0.3473769645454136	3.870516429230366e-06	background
NCLN	2.085730593339532	3.8461207440027395e-06	CAP_up
ZNF593	0.0057711078279062	3.838523150176692e-06	background
PIGG	-0.5349887283257232	3.830331307249995e-06	background
TRAPPC12	0.0305631870450553	3.828686046022907e-06	background
TRAPPC13	-0.1484919799173876	3.8264841776662145e-06	background
TRAPPC2B	-1.5169234019158004	3.8103598922474443e-06	CAP_down
DDX27	-0.3535808900206483	3.785112325063294e-06	background
TRMT44	-3.2107968487482093	3.7848253619886418e-06	CAP_down
UTP14A	-0.6370660533644372	3.7778140704789303e-06	background
DDX28	-0.362095013495149	3.7585557854650693e-06	background
PIGB	0.3897530928993112	3.7141254630730887e-06	background
RBM28	-3.889177377280882	3.7067653637128655e-06	CAP_down
DDX47	-3.00016360125321	3.679252237566335e-06	CAP_down
THUMPD1	-0.5167332768717143	3.601915222810068e-06	background
TPGS2	-1.753243996039216	3.599207703685913e-06	CAP_down
KRI1	-1.192388156272952	3.5874831734129656e-06	CAP_down
URB1	-3.1129599418636413	3.57730140344296e-06	CAP_down
DOP1B	0.3755655795417432	3.571554931905085e-06	background
DOP1A	-3.142435712471648	3.571554931905085e-06	CAP_down
ZNF106	5.489509522075249	3.5632318725871294e-06	CAP_up
CHST11	0.3272505779006013	3.5629746863279084e-06	background
NAT14	0.0020789379206649	3.5600923204247554e-06	background
PPAN	-5.029232317825312	3.5576658865408098e-06	CAP_down
TTC27	-3.164334225701867	3.5504099076382825e-06	CAP_down
PUSL1	-0.1047242655599875	3.546139462149077e-06	background
TSR2	-0.4543519000772386	3.5071171299161475e-06	background
NOL12	0.001140543813577	3.4993174138592756e-06	background
DDX54	-0.953466467587647	3.4758046374594985e-06	background
DDX49	0.5022123870687268	3.4687144581268877e-06	background
EEF1AKMT3	-2.950708394520707	3.4557977413601357e-06	CAP_down
ALKBH7	-1.0768288808888482	3.442761702046866e-06	CAP_down
ALKBH4	0.022199539958854	3.435073364783144e-06	background
TBRG4	-0.7394000840753685	3.4253389854550717e-06	background
PTCD2	-5.173449651336289	3.4151673514781355e-06	CAP_down
CHSY1	7.053538996307723	3.40893404376868e-06	CAP_up
ZNF674	0.0546651707305767	3.405387442502161e-06	background
THADA	-0.4112227468589786	3.3993476471864857e-06	background
RBM34	-0.885257949569631	3.3943343014876026e-06	background
DDX52	0.1153790692238385	3.372137155080576e-06	background
RTCA	0.8262337391528917	3.3587022278228564e-06	background
NLE1	-6.127821896544212	3.3556492085305877e-06	CAP_down
TTC33	0.1743082330229487	3.3288395821077307e-06	background
CMTM5	1.2320925206240012	3.327829808014523e-06	CAP_up
GPATCH2	-3.931062553394997	3.3075978223522393e-06	CAP_down
CHST7	-0.090236015669022	3.307181763354447e-06	background
UTP25	-5.40632142362152	3.2927013797159396e-06	CAP_down
NOP9	-0.4963732663560719	3.2806798434843233e-06	background
PUS7L	-1.5553556334183531	3.2794270982338875e-06	CAP_down
ATP13A1	-0.0033666285543741	3.270278534228023e-06	background
HS3ST3A1	-0.0131095016906386	3.24429014931783e-06	background
CMC1	-2.277213771832904	3.235746888210672e-06	CAP_down
CHST13	1.9301214213179645	3.2282664940535383e-06	CAP_up
ZKSCAN8	-4.641481727718442	3.1925016137928548e-06	CAP_down
CHST12	-3.804432392912064	3.190404808848071e-06	CAP_down
CFAP44	-4.518578321628706	3.189455945117934e-06	CAP_down
TPGS1	-0.5485093191040026	3.172300768775723e-06	background
PIGS	0.6506977014172391	3.1405262967271925e-06	background
PIGU	-2.0515159543827868	3.135504682973595e-06	CAP_down
RRP36	0.0161579571064211	3.128908649918577e-06	background
TYW3	-2.928955530970691	3.119167857044135e-06	CAP_down
MTFR1L	-0.03440788418486	3.107881388034433e-06	background
PAK1IP1	-0.1765909046431734	3.1071574050178593e-06	background
UTP23	-0.3459933284309707	3.0795940023772187e-06	background
RBM19	-4.268623425137483	3.0390816729643477e-06	CAP_down
LRRC37B	0.1822283268060343	3.0278992619656396e-06	background
ZSCAN30	-0.1051472265851723	3.01697498963876e-06	background
DNAH6	-9.555538601533897	2.9966500091659997e-06	CAP_down
CZIB	-0.1992362641537659	2.9948558160932792e-06	background
SLC6A9	0.4016094088802605	2.977862937314391e-06	background
SP4	-2.713862221966954	2.9727329535223232e-06	CAP_down
ST3GAL3	-3.608105810822334	2.966328635379067e-06	CAP_down
DUS3L	-0.8944393138856443	2.956822610798901e-06	background
ZNF397	0.0312927910392185	2.9454660771563107e-06	background
WDR55	-0.1653402114735788	2.9437519291366447e-06	background
TMEM30A	0.476692075088614	2.9351598313871122e-06	background
ZSCAN32	-0.1365505091942046	2.9003289454550785e-06	background
FANK1	-2.9036360809121478	2.893151839875064e-06	CAP_down
COX20	-2.4064667075972865	2.884750563457342e-06	CAP_down
DMAC2	0.6448665453738534	2.8580180553955766e-06	background
TMEM30B	-4.941001265299109	2.8554312224950986e-06	CAP_down
C8ORF33	-2.3402092763619837	2.796289997911352e-06	CAP_down
TMEM242	-0.5825883183621455	2.7686238264951618e-06	background
RBM11	-0.351412802749778	2.757730643992597e-06	background
RPUSD2	-2.1669191953814018	2.741164336327388e-06	CAP_down
CCDC17	5.486759068864477	2.7170855436690823e-06	CAP_up
TMEM69	0.1312195590517224	2.7170855436690823e-06	background
DDX55	-2.233446166354894	2.6713012798601063e-06	CAP_down
CCDC86	-1.1144523772878214	2.6615798347636506e-06	CAP_down
DDX31	-5.948826881916166	2.6212185738311823e-06	CAP_down
PDCD2	-1.078085243406651	2.6168802846454246e-06	CAP_down
C5ORF34	-4.482283289639963	2.6141351358953902e-06	CAP_down
UST	-8.25420812987148	2.595895977681124e-06	CAP_down
KLHL14	-0.3217217930919431	2.594494812137449e-06	background
LCMT2	-0.5572798030165933	2.592953858254896e-06	background
ZNF232	-1.5344339468082635	2.5851198650093377e-06	CAP_down
ABT1	-0.1974283837965884	2.582100104659776e-06	background
ZNF174	0.1948399949506276	2.485977025459342e-06	background
ZNF446	-0.4582686492543965	2.4855866337909035e-06	background
RBM27	-0.0852906604777196	2.4799872683255283e-06	background
RBM26	-1.8565519784448636	2.4799872683255283e-06	CAP_down
SCAND1	1.293926452296106	2.4624464358637334e-06	CAP_up
ZNF202	-2.857125102189569	2.45086998251623e-06	CAP_down
UQCC3	-0.0239221111564174	2.446082249892761e-06	background
RPUSD1	0.0716179667196533	2.442073002393576e-06	background
FRRS1	0.3426242745633989	2.4348457249750796e-06	background
TRMT2B	-3.922417726352371	2.4224167398430016e-06	CAP_down
PIGF	-0.0392164850632497	2.4011285511305177e-06	background
TSR3	0.0635649742731429	2.3893456129760695e-06	background
URB2	-2.0370144954435854	2.3798125378943216e-06	CAP_down
RAB5IF	8.444900868937456	2.3618529784210945e-06	CAP_up
ZCCHC9	0.0817277538150023	2.293176192345998e-06	background
SLC51A	13.714989193859406	2.1027807354332147e-06	CAP_up
ZSWIM3	1.0291534780022145	2.0897168258715012e-06	CAP_up
LRRC8A	-0.1134730736732469	2.087804828172668e-06	background
TRIM69	4.326934649743034	2.0832058659139556e-06	CAP_up
ZKSCAN1	0.2609030701652194	2.0233141833730944e-06	background
TUT7	2.40045890006799	1.98590835210704e-06	CAP_up
TBC1D22B	0.010494079728063	1.980784323128904e-06	background
TWSG1	0.5041486259547617	1.974039263427348e-06	background
ZNF766	-0.5141176209602026	1.894461674130878e-06	background
UQCC2	-1.3362811548719442	1.839248866869319e-06	CAP_down
ZNF579	-1.9788601364746643	1.7800458285424263e-06	CAP_down
CSGALNACT1	1.4777071931972956	1.762941602651291e-06	CAP_up
CSGALNACT2	9.138427483910304	1.7531266497325448e-06	CAP_up
CCDC137	-0.3141144435560418	1.749658219836846e-06	background
ZNF213	6.216774778787311	1.6643487818812579e-06	CAP_up
ZNF483	-9.232176574125155	1.6606086879339352e-06	CAP_down
ZNF37A	-2.9744715954928544	1.6397130539648747e-06	CAP_down
SRRD	-1.017500678345581	1.564453850005424e-06	CAP_down
ZSCAN21	-0.7370729158078515	1.482367220119753e-06	background
ZNF500	-2.917796653282994	1.4727325947755537e-06	CAP_down
ATP11B	4.239122876569808	1.448573796222689e-06	CAP_up
ATP8A2	-8.346668268755964	1.4482005899670961e-06	CAP_down
ATP8B2	-3.213681566242952	1.447749963492572e-06	CAP_down
ATP8B4	7.055514012580223	1.4474894461295788e-06	CAP_up
TMEM177	-6.445698562680618	1.4423748768769013e-06	CAP_down
DMAC1	-4.002839688270976	1.429008671536747e-06	CAP_down
ZNF394	0.664701561306013	1.3856115576002057e-06	background
ZSCAN18	-6.472384318834935	1.3113382364368838e-06	CAP_down
ZNF277	-0.0738726402623212	1.3084396445382575e-06	background
ZNF302	-4.690629829818596	1.2964765183919051e-06	CAP_down
ZKSCAN5	1.0936656973305658	1.2925594813237453e-06	CAP_up
ZSCAN9	-0.949943260591291	1.2427928694157785e-06	background
CHPF	0.2505760246763854	1.0012215574896062e-06	background
KNOP1	-3.306217943336808	9.90407473524109e-07	CAP_down
CHPF2	4.193298521986917	9.69818300163536e-07	CAP_up
ZNF791	-0.0096225893642325	9.472302158112414e-07	background
ZNF431	-4.87763848901284	9.472302158112414e-07	CAP_down
DTWD2	0.1989428573283232	7.850331327679579e-07	background
DTWD1	-1.2200729150358738	7.799334303452706e-07	CAP_down
LRRC8C	-0.1275552619953562	7.293771364355327e-07	background
LRRC8D	-0.0034272044839015	7.075842465629693e-07	background
LRRC8B	-0.0112312510855307	6.231021104184704e-07	background
IQCK	-2.734308477577528	4.952056201944725e-07	CAP_down
CMTM4	2.4690104926496006	4.266250143993277e-07	CAP_up
CMTM1	4.983346299721385	4.056675094336219e-07	CAP_up
CMTM2	11.73116025513736	3.7188838671968684e-07	CAP_up
CMTM8	-0.2229633233486556	3.5780429535558475e-07	background
CMTM6	3.906429865658848	3.532819480854043e-07	CAP_up
CMTM7	0.9030760214069276	3.472437511416953e-07	background
CKLF	4.030151572016569	3.4331564961917105e-07	CAP_up
CMTM3	1.058937795132375	1.868426525765063e-07	CAP_up
PLLP	-6.283578198339928	9.472664104575814e-08	CAP_down
MYADM	4.599013921943304	4.736299961353353e-08	CAP_up
ZNF813	-3.87698789655272	0.0	CAP_down
SULF2	-0.6211291059380931	0.0	background
SUSD2	-0.0841524378723461	0.0	background
ZNF668	0.3065196084089591	0.0	background
ZNF667	-6.888830933061084	0.0	CAP_down
GPR141	12.545867201444544	0.0	CAP_up
GPR108	3.7525948361558297	0.0	CAP_up
GPR107	1.515127510118364	0.0	CAP_up
HECTD4	-0.0175571881356289	0.0	background
ZNF654	0.6558423753629317	0.0	background
ZNF653	-0.3878142257648137	0.0	background
ZNF568	-6.367038308066322	0.0	CAP_down
TRIM74	-3.4177205623511067	0.0	CAP_down
TRIM73	-3.4177205623511067	0.0	CAP_down
PSD4	0.2419740564381971	0.0	background
DTD2	-3.5909871313010844	0.0	CAP_down
DRC7	0.7633845687617392	0.0	background
ARHGAP42	0.0065159048707723	0.0	background
WDR54	-2.8623220216342826	0.0	CAP_down
MID1IP1	1.924792788666692	0.0	CAP_up
CDHR2	0.6322844084100515	0.0	background
REX1BD	-1.596114903229093	0.0	CAP_down
RFLNB	3.1508496331542104	0.0	CAP_up
DPEP3	0.7681946291435127	0.0	background
DPEP2	0.0006157524307802	0.0	background
TSPAN13	-2.058627181257377	0.0	CAP_down
CLIP4	-2.369365910582702	0.0	CAP_down
MEOX1	-1.0955716891414653	0.0	CAP_down
WFDC3	0.5108748442404916	0.0	background
MFSD11	0.9348863389281544	0.0	background
MFSD6	-1.670654749452028	0.0	CAP_down
RNF130	5.641698808587975	0.0	CAP_up
RNF24	13.13704959628353	0.0	CAP_up
RNF220	-0.6497794997831522	0.0	background
PRR7	1.1720852558833497	0.0	CAP_up
PRR4	-1.9985659398976143	0.0	CAP_down
TMEM87B	0.1030506743169311	0.0	background
RTL8C	0.1547578266197014	0.0	background
RTL8A	0.5986225883270913	0.0	background
RTL6	-6.301910510188842	0.0	CAP_down
CCDC51	0.2748075150327176	0.0	background
CCDC50	-4.807564659994184	0.0	CAP_down
CCDC28A	4.325404270467851	0.0	CAP_up
TMEM79	1.3911965037891414	0.0	CAP_up
TMEM38A	6.269500313485881	0.0	CAP_up
ELF4	3.597572931935249	0.0	CAP_up
METRN	-2.378386064689832	0.0	CAP_down
RSBN1	0.4492468401687098	0.0	background
RPS6KL1	-2.8957690247037986	0.0	CAP_down
SALL2	-7.392042564266037	0.0	CAP_down
CCDC136	-9.015019036531132	0.0	CAP_down
MACO1	-0.1636913838755227	0.0	background
EPB41L4A	-8.565348142797843	0.0	CAP_down
ADAMTSL4	2.5084447012139823	0.0	CAP_up
ADAM28	-4.513975259008925	0.0	CAP_down
WWC3	2.559543614363492	0.0	CAP_up
ENTR1	-2.7623262179179093	0.0	CAP_down
EMP1	-0.0290427379164121	0.0	background
MATN1	0.1026563394048169	0.0	background
MAST3	1.3745929337360532	0.0	CAP_up
ELMOD3	0.3901338888133779	0.0	background
ELMOD2	2.007784326665728	0.0	CAP_up
RGPD4	-0.0195301211822461	0.0	background
ARHGAP15	0.6063018498834061	0.0	background
TOX2	0.0105770453257146	0.0	background
TPRA1	0.017934957488573	0.0	background
CEMIP2	3.3157745326620827	0.0	CAP_up
RBPMS2	-0.0252069281343991	0.0	background
CEACAM19	0.0043106759375938	0.0	background
CDRT4	-2.870501104919771	0.0	CAP_down
CDNF	-5.76760458684631	0.0	CAP_down
CDKL1	-0.1545464246658388	0.0	background
RDM1	-0.4255227200020641	0.0	background
WDR49	-2.551156599327273	0.0	CAP_down
WDR47	2.1934752805862985	0.0	CAP_up
WDR27	-6.251061637496091	0.0	CAP_down
TMEM176B	-0.0099970305266223	0.0	background
S100A5	0.4367577688706109	0.0	background
CLIC3	-9.038716821151054	0.0	CAP_down
NEK4	0.0218495828179669	0.0	background
NEK3	-0.6135857344590295	0.0	background
NFAM1	6.712704015196891	0.0	CAP_up
NEURL2	-0.3596153363773435	0.0	background
UPK3A	-3.375473962443617	0.0	CAP_down
CNTNAP3	6.51032129802663	0.0	CAP_up
CCDC85C	-5.243269895178113	0.0	CAP_down
EVA1B	1.602785288647975	0.0	CAP_up
TMEM176A	0.1447147651469277	0.0	background
CBLN3	-0.4816834184365318	0.0	background
SCAMP2	1.104954845206941	0.0	CAP_up
LSR	-3.6349085743516936	0.0	CAP_down
LYPD2	-19.03472242221877	0.0	CAP_down
LY6G6F	0.1193122017064724	0.0	background
LY6G6C	11.92154562157384	0.0	CAP_up
LY6G5C	0.6691191155367777	0.0	background
LXN	2.9272841423085985	0.0	CAP_up
TMEM218	-1.1636038208519348	0.0	CAP_down
TMEM191C	-1.2291721174820398	0.0	CAP_down
SASH1	-5.293238945765499	0.0	CAP_down
TMEM185A	-0.0357096927334511	0.0	background
PRDM8	0.0356978575496197	0.0	background
NHLRC4	-0.9320791398712276	0.0	background
NLN	-0.3317792235397718	0.0	background
UNC50	0.185859969763818	0.0	background
LRRC61	1.7952207232832305	0.0	CAP_up
LRRC58	-0.6233233901137094	0.0	background
LMBR1L	-0.0004621481730969	0.0	background
LMBR1	0.098238985641628	0.0	background
SERINC5	-3.877629997833593	0.0	CAP_down
SERINC3	2.2837061710486206	0.0	CAP_up
SERPINI1	-0.026962858459761	0.0	background
CAMSAP2	-2.487113071822441	0.0	CAP_down
SFMBT2	-3.1171633721204564	0.0	CAP_down
LRRC25	5.241418020938314	0.0	CAP_up
LRRC20	-0.1965892981209615	0.0	background
LRP2BP	-0.3980135812185977	0.0	background
LRP12	0.107924669250936	0.0	background
LRP10	8.835415493736338	0.0	CAP_up
TM6SF1	5.109568575144067	0.0	CAP_up
TM2D2	-0.0214955044906029	0.0	background
TM2D1	-0.0446232853720079	0.0	background
ARMH1	-0.8073684968841263	0.0	background
SIGLEC6	-8.595729307328915	0.0	CAP_down
C19ORF44	-1.0289182326805668	0.0	CAP_down
C15ORF61	-1.931319363630702	0.0	CAP_down
C2ORF92	-6.37433532089206	0.0	CAP_down
ZBTB45	0.0259308756636871	0.0	background
LANCL2	-0.5729469912392355	0.0	background
LDOC1	-4.030264654496121	0.0	CAP_down
LCN10	-1.5900533471923048	0.0	CAP_down
FAM229B	-5.435998505997104	0.0	CAP_down
FAM220A	0.0462150188986821	0.0	background
FAM209A	4.264942981352252	0.0	CAP_up
LGR6	-9.40423364571857	0.0	CAP_down
FAM136A	-0.5326321608071833	0.0	background
LHFPL6	4.624697954131034	0.0	CAP_up
LMLN	-4.979671063436543	0.0	CAP_down
C9ORF85	-0.6449572440555746	0.0	background
SHOX2	8.59512878728603	0.0	CAP_up
ULK4	-0.6015608969181198	0.0	background
DMKN	-5.832443810348862	0.0	CAP_down
PPP1R14B	2.4480561181713685	0.0	CAP_up
TTC3	-4.221453476401775	0.0	CAP_down
TTC23	0.0047500635367887	0.0	background
TTC12	-6.638785000272926	0.0	CAP_down
C6ORF89	0.7777714861221148	0.0	background
C3ORF38	0.1272825316123288	0.0	background
C1QTNF6	-1.6631360528024155	0.0	CAP_down
C1ORF226	14.112860915549064	0.0	CAP_up
C2ORF42	-0.1736915939878039	0.0	background
SLAMF8	0.0220142205775075	0.0	background
C1ORF116	0.0318665430907919	0.0	background
SLC22A16	2.3636229661871515	0.0	CAP_up
SLC18B1	-3.069165412531473	0.0	CAP_down
SLC16A10	-16.543384827428135	0.0	CAP_down
SLC15A4	4.097433501844853	0.0	CAP_up
C10ORF143	-8.177828967224125	0.0	CAP_down
BZW2	-0.8928526331692814	0.0	background
BZW1	1.2500793704588218	0.0	CAP_up
ZC4H2	-3.4852805198858734	0.0	CAP_down
KRT73	-14.895171924124352	0.0	CAP_down
KRT72	-12.252060809552107	0.0	CAP_down
FAM81B	-0.0239542472946646	0.0	background
FAM72B	2.423622093728382	0.0	CAP_up
USP32	7.29858861910019	0.0	CAP_up
NAV2	0.0733226189196864	0.0	background
PTGR2	-4.68456016441578	0.0	CAP_down
PTPRN	1.4443290294293447	0.0	CAP_up
MYO7B	2.5136186156874687	0.0	CAP_up
DYTN	1.382138144366987	0.0	CAP_up
DUSP23	0.0034894066836026	0.0	background
NAP1L3	-4.656213496643096	0.0	CAP_down
NAP1L2	-4.029870594512661	0.0	CAP_down
RBM43	-0.1884551515640034	0.0	background
WDFY4	0.3366840621158091	0.0	background
MN1	0.0400309070752717	0.0	background
MPC2	0.9345861128827112	0.0	background
FCHSD1	0.1388764951109631	0.0	background
KLF12	-11.16771436201661	0.0	CAP_down
ZFP62	-4.988424448010508	0.0	CAP_down
ZFP30	-6.2105644219746665	0.0	CAP_down
TSPAN4	-2.876295709847181	0.0	CAP_down
POPDC2	-1.6796696702145566	0.0	CAP_down
DISP1	-6.182552655041607	0.0	CAP_down
NOTCH2NLA	0.9306463986135584	0.0	background
ZDHHC4	-0.0569205860407634	0.0	background
ZDHHC23	-3.4212316147183808	0.0	CAP_down
STARD7	-0.102323088060826	0.0	background
KLK1	-0.5201876615688917	0.0	background
FBLN7	-5.634673307567402	0.0	CAP_down
JPT2	-1.7755272419449648	0.0	CAP_down
JPT1	7.689284957900027	0.0	CAP_up
FLACC1	-0.0928389678753696	0.0	background
FGF11	0.1628786678237387	0.0	background
KCNK7	1.977303562891326	0.0	CAP_up
KCNK6	0.0336487148191445	0.0	background
SLC23A3	0.1361216268428914	0.0	background
SLC25A14	0.0313499747140973	0.0	background
SLC26A1	-0.6579913044133562	0.0	background
BTBD7	-0.0047778479822297	0.0	background
SLC2A9	-0.058981952570457	0.0	background
SLC2A6	-0.0209440289950941	0.0	background
KCNK13	0.6610352280746337	0.0	background
KCNK12	-2.283419828706033	0.0	CAP_down
KCTD21	6.018091484048946	0.0	CAP_up
KHDC1	0.0047191946510299	0.0	background
FOLR3	21.7050969908494	0.0	CAP_up
ITPRID2	5.402527540000141	0.0	CAP_up
ITM2C	-0.012780730176053	0.0	background
SLC6A16	-0.3829443362720953	0.0	background
SLC6A13	0.7921331656163226	0.0	background
SLFN13	-1.5203811772072997	0.0	CAP_down
SLFN12	2.7806123745914557	0.0	CAP_up
SLCO4C1	5.611995622195123	0.0	CAP_up
SLCO4A1	8.771469327681078	0.0	CAP_up
SLCO3A1	5.56015949475941	0.0	CAP_up
SLC9B1	-3.684279857994046	0.0	CAP_down
THAP8	0.0941698184266844	0.0	background
TBC1D3	0.9756554284493508	0.0	background
DHRS7B	4.441134144819475	0.0	CAP_up
NRROS	-0.6052936351237386	0.0	background
NRIP3	0.1972348568587604	0.0	background
PLCL1	-0.3626127699516387	0.0	background
CPM	0.0066209829353996	0.0	background
TBCK	-0.1197008467954882	0.0	background
PLGRKT	0.9389687253084266	0.0	background
PLGLB1	-0.1198410091811952	0.0	background
ANO2	3.244054047455078	0.0	CAP_up
TVP23C	-1.9576347256147733	0.0	CAP_down
TVP23B	1.3871651671277945	0.0	CAP_up
FUOM	-3.1356884395001456	0.0	CAP_down
FOXJ2	0.3071977115644148	0.0	background
FOXD4	1.1072390450961245	0.0	CAP_up
ZNF211	-2.273774446651952	0.0	CAP_down
ILDR2	-0.1017851478593805	0.0	background
ILDR1	-0.1249101713057894	0.0	background
ZNF200	2.029293175105209	0.0	CAP_up
SMYD5	-4.395918753475887	0.0	CAP_down
ZNF169	-2.47134151678136	0.0	CAP_down
ZNF16	-1.8729049398681656	0.0	CAP_down
ZNF155	-0.2728488880164646	0.0	background
INSL3	16.409996065948683	0.0	CAP_up
GALNT14	19.420977726868184	0.0	CAP_up
PDZD4	-8.21643429654595	0.0	CAP_down
BRI3	11.74802381667154	0.0	CAP_up
SMYD4	-4.667849514811567	0.0	CAP_down
PEAR1	0.5092869441709549	0.0	background
ZNF264	-1.3607154151394931	0.0	CAP_down
GIPC3	-0.0568079244360558	0.0	background
IER5	0.3771668385603962	0.0	background
IGFLR1	0.1150119642775865	0.0	background
ZNF253	-8.086998001030096	0.0	CAP_down
SNX22	-1.067678246848516	0.0	CAP_down
BLMH	-0.3383100545873059	0.0	background
BLCAP	-2.0267458862500702	0.0	CAP_down
TESK1	-0.6473211775367852	0.0	background
ZNF236	-1.3514974297261289	0.0	CAP_down
ZNF234	-4.607711931778154	0.0	CAP_down
ZNF23	-4.76742847870919	0.0	CAP_down
ZNF222	1.675762755819781	0.0	CAP_up
OGFR	2.5730930849962004	0.0	CAP_up
SPAG16	-8.81353170894567	0.0	CAP_down
SP140L	-0.926820678309617	0.0	background
SP140	0.0358873099309001	0.0	background
SPATA32	0.2083411310943045	0.0	background
BCDIN3D	0.1108743332653801	0.0	background
BBX	0.1377502906833969	0.0	background
SPOCK2	-6.909185995357732	0.0	CAP_down
HSDL1	0.0928643164860192	0.0	background
GMCL1	0.3724751980564322	0.0	background
HYLS1	-0.3194114497636497	0.0	background
ZNF320	-5.282101896125753	0.0	CAP_down
ZNF317	-0.2607587179517932	0.0	background
CYB5D1	2.0847464460793783	0.0	CAP_up
ZNF28	0.0757668260902246	0.0	background
ZNF362	-1.12699487158727	0.0	CAP_down
ZNF347	-2.931781956323966	0.0	CAP_down
BEST4	-0.0364945507521142	0.0	background
BEND5	-2.7410701119559224	0.0	CAP_down
SPAG7	-0.0397102191959621	0.0	background
TUSC2	1.4896788004204424	0.0	CAP_up
CRIP1	-3.4383595797235094	0.0	CAP_down
PINLYP	-0.0216521812213471	0.0	background
PIM3	7.871162400674459	0.0	CAP_up
PITPNB	-0.0872099449954247	0.0	background
PKD1L1	-0.0814910072000433	0.0	background
NTNG2	14.574328918307286	0.0	CAP_up
NTN5	-6.230986309864861	0.0	CAP_down
NUDT7	-1.7506790096064138	0.0	CAP_down
NXPH4	-5.6618678820358825	0.0	CAP_down
MPC1	0.0808040468293566	0.0	background
ADGRE1	2.749950817008043	0.0	CAP_up
MTFR2	3.3019203995407587	0.0	CAP_up
CYB561D1	-0.3651600647442186	0.0	background
AGBL5	0.3703847053123287	0.0	background
AGAP6	-7.84883935586279	0.0	CAP_down
AGAP4	-4.497929267270016	0.0	CAP_down
AGAP3	-1.1770079224455592	0.0	CAP_down
PSD	-1.7495526653467897	0.0	CAP_down
ZNF805	-2.3905975239955097	0.0	CAP_down
PTPRN2	3.5718466025106284	0.0	CAP_up
ZNF799	-0.1757554369134273	0.0	background
TAS2R41	-0.339781406104343	0.0	background
CHI3L2	-0.8377956273700897	0.0	background
QPCTL	0.1913310133656678	0.0	background
DDX43	-0.7650274386223227	0.0	background
OSCP1	0.0744628816183206	0.0	background
OXR1	0.1020310635617134	0.0	background
CRYBG2	0.7697173128213478	0.0	background
HPGD	1.0108302995978196	0.0	CAP_up
HPCAL4	-10.618887996154402	0.0	CAP_down
HP1BP3	-0.3697068076080733	0.0	background
ZNF416	-2.13768452916687	0.0	CAP_down
ZNF407	0.0355324632143944	0.0	background
ZNF76	-1.2348118671432196	0.0	CAP_down
ZNF524	0.7154509014409927	0.0	background
ZNF470	-3.275311375402305	0.0	CAP_down
ZNF468	-0.0027273729165296	0.0	background
ZNF816	-0.3516707207960401	0.0	background
SPOCD1	0.1293322819934922	0.0	background
SPIRE1	-0.2004130043488804	0.0	background
PHF13	1.250899037631363	0.0	CAP_up
PHTF1	12.89893658108533	0.0	CAP_up
ANKRD36B	-5.551231036257105	0.0	CAP_down
ANKRD36	-5.094238802372772	0.0	CAP_down
TCAF1	-4.182137096883294	0.0	CAP_down
STK32B	0.0935516546940428	0.0	background
ZNF615	-0.1733590626303099	0.0	background
ZNF613	0.3221249244095009	0.0	background
ZNF605	-2.1957368718981884	0.0	CAP_down
HILPDA	-0.1831815021995776	0.0	background
ZNF586	0.2910271393133209	0.0	background
ZNF582	-4.042550824323393	0.0	CAP_down
ZNF570	-5.090931978588875	0.0	CAP_down
ZNF844	0.0846972050856883	0.0	background
ZNF566	-7.395807872389422	0.0	CAP_down
ZNF562	-0.354788478227586	0.0	background
ZNF561	0.9963821914886408	0.0	background
ZNF549	-8.44408835376689	0.0	CAP_down
ZNF525	-6.092728706026271	0.0	CAP_down
ADPRHL1	0.6744178893645484	0.0	background
PTPN20	-3.2313689979439912	0.0	CAP_down
QSER1	-0.6434597731448658	0.0	background
APOBR	11.783244081673104	0.0	CAP_up
CGRRF1	0.5784020288050876	0.0	background
RASL11A	1.261888934839691	0.0	CAP_up
ZNF773	-3.454886627937021	0.0	CAP_down
ZNF772	-1.773931854858102	0.0	CAP_down
ZNF77	-3.246126379648276	0.0	CAP_down
ZNF75D	-0.2252307963059521	0.0	background
PRRG4	9.2434685708972	0.0	CAP_up
ZNF749	-7.196090404461934	0.0	CAP_down
ZNF737	-7.0985653183464255	0.0	CAP_down
ZNF701	0.2664579900893236	0.0	background
ZNF624	-0.2430493861356422	0.0	background
AMIGO1	-10.720561374595794	0.0	CAP_down
PCDHGA9	-2.2460529315127995	0.0	CAP_down
PCDHGA5	-1.999821025018167	0.0	CAP_down
PCDH12	-0.490778670541305	0.0	background
DDHD2	-5.473718397339261	0.0	CAP_down
DDHD1	-3.028278232583912	0.0	CAP_down
DCST1	0.4493970372389029	0.0	background
PCSK7	-3.7647285715380834	0.0	CAP_down
ANGPTL6	-1.8369548611888264	0.0	CAP_down
PDZK1IP1	-2.965478971903206	0.0	CAP_down
ZSWIM1	0.9114630551055836	0.0	background
